# Format: McCode with text headers
# URL: http://www.mccode.org
# Creator:  3.99.99, git
# Instrument: Minimal.instr
# Ncount: 1000000
# Trace: no
# Gravitation: no
# Seed: 1779983650797574
# Directory: example_dataset
# Param: lambda=2.5666
# Param: R=0.87
# Param: R_curve=0.87
# Param: filename=Na2Ca3Al2F14.laz
# Param: D_PHI=6
# Param: SHIFT=0
# Param: PACK=0.7
# Param: Dw=0.8
# Param: BARNS=1
# Date: Thu May 28 17:54:12 2026 (1779983652)
# type: array_2d(128, 128)
# Source: PSI_source (Minimal.instr)
# component: PSDmon
# position: 0 0 1.52
# title: PSD monitor
# Ncount: 1000000
# filename: PSDbefore_guides.dat
# statistics: X0=-0.000156991; dX=0.587296; Y0=-0.0040872; dY=3.50886;
# signal: Min=0; Max=289958; Mean=155232;
# values: 2.54332e+09 2.54334e+06 1e+06
# xvar: X 
# yvar: Y 
# xlabel: X position [cm]
# ylabel: Y position [cm]
# zvar: I
# zlabel: Signal per bin
# xylimits: -1.25 1.25 -6.25 6.25
# variables: I I_err N
# Data [PSDmon/PSDbefore_guides.dat] I:
0 0 0 0 0 0 0 0 0 0 5023.588532 2517.506536 12579.30575 0 0 5025.242866 2513.928532 7549.798559 12570.9878 5014.54804 2530.190796 7517.442346 2511.788297 5032.715475 7546.691284 2521.786201 7515.778455 2520.960566 5012.724579 5028.156183 0 0 7548.174513 0 2521.640644 2501.271121 0 10038.61952 5030.104624 2520.681502 5046.442212 5007.916086 2510.302262 7541.933945 0 7533.290117 0 2513.514334 2508.094165 2513.821466 2506.908423 2513.06433 7545.673893 2504.323456 7547.037685 5026.273661 5032.202301 5028.572989 10056.81036 2513.251712 2524.345949 2509.423664 2520.749368 2509.782171 5041.386296 10053.09273 7530.517148 5010.530236 5022.996537 7529.128525 2518.797425 0 5012.849154 15056.97358 7521.626749 0 5026.066612 0 0 2521.789707 2512.379316 0 5030.98201 5024.28352 0 0 7543.430248 2522.222161 10061.48605 10057.34907 2505.653599 7539.757449 2516.736409 7558.878982 2495.549625 7551.408532 7529.43468 5022.498269 7535.065208 5032.023552 5021.495066 10084.67756 5028.575401 0 2509.569037 10071.24472 5040.327293 7542.394882 2501.018475 15063.19581 7558.109686 2505.71206 2516.569047 7539.095055 7556.279984 0 2514.18654 2504.433011 0 0 0 0 0 0 0 0 0 0 
0 0 0 0 0 0 0 0 7541.942479 15099.71384 22665.76592 30228.01683 37885.61709 27771.2311 63132.64425 50475.5241 73156.62545 78156.81479 85832.55243 68261.53622 78199.45478 53020.33143 73237.75938 65685.43656 60566.80101 70659.72206 103505.0988 75796.75249 55515.89397 88292.63133 73261.964 80830.30263 58016.95057 70658.93437 53029.30452 42932.31519 65634.74533 55565.40903 85862.67354 103593.1849 55590.97961 55543.34858 88287.09535 68180.5496 60581.47428 65625.80341 85872.77421 93521.37434 55543.29217 68228.5524 70772.22723 108750.161 88392.76829 58030.5713 75730.77657 93525.3985 73223.19097 73242.71458 85883.3567 98469.00478 98445.45274 48007.43557 50513.92668 78418.08908 75765.91844 45500.8324 70677.62911 75768.36175 85854.44872 60679.38127 90911.02777 88457.46085 75784.5325 88443.85483 70820.88705 68144.56933 80872.07236 75749.90818 73307.41944 118598.6751 65663.1506 68127.70185 63141.18433 91023.86796 65666.34654 58134.65299 75701.32372 88416.49725 101081.6029 70802.09987 78292.81865 73181.23439 68180.59343 88399.25966 65699.82841 91059.86314 63214.86417 70749.31572 68233.03735 68221.01698 78497.17272 60626.24145 60609.53158 70750.44048 65691.44424 55548.09795 93414.03752 80790.07368 42924.32821 70833.26939 83422.81861 65538.21716 58034.12621 70661.40261 40321.90841 47954.54555 30300.86864 35230.00006 17685.66512 5020.654713 0 0 0 0 0 0 0 0 
0 0 0 0 0 0 0 0 17775.60093 17682.88625 63334.17471 88722.9088 83564.02168 137134.0575 144742.9228 157204.3265 180176.8103 159836.9288 167355.3808 154666.0386 152147.733 149719.4163 195104.1642 129290.5566 144499.8526 126631.0918 149790.8738 157170.7183 172312.9876 139401.1791 144592.5155 137035.6234 134520.878 149571.4732 167476.9128 180142.2939 162281.7061 167318.029 190185.3301 129346.0638 139644.2969 180056.4923 149747.811 172436.9415 200312.618 169818.2609 139340.7765 152011.5039 164972.5063 162357.4049 205435.8128 159619.2117 174772.5238 129264.1427 197976.8422 154912.463 195358.6843 169976.4954 154749.7892 152154.4677 154800.4568 144631.1812 131815.5794 170028.7264 139490.0834 177532.421 144615.3677 157350.6374 162358.3399 149745.9993 152183.1628 177268.3443 131920.571 172336.4338 126946.3197 169861.3407 172571.4548 169899.5436 154604.134 162449.0026 144656.759 147168.9932 157258.4477 169743.1135 147158.7411 144716.3588 169918.5926 129434.5891 157183.9667 162312.5234 159757.667 159673.6042 164756.8127 159718.5095 180059.7683 174846.6506 179882.7855 149526.2052 139363.7425 141992.551 175141.8998 124360.4911 180218.9596 157324.088 180097.152 157369.766 149614.5691 167301.3361 154643.2255 200497.1757 175074.0014 187739.0189 136945.4063 98980.99184 96452.15896 108871.067 50650.1361 55689.93727 20184.57308 10093.52676 0 0 0 0 0 0 0 0 
0 0 0 0 0 0 0 0 17768.77254 32875.77465 91225.94052 63536.29006 106591.4253 108903.3796 119388.5037 180300.9345 170063.6295 185330.9829 192989.9013 190258.6042 162375.2024 175200.6255 228384.3016 215745.0136 197853.4108 236137.2585 215784.2384 185357.4366 182489.0365 231043.7518 177733.8556 192863.6793 215973.0855 195632.2282 164817.3629 200497.4282 182723.7505 192961.1117 210681.8065 218225.2008 177674.0829 175029.2507 172448.6386 182872.9958 220921.3018 200413.2668 200480.6616 169986.4524 205726.2652 190120.6859 190361.7321 154904.221 225897.6341 195738.9822 203167.529 233645.921 162308.4854 177613.0887 220671.0624 200540.7584 159983.6917 208233.4664 202928.9359 187946.6886 187878.6618 162350.9907 218116.5378 177753.6152 197970.862 190563.7022 202910.5184 185206.7041 251384.7016 215984.1896 220846.8059 205510.0411 202930.3875 167261.0332 226088.8984 167488.9665 182694.4956 195519.9973 175140.5529 202931.2931 223583.177 213165.6678 228655.7634 192897.7333 190555.8909 177627.7738 203136.7009 139595.4257 228550.789 200502.5969 187940.409 195283.4662 187920.6888 172697.0596 215767.7091 164957.276 210687.9131 238689.4595 233428.9835 223447.3133 203225.9047 197981.4685 243825.3777 177811.7879 182741.8811 185314.3838 192746.2097 228423.1069 170131.7203 137007.1407 98967.06262 108993.3345 93928.86615 71023.76884 48045.19201 12593.91452 0 0 0 0 0 0 0 0 
0 0 0 0 0 0 0 0 17696.42806 37996.52708 73569.6378 99069.18951 119328.725 129402.7824 132268.8258 187848.8775 195400.795 218235.049 223220.7031 172421.1525 220862.9508 187775.406 182796.3703 213353.8839 205573.6606 236210.9131 177777.4811 197953.8223 225932.3429 182652.0269 208037.7501 223344.4979 185343.0644 197926.7066 236093.7059 170161.5321 202935.6499 172592.13 180216.6953 210770.6858 210746.3105 210537.0484 238308.4226 187968.4912 213325.7505 246397.392 215901.79 208052.5245 225818.4681 185294.1501 172603.9218 167425.0107 225852.2617 228284.988 197999.5289 185467.1836 172730.7255 198101.1899 170039.868 200494.8608 182727.5813 213220.9531 172785.5824 218379.8224 157341.2474 193137.1364 185374.4273 208421.5748 200823.5227 177666.7165 167718.5708 225910.0047 167743.6667 185177.0015 195568.039 187824.7814 203219.4981 238700.1097 203157.5075 215786.6465 197769.3164 165190.4233 225737.9134 200395.9018 208087.1631 170040.3249 208198.7211 200462.8526 185532.5077 251264.2699 180444.4406 160236.4995 180072.9992 246272.2614 203153.9084 177835.811 187775.4779 212935.8497 167669.1523 185433.5322 160013.9111 200582.6761 170195.9168 175288.0968 203161.2643 197852.7965 213474.35 215759.7118 205775.322 187743.0055 187716.9804 185355.4962 177626.3697 157489.2889 132010.6922 124404.7691 96403.46543 43150.77413 35398.92545 7562.839618 0 0 0 0 0 0 0 0 
0 0 0 0 0 0 0 0 17641.41113 35472.817 86240.33092 91157.9622 103990.7031 129395.2753 144700.6701 165005.1125 149673.373 170124.8471 253971.0486 215899.9615 223323.5605 177891.7672 200606.7973 182733.954 190290.9131 187898.6948 165033.6085 170249.5064 195445.7073 190153.3081 218342.8648 170270.6887 154777.1133 182768.1217 220856.7133 195757.3576 167594.0114 233751.6597 154772.2676 251239.7359 182832.923 192978.8077 213341.4447 225960.8595 185196.9939 210739.4786 175117.4413 197914.0281 200653.674 177834.5671 205690.2151 170205.9328 193216.9361 195529.447 180170.7059 164728.9987 177775.0064 177518.4339 210769.4369 221183.0453 203187.0165 223435.0495 218343.4869 205635.5543 205733.9386 192855.982 198050.5604 159957.6257 185352.9994 180200.5298 210756.5406 200668.0868 187788.654 200486.6382 167620.067 200833.3134 220783.9097 220980.0655 213237.824 170242.7901 233560.8759 177788.7743 218273.0084 215735.3055 177569.9633 223744.6741 182961.0487 210823.578 226026.7801 203148.9689 205706.6964 167536.3245 170121.1664 218417.6244 193271.5009 205898.9417 193007.4189 185372.4433 192707.1965 205670.6146 195436.6382 213291.3872 180250.3212 190531.8596 164980.3157 238603.8542 210634.5515 215771.3524 177708.8604 197973.3311 213258.4591 192978.5881 149711.4573 134653.0873 91338.23962 127003.067 78678.17866 65903.28928 38033.21549 5078.123181 0 0 0 0 0 0 0 0 
0 0 0 0 0 0 0 0 25299.4416 25372.31825 101337.7618 78576.64082 121753.0301 157431.7366 131998.9783 159885.0598 167654.7933 187891.9729 226118.0927 213287.9619 185447.2035 154979.7707 134615.1831 172668.4529 182882.5134 165095.6739 172730.1942 198150.4039 193106.3453 223603.213 182724.7083 226196.6083 225955.603 203039.7328 200631.6958 185140.1658 208176.0663 208123.8144 190529.0762 223389.1519 218620.2794 223439.0193 172606.9889 149833.835 180384.2751 195513.707 208287.1037 226196.6076 195456.2637 208373.1121 152526.3733 248797.8936 203304.1617 167464.8015 157475.0875 208082.7729 182871.6444 190410.707 167656.0138 208174.9059 205771.0097 213291.9331 249027.3594 172697.2863 208153.8653 192953.1243 225908.7776 195417.5803 188085.5841 182674.944 187887.995 203091.7826 205888.6396 182845.3233 193003.612 170248.5217 192881.3753 167445.7643 177514.8257 205855.6753 192980.9758 190784.4396 164853.2492 213305.7994 167612.1907 238533.2663 218241.7299 198262.0014 175087.5592 198210.2048 220784.717 197956.4159 205829.4283 233913.9749 190511.4386 195450.6546 193251.635 160216.1469 162519.46 157421.4502 215845.0471 208251.8946 200609.376 157254.3365 223632.8905 200609.19 218317.1214 190352.6018 213315.7673 200647.3776 172726.7069 213249.4808 198060.0847 111799.6124 121886.4502 104110.076 91103.74035 68600.3503 37946.53388 12586.37969 0 0 0 0 0 0 0 0 
0 0 0 0 0 0 0 0 17726.32023 40524.37681 83744.37838 98900.88757 106685.2995 134593.8855 185380.8803 180400.3295 205577.5732 241385.5169 175235.7205 210774.8391 170101.7497 190389.7191 172698.7276 192964.3643 203164.2701 228869.6596 203294.9082 165026.9153 162478.6371 195737.4055 205865.0037 215987.0656 221197.7822 190401.4004 233532.9672 241199.4205 210624.7467 200814.2838 221091.5769 205520.0964 233585.3957 190597.6328 185471.5492 182839.9593 175422.2749 226015.1311 198154.4779 233815.7226 203203.254 223407.8553 208026.7047 200651.2451 170146.5773 208153.1331 223616.3192 193134.3758 213532.6435 177704.2791 180418.562 233427.1962 180263.1897 203328.5083 238744.3723 192948.5666 190576.5263 258996.6108 142157.2753 195530.8816 160111.5736 162507.7425 147191.5813 210776.2233 195604.0436 208223.2181 185359.6402 215779.6488 223520.8647 182844.9526 205737.5866 177960.7824 208187.2535 223393.2886 185324.4628 231112.2485 187970.7754 182745.6696 177602.3422 200788.7672 177859.0909 170082.1087 177680.8925 180520.9851 144651.3545 205582.7905 205671.0924 167560.6482 152377.9807 208064.2378 172692.6642 213347.7836 175262.0001 203131.7994 243635.4475 177722.3911 225992.8291 182968.3881 180388.7105 170278.789 213181.3499 165216.742 248769.4553 231099.2613 185553.8121 144820.5409 134649.4558 96436.28113 91320.83873 83825.40456 43033.44724 17696.85467 0 0 0 0 0 0 0 0 
0 0 0 0 0 0 0 0 15187.79207 50674.20709 68434.96488 99006.98397 104041.5335 111621.4862 185434.8067 203196.1382 193110.4355 238613.1065 197963.575 198010.1025 215823.3673 185408.9127 188009.9309 215794.2064 157420.0753 190556.7353 165118.0714 200676.5195 226076.6757 177783.1592 233657.2402 187968.7254 210736.8704 164919.3587 220947.0935 192939.2339 195574.3426 218388.6666 198288.1003 180171.4732 193042.6012 190375.3527 203183.3644 175251.2541 200576.5867 177834.2353 157507.5598 221013.754 182783.2042 177848.6679 213095.5416 182776.8374 200862.5293 213431.9779 231064.8366 208214.6635 228557.011 208503.554 218179.5841 200873.1063 215932.7573 218568.5346 203053.8897 185600.5023 223238.8951 172715.0331 220833.3302 144887.3985 195586.9403 160082.2904 205653.1043 139695.6965 248942.6951 210840.6492 159982.4788 155142.2604 200638.7119 195659.9003 198200.0282 187744.8225 200652.1533 226219.5322 210729.7014 208309.6558 157567.0777 218467.1805 200818.577 177879.6522 187863.6217 170157.0315 185451.0514 190522.8956 223687.2787 190305.5815 170160.9658 180235.5333 157337.8743 187716.0618 210813.1024 205608.6686 198150.6124 147339.1787 220936.9117 172701.6111 243704.8566 210727.3561 200684.0019 192965.4904 205699.1967 220946.2966 208276.8944 218253.4706 223386.6668 137166.1517 154817.8944 137179.3355 81117.39538 60915.57949 27907.19305 12596.53414 0 0 0 0 0 0 0 0 
0 0 0 0 0 0 0 0 17708.2801 37934.02877 55805.94822 68602.45295 139524.0414 99085.3565 198054.3262 167533.7737 210969.8186 213385.8291 185467.7148 192960.1185 149753.5257 203092.2422 190537.2961 170136.1811 195723.7071 198051.5894 170291.248 210700.5863 147348.3418 228380.5915 218426.5204 187708.9643 198231.735 157275.8623 198054.6111 213376.7865 198079.6025 218411.4701 195569.8147 190330.9474 165087.3519 183009.4146 167667.1588 172908.043 208081.7362 195747.1758 203249.4465 215943.6752 160106.866 218384.5085 185544.6426 200661.7949 210823.9307 205782.4136 175356.1075 233853.9927 205744.0431 198129.5946 185522.4286 180555.6721 142230.1652 218267.7098 182704.0227 185229.5993 218566.7063 203275.3577 172573.5654 192818.858 218505.5206 195505.3883 203103.8329 172794.6362 175105.9453 226010.4754 241326.3519 172764.8318 197960.7129 208054.7865 200766.9882 200808.3601 248661.6569 231228.9376 180385.5843 192999.0185 170366.6744 210865.1275 203199.6764 200657.8419 182927.0291 205627.7598 147346.7042 215935.7816 221100.907 205706.195 174998.6274 183131.4397 218429.4573 205824.215 182711.4919 203232.9441 203305.8781 210901.59 178103.0363 228415.3009 231177.284 170174.2632 165162.0856 200586.9212 180239.6855 203354.4945 142254.6469 172906.9471 180417.7023 149980.1119 149745.1839 91220.60741 55828.77427 58408.93891 30396.10683 10114.83046 0 0 0 0 0 0 0 0 
0 0 0 0 0 0 0 0 15154.29422 40602.55311 32993.31878 86311.45343 111679.7674 111774.5389 137148.4707 180312.4012 205677.732 208437.3444 185422.4826 172792.3157 190538.0518 203268.6462 246590.7688 187891.777 198263.7768 187891.0168 231253.9007 175379.88 192933.3379 190548.7053 210706.2619 213242.2012 218425.103 200786.7758 167607.6672 177805.632 200552.6913 198266.8061 198222.1254 228554.905 220880.8204 167756.0783 190535.3412 241213.3889 218478.6199 195657.404 241378.1084 210725.0132 213266.0839 195589.8658 241246.4148 208368.297 183006.9265 190537.663 190523.3769 185292.0232 228724.6796 200541.8394 175344.8753 200589.5177 205788.38 208314.7105 187964.7129 215845.0335 180366.4431 226099.5365 190560.067 177817.734 230988.0129 180332.3523 200616.1858 206006.8603 210706.842 187951.4533 167609.1492 221102.6919 193142.1952 182837.4769 218340.7348 210814.5777 177809.2999 170314.0976 170124.4476 159923.6247 241546.5752 160047.6682 152464.7734 152285.2276 185501.3431 220960.8756 170113.8744 182917.4631 167695.3967 193141.8079 218401.3348 238655.0354 198087.1195 195462.1193 187975.2538 172708.643 187854.0887 218243.2207 167520.0873 193072.6704 198041.0547 218610.5499 175400.8896 200850.2713 203227.988 165248.496 190501.1437 187855.1413 190504.8502 147306.0321 154921.1387 76162.91462 83751.01354 58312.88478 50725.59058 15204.89183 2548.895543 0 0 0 0 0 0 0 
0 0 0 0 0 0 0 0 12654.80748 43062.80802 86341.7919 81180.01974 83935.61943 147534.8531 137101.789 160087.9122 197953.1348 228642.1324 172664.5131 172768.3096 203256.5545 175355.5096 198114.4352 228612.3791 167641.9052 180414.8918 205773.3822 210905.1743 210834.6337 213442.4341 238631.5074 215752.4674 185561.0448 175273.9273 226269.8747 220937.3856 175334.1047 228660.1683 187990.1924 226187.5459 188053.1789 205678.4017 190577.893 223661.7393 200673.4979 175290.7033 205860.9582 205566.1421 177686.8209 195608.3258 215984.3208 190399.1115 170270.3073 160053.6343 180455.5647 243934.2935 182797.2018 190633.9472 188108.0335 226016.0743 187993.0528 221240.0307 223548.9782 221068.069 218305.3936 233626.3108 200777.7824 223624.9662 167925.295 170177.8055 177935.3458 175141.8562 172615.0939 203414.6335 213360.7247 203202.5561 172866.2965 183035.0779 175083.1872 200859.6091 195448.484 236172.2115 223533.8374 211071.4028 226076.3005 208242.2866 208344.2434 187709.1848 172824.5402 185396.697 177891.1801 190523.0922 241445.1734 190553.1869 208295.803 134620.2982 170184.9854 175282.6233 213425.2424 182892.6184 182864.5359 218557.2836 200308.0033 215904.1313 187904.4077 256562.5511 215739.5133 193064.0144 208348.4579 223635.5406 246374.5008 190550.5162 205871.2781 159929.9574 149888.2402 116762.0876 78726.65326 58289.32299 20349.26711 20252.15787 0 0 0 0 0 0 0 0 
0 0 0 0 0 0 0 2534.159153 10107.13784 38036.17551 63339.3912 88746.80823 91405.89312 188154.1067 149775.1124 165040.2448 185548.2675 185531.3822 210942.2414 218507.6134 226161.7152 192912.0155 236471.1801 221147.1329 190592.3807 177915.8948 195614.3779 216179.9825 172669.545 210923.4861 185355.9763 215848.8178 172715.6732 203067.3619 170106.7655 210841.4334 200630.1054 197977.2429 200707.0324 182772.37 178058.6228 205672.4903 208233.7635 175315.381 190559.8451 228698.3719 231128.6127 233714.7501 205872.4893 167651.1437 221102.5299 190511.9394 198128.4714 215830.3083 210849.2685 157615.5857 182903.488 197989.0177 223526.8404 203209.455 228762.3406 200652.2955 193112.1583 187959.165 215873.1296 180399.1263 170159.729 226456.9734 200755.7128 198112.681 210920.5423 195703.1902 208408.371 208288.399 177909.185 228419.5414 215939.415 190733.9642 203319.1069 167772.8611 223659.3782 149898.4504 175181.3028 167777.3607 160053.5409 190512.1862 185590.0968 216025.8714 182791.0443 236261.4676 205976.6078 142275.103 162567.376 215873.8204 190636.5611 192947.4264 198190.9612 157626.3854 208210.3274 259172.7613 185353.5787 165204.5127 188101.7367 211132.2906 203310.3361 190520.0759 213588.4574 160008.2468 182961.6985 162571.9819 226011.3287 175239.1731 175367.2967 208297.5009 121877.0424 88920.8595 93889.49752 73597.12767 71002.08008 22797.83938 0 0 0 0 0 0 0 0 
0 0 0 0 0 0 0 0 15209.06012 40665.81208 75983.2519 81349.1359 119243.2057 114345.0473 167531.8519 167687.4696 183101.3553 213300.2698 180346.3402 205860.3506 205602.0329 238987.1244 185327.3111 190601.4445 185300.5295 231230.4109 177874.3249 221056.5164 231118.4142 160213.7754 208328.7463 241521.4534 200737.5123 200678.8094 213533.6939 157566.7716 221010.8418 188108.4015 193088.0205 175405.6828 175338.1475 205855.4656 200656.3592 172823.7694 182925.4947 175268.2395 200830.9564 177835.6633 193153.9364 170379.1238 228804.3717 172832.1036 205789.6621 205845.6072 165077.5843 198268.8269 231416.5105 203230.2919 175317.9238 167750.2516 198166.5565 238732.8192 223422.391 190719.779 200751.3176 190648.2646 162485.3444 190316.4074 215957.7103 251471.2126 190455.7885 218483.9884 177833.5181 177841.1076 198230.0749 195691.9644 200706.7072 170183.7055 213303.6389 228692.8766 208473.674 200563.8032 185641.9274 208153.4164 195599.4963 165229.6898 195718.6863 198323.7073 208331.7722 200874.2821 223715.9011 246498.3988 193010.8323 216120.8645 190499.1981 190572.9404 200601.9873 231154.4129 218424.2558 177924.5434 223414.5564 185360.1084 180123.0107 198052.1672 177917.3741 205702.1647 180621.8318 208521.7099 251551.7339 223624.3858 200612.6956 205856.6073 193155.7656 134492.1684 147372.314 124438.224 93844.31837 66030.37404 35501.55836 12663.53256 0 0 0 0 0 0 0 0 
0 0 0 0 0 0 0 0 22803.50352 38077.68408 71003.01708 83752.36489 81145.59171 127070.5461 152410.3587 195577.1167 228605.029 213563.9638 200694.2806 185419.9907 226237.6661 205748.2175 188043.821 200467.4581 167604.2339 203121.5066 170257.2205 190587.1797 218655.5055 208269.4362 216014.6828 213316.9324 187950.8632 223638.1407 180497.6125 193026.9543 142265.8222 190761.4553 180393.0384 177683.2747 187923.1674 203423.9253 218667.5867 221133.3523 210872.8716 192995.7223 193099.9162 195866.0416 157605.4601 167787.3943 177876.4586 180401.146 178006.6262 205944.5234 213488.232 215876.7047 238732.3233 228629.4603 205860.1529 213520.0315 244153.4503 177918.8705 205852.4397 203222.0228 218377.9776 157289.3718 193113.687 200836.9307 205883.5765 221051.6844 215970.3355 200679.6242 182968.9338 172671.1403 170326.402 208421.2726 165089.3635 154938.5376 210798.1454 182947.4413 210787.2752 205844.0785 165212.7935 193218.7929 231203.4032 190612.2777 177966.7037 200626.9375 187933.2142 200693.4538 193255.3678 152371.4796 193098.5701 205804.5578 239010.3489 198278.1507 182839.1638 170418.148 208380.2901 192939.0581 175243.9537 185579.8841 215901.0722 175304.0577 200650.8509 213535.1207 157539.0394 172816.7669 165305.7431 167620.0551 195779.9814 190494.8722 221011.1717 137108.0589 119375.8158 68528.69347 73571.30534 48289.14803 38074.84561 15224.23753 0 0 0 0 0 0 0 0 
0 0 0 0 0 0 0 0 12684.37749 37974.13964 60903.7293 93943.54744 96477.9226 124390.5224 142251.8043 167844.4081 198192.473 188108.8203 172791.8164 221197.5805 205766.1373 144700.871 195657.078 210911.5972 180536.5903 165197.0544 211058.6552 205928.8844 200702.7015 231289.5006 203402.7262 198312.5507 223619.0887 244033.3171 205844.0671 149886.463 177922.0917 182821.2708 228584.0454 246478.3298 203533.6071 170189.4415 165322.9201 203316.5103 205926.4939 210847.527 241301.136 183046.4395 208518.2127 177853.5045 231439.0007 213575.2986 205768.4286 165214.0253 195568.3904 198158.0671 193252.8684 238761.4715 223556.1853 180495.1553 188006.3773 198106.9262 203538.8057 190621.4233 178068.1747 198121.9603 203215.3606 190746.8332 167775.2676 221034.0805 154900.9634 198017.0585 210956.8442 193071.2251 188042.3553 180594.4726 208412.5334 185489.7201 198396.6228 223702.9258 159989.514 198213.9868 215891.5111 180466.9658 215991.5812 180388.505 206001.701 193321.4277 198209.1316 190615.7802 185589.9905 210942.6686 185596.7804 195708.309 185433.182 160087.2176 190432.9369 182817.149 208309.5413 223763.8271 160195.2882 213457.8093 208456.2589 177762.2304 226072.357 162601.5836 193220.6013 208425.7205 175461.1297 203225.8409 185291.6376 193049.5709 177904.9753 139695.7217 124586.509 96500.08617 86246.84059 65962.03543 45691.31624 30366.01961 0 0 0 0 0 0 0 0 
0 0 0 0 0 0 0 0 15222.72984 43113.7774 68488.06737 99038.20102 99070.66745 114327.6345 157557.933 157455.4545 213277.6636 175331.5881 195623.374 200846.0495 165257.828 221050.0393 233777.3734 170152.0736 216004.8942 203160.1343 185473.5524 238522.3952 203393.0911 172791.5285 167767.6739 152672.4772 208401.7045 198453.2752 175234.9241 190645.5877 147436.5022 177946.4699 221142.3446 152640.9398 223630.0582 223759.4982 185549.896 208236.0122 203452.0348 190574.2783 205803.1993 213690.2075 208322.9437 160287.8359 208519.6814 218695.471 187991.3394 185403.4649 162659.7757 170343.3694 195600.0078 203298.9223 213777.659 208301.8691 178039.1274 198361.9437 172749.4835 172731.161 182909.7511 203207.5664 190569.0132 190698.4411 183119.1615 213523.0049 213639.0028 200752.0421 185644.6258 203144.446 170247.0946 195613.1658 208343.8544 195745.4353 190698.8714 183054.6631 167899.9639 198162.1649 200866.6434 205929.1997 226339.4179 195636.4665 149935.0299 190673.283 172749.0847 228619.5047 177846.0154 236394.2143 213321.2324 208265.9168 193092.0737 200738.9166 208396.5505 210878.7988 195762.1425 193162.8989 228651.8558 213658.885 175201.0403 144962.5151 190604.2371 190722.7431 165308.6364 185689.9069 221119.9348 188055.6591 195589.7914 172837.6284 177739.2084 190475.2903 124390.0172 116738.9321 76140.70787 68450.74813 38094.32573 20266.75272 0 0 0 0 0 0 0 0 
0 0 0 0 0 0 0 0 12678.82684 22873.60033 58418.02697 104105.5126 134683.0347 104101.0618 126987.5044 180529.1207 182955.7308 221135.3533 180532.904 182916.7079 188302.3675 187958.5694 238970.5721 218464.0952 193087.3611 208438.2198 236407.6833 180541.9987 182965.7384 216067.3475 223876.1061 223504.1349 160053.2941 203424.0818 195553.0736 201047.5533 218631.067 175279.4182 152354.1047 198075.4073 205962.4747 218720.01 190539.2364 187959.3431 165345.407 193250.1405 251934.0178 226060.7529 220979.1678 188060.9535 205897.6877 190492.9931 167791.3122 180397.4049 193019.1919 198246.7586 192947.9463 210969.4134 175246.7275 203395.1532 187952.7478 198392.0634 254196.4344 221141.5626 218605.2355 218532.6988 241496.6505 185442.4172 208532.2053 221023.1461 175583.1092 215938.465 170349.2466 221074.7129 216185.7293 223703.532 165183.2642 183125.5814 205855.8755 244048.5223 155039.3185 198224.7171 167697.0211 200862.9558 256764.6463 193196.2811 193370.6405 178018.0321 190527.6861 213465.2951 178027.2073 203381.8939 205715.4436 259372.4507 215900.2951 183028.2569 180448.1869 170299.7753 218651.795 203348.4171 203286.869 190536.0025 216054.0736 228827.315 205916.228 208248.016 188041.9137 165204.9062 172840.1627 193260.7204 170288.4948 233951.8655 154958.42 182801.9899 104200.7311 109374.4139 81257.63698 55810.23354 40613.18849 7598.401734 2546.256435 0 0 0 0 0 0 0 
0 0 0 0 0 0 0 0 10160.00008 48239.68495 53348.66216 81285.49012 119333.3397 149982.1496 165129.4752 200952.1989 195695.7734 216007.413 259309.0314 211038.109 182889.6913 205961.1927 149973.8586 200712.6811 213470.3637 170285.112 223501.3314 167920.748 177937.1754 218550.4067 203351.3613 183069.257 170275.8783 180355.5591 200872.1144 203338.6617 228879.0189 190601.9601 213575.8825 221091.8208 165162.6862 205991.6932 162704.0193 180497.454 172860.4108 167829.5201 210767.9266 211021.7312 200849.8231 182980.7638 243852.2412 213462.8003 200812.686 193327.4404 193236.6377 175325.0446 205905.4794 193258.4562 228639.8804 170271.3199 175510.0662 211032.3038 198357.502 226366.549 213690.0065 185520.8078 200783.9923 221065.202 218629.0724 193346.0426 218773.5341 167576.4079 200894.9258 162661.0803 185543.6663 228587.8219 190858.6418 185515.4512 167842.9097 195675.987 195644.77 183016.6908 223683.3727 160230.9717 190562.6626 198350.681 165282.9041 160154.2864 239059.0388 195672.5087 170345.7921 183048.5263 200768.812 231241.8276 216136.1724 205982.1857 200943.3401 180437.2977 185502.1061 175288.2057 213404.8812 200913.8818 221256.8867 205885.4132 205825.9878 211089.0304 177895.3693 198271.5715 213656.773 218657.3407 238922.9886 193056.257 185469.4883 190561.5339 134697.3896 114469.1164 86303.65786 63442.51211 50786.24477 12674.2287 2534.934084 0 0 0 0 0 0 0 
0 0 0 0 0 0 0 0 15249.26355 40606.54381 86339.3896 73762.7175 86484.57134 111866.3355 139852.0961 210845.4539 203268.9058 228982.9882 208475.3467 185636.1328 203438.854 233994.0916 205907.7886 216231.3812 190672.8303 175436.9622 195900.7036 208593.8359 165175.9912 195672.7555 177867.4106 236504.2962 188181.1877 180470.3601 190732.9801 203472.18 183178.5293 190721.0601 165180.492 155131.2514 211122.2078 218714.0879 195692.2263 190613.6112 213485.7298 167787.5514 188089.6497 211107.2198 173015.5129 210984.3828 188002.758 188034.9348 170215.2946 144814.5555 208480.0055 208440.7656 185678.0823 190542.5668 211181.4183 241425.1906 195899.201 203387.4798 195705.0029 218658.4369 188228.5759 198302.0184 172795.2527 185509.998 200731.4156 188141.3104 221136.6133 215958.3826 203325.4773 190682.7329 236326.263 165211.8477 208381.3214 200872.3347 162661.5794 203477.615 198207.9188 200703.1612 185707.3488 218536.7781 236438.657 208486.2187 188001.1333 167840.0327 167476.1411 205981.4244 182881.994 177986.4376 188084.4011 193182.8388 188300.5428 195608.3651 177913.3664 170349.3066 215915.8372 188210.3844 221215.865 172895.4661 162611.6937 162575.3366 180390.9849 200847.7632 149972.8808 208431.7816 221369.3441 193077.9421 180515.1042 160194.7098 167763.0476 152580.4933 119551.4035 124465.9001 81263.11597 71027.71295 32950.85234 27891.30216 0 0 0 0 0 0 0 0 
0 0 0 0 0 0 0 2531.630034 25351.58867 50650.01174 40602.41831 86452.51156 127102.9672 119632.6925 190715.1003 175561.8981 170276.4113 172887.3126 208552.7566 208420.7564 231509.3741 201020.4875 190672.9464 208293.5644 211135.8654 228693.5941 172884.8933 216110.9515 188069.3142 182857.8938 231500.8886 185742.7981 203481.505 180418.5675 200773.8706 203450.3346 165239.1681 180448.0477 223732.1712 198408.753 190665.5468 193251.8867 180615.6638 175258.1668 193321.8529 198253.8895 231331.7663 203309.3697 203416.4727 200666.6096 203349.3583 175377.0609 208449.1453 188062.4619 259233.8213 200832.4267 185518.0953 226178.2378 218670.1993 228663.5199 193274.9883 170373.884 203363.249 188279.9629 190638.9416 183036.7407 198425.4197 178103.3786 208535.8316 208449.4346 185677.7715 149969.3624 231279.7746 231324.6249 198326.6957 228944.1809 175397.0125 180428.5849 198321.2809 129716.8673 206008.8606 193332.1443 228793.9196 228782.2051 185527.9256 236699.0613 203363.9599 210923.2103 226187.0708 201007.7277 185579.1433 203435.4935 223725.9802 200920.0317 193284.4844 195930.9683 211038.3493 205879.524 216131.444 213707.2705 157621.0344 193284.6112 256630.1527 178047.5916 195859.9684 216071.97 261846.0786 221275.3059 218774.5012 183087.0893 231153.207 190513.4303 188016.0803 150075.4355 126936.5748 88992.83017 98963.67086 58364.3885 53318.72984 27875.68344 0 0 0 0 0 0 0 0 
0 0 0 0 0 0 0 2546.251822 12664.30212 32988.00368 60904.71416 68713.83334 104236.0864 94083.10495 134646.5804 180730.1434 167802.5119 167823.6843 198257.498 170221.1981 231427.2011 147354.5644 175268.6567 180455.9475 221241.5481 198374.2192 137248.1815 236495.7154 195628.589 188188.5797 213701.0731 200778.7742 180560.5038 210960.9664 177897.5174 190695.6156 185529.0385 198285.7714 175412.8276 188026.4696 188129.7044 203424.9665 172929.9922 200779.914 170375.9384 190491.9706 244105.8281 167867.3473 208392.0576 190631.7106 246383.1468 165381.9843 160214.5315 195607.346 160100.779 200947.5131 223719.6926 223605.2484 216107.2048 188129.5805 178014.226 180388.5638 190631.2646 175414.5126 205848.1227 200854.4001 195829.7226 190580.3167 172886.4846 203580.29 198224.7285 205937.0347 183018.1701 200665.3579 218507.4326 180484.3511 162807.6178 165270.7692 236585.843 190584.6577 221197.4651 193015.0945 188139.3715 182919.7007 175436.9003 218665.5267 198254.5698 239045.0142 205991.822 203509.7225 165280.0352 177892.2484 203490.0084 190814.3601 185610.1627 160214.0711 198173.012 177876.2686 203566.421 178051.0593 200846.3544 172990.4956 165314.1493 185578.1025 198194.3949 137369.5076 162767.2195 218513.3493 203279.2215 170566.5084 210943.1656 188228.0835 208477.9139 132071.9928 109321.6174 127085.8448 53404.46911 53253.85552 40572.12823 12717.61304 2541.908199 0 0 0 0 0 0 0 
0 0 0 0 0 0 0 0 12683.76747 58407.96984 78605.22538 86355.14074 60934.77504 119427.8387 139807.4454 162729.7294 218652.9935 200973.3294 206078.8677 233820.8987 213665.8601 200754.3538 203381.2406 246805.7957 190705.0003 200749.6274 223760.7597 259282.4357 190650.0741 190850.0682 203213.1879 155068.7168 226383.4526 221048.2713 208619.3308 195729.8216 188147.2768 180475.6319 200752.4654 208565.3001 190745.4617 165369.1043 206140.0575 208679.3153 226227.6497 180598.9347 203399.1906 216128.3332 188109.5416 198329.4748 231466.0494 195798.8566 218761.0658 195736.7524 155154.8644 211173.0469 218533.4677 203393.6668 195808.3935 185726.9542 175318.7756 200796.2824 231472.3201 190825.3657 203532.9299 170296.9092 244184.1163 200978.5178 198244.3717 193336.4566 236511.0429 180651.5141 198352.342 208524.1787 216169.4473 157702.4295 165324.7755 228696.9823 160213.3927 208430.6532 177975.7974 205991.6503 180572.4601 211024.0888 195919.3722 167860.6974 188168.9941 269314.4521 198161.4818 213537.4752 203401.1439 208477.7686 236484.6083 221352.4703 213501.3181 195792.9798 172814.9705 218514.6737 200858.6611 155145.8561 223718.3606 226138.98 234062.9062 188266.1065 195715.4278 200894.3707 193339.5532 175371.3059 208395.917 238965.4668 213523.7639 193180.8966 170311.1762 157593.2456 109356.4913 116948.6377 83852.92923 73506.3283 25402.66139 17803.0581 0 0 0 0 0 0 0 0 
0 0 0 0 0 0 0 0 20274.20435 43168.71292 63489.98023 66046.28239 124604.7419 119467.2406 155252.2599 183172.5132 221138.4844 175483.49 221229.897 241634.5807 167763.1884 155041.7941 182889.9475 132123.318 215946.1252 195673.4476 213520.7438 208435.668 185660.7153 233776.5823 170331.737 195886.9097 170349.1896 188156.5348 198330.4622 213698.353 185701.0953 195782.0904 203418.74 246714.5003 190735.9844 205877.5355 246635.0478 226173.6417 190673.6853 160227.1541 200835.54 193235.1554 203424.8066 236334.4895 183085.0659 134756.0423 172895.3257 205930.0831 180575.2986 228780.3115 175350.9732 195839.3532 183074.3823 236625.9748 185501.4371 177955.6179 203374.6763 160257.8458 211184.6779 203446.2478 178048.1969 175530.7408 203578.4791 259266.875 218663.426 203513.6038 172940.1116 172704.8727 203202.4658 236418.3678 195731.6179 193387.1291 211060.3597 183064.4943 172829.1645 223911.6055 223654.1333 175453.6239 180491.9845 234146.5941 210958.9658 162773.7828 220996.3251 221275.7306 185632.1141 165086.3284 269476.3937 165407.1488 183023.4705 177851.4085 167687.786 200798.1834 216229.5222 185787.6606 144982.6276 216264.1362 218702.0588 188180.9994 178072.9094 190785.4041 180528.0824 180560.8098 218584.1535 218573.117 193125.5009 180611.288 175337.3493 188275.9533 124561.3589 121980.9544 61020.60256 76208.10157 30377.40986 20271.55889 2536.6254 0 0 0 0 0 0 0 
0 0 0 0 0 0 0 0 12642.85708 40605.98188 53388.34237 93985.04048 106787.687 109312.1473 142370.5188 175469.8081 233931.1196 177915.2132 223637.3104 157656.3066 175604.7476 160224.8097 198498.4013 195898.146 190697.974 190661.0839 185595.4784 205879.5984 200918.8057 178182.6014 175416.0858 218630.931 218705.3436 208428.8348 193112.4906 167945.4316 200785.6748 200791.6693 165310.1197 233892.1296 175530.7373 211055.4371 223937.4041 160373.9619 274559.5969 208331.4419 190756.1597 213507.654 165286.3117 208465.725 198227.7718 203391.5198 180475.367 162715.4739 167770.0774 203696.2023 188161.9728 177967.4713 157682.8776 180759.473 193205.1137 175558.6961 172920.0108 167771.4911 167870.107 167991.0086 213576.1636 241574.307 231456.6854 165304.233 170374.2985 233944.9078 203435.9633 218585.7758 200871.3622 170476.6477 188170.0294 198283.9251 155176.295 233948.2983 195821.8923 162754.0025 213626.5326 167843.3996 193357.5165 213482.1651 223716.6896 190546.1907 175463.0327 195779.7115 193267.981 195757.6536 239032.1312 195757.0721 216175.9472 206024.9153 183202.7573 177973.6005 160230.7499 178173.1918 216214.2349 193169.5788 216295.5276 208559.9844 180514.9324 205949.2909 162812.1289 157764.8814 236318.7206 211012.2586 203537.233 226387.5479 213466.9078 142436.6795 104182.1461 109280.3402 73595.18141 76140.71806 30445.69406 10160.60917 0 0 0 0 0 0 0 0 
0 0 0 0 0 0 0 0 12683.26804 35557.91967 53345.8736 86311.57271 104130.8102 129859.3829 170303.4367 165292.7593 221123.9059 208486.9396 180527.1025 211137.0112 241545.0106 216121.3817 213580.4449 228907.7945 172899.8249 208578.6865 198330.3926 213684.8044 195840.6814 188166.5745 183078.6921 160102.9422 193218.6462 223765.8272 216192.9725 218790.2663 216076.3141 198425.4727 188097.8281 198319.7064 172984.0122 178043.7484 221366.7583 206124.8941 198153.5918 208585.3493 180602.1261 221178.1747 213692.2018 190680.4881 200784.6993 165390.532 200878.4344 221333.0018 185639.8543 190769.1364 200842.3568 216193.2356 193323.1585 175347.1456 183192.9719 195840.3191 195754.3244 172882.7733 183182.4755 190822.4595 193208.9677 213652.1539 223709.7747 205902.5772 241814.3728 244332.3455 193152.5282 236555.2571 147447.9422 190801.4933 221326.2181 175426.6886 185704.7553 162772.4294 183148.8717 182959.4886 203407.5319 208591.0407 178016.1329 213668.5985 213610.3297 190700.4257 185646.3021 238830.6745 185640.3897 206111.6099 244157.1774 221133.0487 180294.288 183157.8582 185669.8094 155076.3736 167931.8112 200881.0669 183140.5365 200814.4217 244078.1231 173031.007 195673.0426 226218.4963 172904.4195 198375.0138 193040.2611 244250.6478 213407.5585 226463.7358 175388.4823 152512.5057 89104.5132 106732.7768 83894.68341 38037.37202 53334.66714 2543.464762 0 0 0 0 0 0 0 0 
0 0 0 0 0 0 0 0 22844.57334 43117.79968 53298.52052 73667.79667 111953.0668 137281.8694 165281.381 152697.3663 208524.1002 203612.2878 182993.5397 193309.6927 195888.4656 203422.1886 185510.1428 185522.0333 198407.0088 198448.0445 233854.3952 175438.6452 162787.7096 203474.4057 193180.3153 211072.8744 175621.8162 195733.3891 193338.4316 132270.3454 205990.2515 185735.693 200842.0353 190723.3693 188166.1573 205894.0562 183190.3168 155181.4942 226414.2421 198501.0132 241553.9413 210936.4687 170465.7397 185669.7203 188160.5688 178137.7969 198308.9114 229147.6161 185693.7155 188183.7744 193204.7529 208559.3397 190780.4399 172947.0673 175462.134 188128.2752 170403.654 195840.4241 172957.5734 198410.6394 150015.894 193248.0799 185702.174 223834.8405 208621.6828 185705.6334 203466.8039 198408.8534 175608.7268 211185.1938 198333.9006 206111.6302 183054.8114 162848.5091 221208.1489 183202.5993 180404.8122 193307.6105 203427.0642 208389.7977 213535.2633 180652.4492 185690.1571 193327.9487 157760.3067 203492.3686 172904.2471 223689.5472 221397.3732 198322.6433 188184.6113 223686.3166 218768.2923 216329.5177 175620.9313 167873.0136 193238.8169 178090.9126 162747.782 157677.684 160118.1622 213793.4896 221293.3485 170430.067 203334.6468 175377.0966 157747.3915 150139.7612 147480.4847 71167.57786 66073.48254 50801.24102 43228.14611 15231.66789 0 0 0 0 0 0 0 0 
0 0 0 0 0 0 0 0 12703.42344 35533.08734 61042.6321 94112.78518 101741.3612 119517.6208 137375.6327 193298.3731 203579.3898 233944.3245 203403.2583 188177.1432 188203.6787 208676.9767 170433.2152 226501.2919 223830.0247 208721.138 170478.501 216275.5701 195854.751 208410.3836 211158.6401 198201.3932 200981.9698 167920.8258 175587.7447 145067.7033 231466.3804 170497.4455 200968.0737 198406.2978 208464.445 170530.845 206064.0301 200951.4097 210950.8937 170306.9336 188163.1917 185948.285 221318.0743 190892.8138 203501.8949 203543.7543 152558.6119 211027.0318 190913.974 205858.8652 241650.8845 198423.7837 180612.5363 193394.1451 195926.1658 162725.8023 241565.9893 228940.1704 180629.5783 201033.0484 226242.9984 200767.6699 251861.886 208549.22 162754.8869 206222.7191 173027.8764 213711.4749 198479.0774 221360.9015 188200.5745 172981.1735 218593.3187 195891.5298 193208.1502 190739.7394 170518.6371 180650.5627 193245.0437 211216.8204 193291.3927 213556.8392 213594.375 213678.6301 180459.7481 203402.449 193281.2396 206151.5858 180606.0631 195876.9745 216153.8976 208563.2875 188207.415 175351.3112 236637.0818 190831.3072 180679.6854 175579.2263 170358.6253 206010.6057 200932.9418 122047.678 185574.4962 183228.2368 195857.4905 188069.5742 178145.9629 162794.5125 144901.4801 114442.2644 88899.486 66075.01535 58386.91968 15178.18451 0 0 0 0 0 0 0 0 
0 0 0 0 0 0 0 0 20311.91363 48226.97948 50878.06071 99188.2127 99229.6385 124698.1836 190786.6855 165420.2029 218788.9529 190756.1878 203565.8351 177924.7612 185748.0759 170264.5309 198399.7081 188126.513 178162.8936 221376.6382 196087.7337 206037.7208 170371.9841 198449.5694 188106.0425 188286.4876 172894.5917 206076.274 223898.9859 236487.932 259563.6169 205950.3053 210995.9655 172924.2262 213648.2918 216214.2477 178007.8036 157809.9953 200929.6025 185747.762 218697.989 160145.7972 216138.0827 216036.9948 206046.2109 211252.5416 185709.8073 203576.0869 185627.0344 211177.5662 190744.9197 195721.4882 200786.843 203535.7289 160259.2423 165444.8269 211109.9201 226410.181 213586.4934 188233.4337 193276.7365 200870.4808 180606.8696 213585.2128 218843.2555 167963.0471 221238.8978 175472.9042 162834.7921 175514.4803 208678.0388 195939.8122 200855.4808 228970.4396 249340.3237 234157.8381 211145.5324 152705.6635 201084.7637 206017.1484 211123.6374 188401.0368 178014.9731 185763.7723 236663.5836 198409.4245 211095.8526 193279.2091 228940.5806 175578.8622 188258.9051 226231.5154 206057.3828 167839.9274 157871.004 193198.3283 175343.8488 231377.5879 193135.1308 185798.2739 183216.9746 180470.7179 208726.5343 180603.9278 178116.1594 236423.3462 172924.2474 127196.9304 144966.553 132252.7244 88944.17624 66085.40521 40561.92863 22867.02828 0 0 0 0 0 0 0 0 
0 0 0 0 0 0 0 0 12639.44559 40652.02816 53362.85951 104241.4237 96655.97953 155220.7627 129761.0368 170611.3538 228997.4414 208437.2284 221219.5515 190661.7737 200859.0259 226271.2238 195875.9719 185655.2396 195782.5468 203448.0111 188363.6835 211132.9814 200924.1827 208469.7233 178095.3748 188267.4506 213691.9931 213696.034 200957.6622 216234.4463 167879.8608 167886.8754 239179.4618 251882.4464 233955.8778 190741.932 208535.0103 210994.9172 183182.2674 218674.4941 213725.6714 188200.8374 152677.5703 188330.0714 195729.9713 193255.0711 206031.9489 221260.7463 213793.7994 236537.8909 218728.3327 216107.1009 216253.3359 198477.7801 180539.7898 226617.8429 188462.5217 228913.36 211142.4531 216194.5867 193365.5927 185634.6435 208573.0828 236510.7437 195933.8171 147509.0761 170536.5501 216167.6373 203482.778 203630.3623 170364.2545 150062.4447 162718.482 231593.3923 203422.4492 157798.8691 208615.3007 160228.1708 198488.2044 188199.8364 208529.4072 206092.12 221229.9723 190859.0723 167797.8486 193225.2137 203541.5431 190719.6854 211244.7222 213760.4504 206243.5403 190723.8224 195923.6097 213641.3496 211208.6189 208767.4735 228890.388 206036.1569 218707.9792 196051.63 195947.6174 188274.8182 190923.4372 198331.2929 162844.2109 195893.3081 160187.9243 172995.9009 129779.7048 114560.9778 58481.62928 43131.82298 35528.4862 20311.71396 0 0 0 0 0 0 0 0 
0 0 0 0 0 0 0 2531.438493 5080.863321 50777.7151 71180.34172 73660.20115 127116.3042 134759.1201 134885.9607 144994.8169 208570.2386 185643.9838 206113.1393 175467.7282 203637.3226 193523.3086 226380.3555 170485.427 223927.7416 162819.3404 205964.5717 231435.7465 216216.6378 190818.2107 190883.477 226480.8636 188216.5436 211170.8314 203598.0091 180705.4523 259477.2639 178065.8805 231297.1472 201007.7351 208639.7 213616.3653 155189.9476 188249.4304 195941.9878 203475.9522 175394.6295 170383.8629 188192.4855 183160.2829 190700.9782 213601.3236 206051.5246 170441.4698 185728.2873 216283.7289 170545.7822 284873.8043 244245.797 178128.1473 203511.6136 211254.1577 188267.491 206085.424 193451.7338 221377.2832 216340.4984 211054.0245 228987.7515 190782.868 180735.2642 188094.0373 208475.0371 208625.9119 195803.1559 178117.2019 172957.6096 150027.2842 206166.2902 172911.7056 170340.4553 180512.5578 185714.2712 177951.8663 211084.147 147533.2381 173040.2813 238984.6107 162890.0658 193233.0634 201040.0174 213624.8543 206006.6917 188194.1379 203446.4502 203448.8237 198502.3622 193258.1946 185770.2018 198255.2956 231458.8683 195859.5645 208816.2224 231505.0987 211118.3048 224027.3614 203729.7148 218604.6742 193274.6914 185494.9224 216284.8376 188271.464 119607.2439 150042.23 155137.7811 116904.3728 86367.10212 50758.60593 20313.61364 15237.34255 2532.737191 0 0 0 0 0 0 0 
0 0 0 0 0 0 0 2518.602336 10154.87341 48269.26784 71120.52356 50816.77244 73816.95097 147406.3117 175639.6549 195744.267 180452.7985 211148.003 223883.2915 185811.7441 211248.4308 218960.1089 180566.9669 233953.7756 221365.0309 203317.2374 180650.851 236766.4009 157792.5049 216251.6489 221266.1975 185829.5142 226422.6286 246808.2104 188089.4085 190740.6692 167933.9241 193390.8107 216252.5803 203501.8751 188214.1759 195821.9995 185701.208 190674.5307 218824.883 188204.5767 185802.7618 198353.5313 223737.928 140057.9446 170385.4297 208632.0128 185603.2266 234041.3929 211191.4163 213746.6256 190848.0925 180763.7732 198456.2598 180663.0818 223736.621 175620.4718 195900.1279 175443.3736 239283.7848 211187.5714 206120.0886 188139.3523 223856.4872 221343.5008 203480.0627 218862.8949 152608.1622 211110.3039 193358.502 198441.2783 234228.3481 211068.7679 223922.1681 198431.6873 167809.6702 195815.0758 175694.708 228995.3025 183271.0015 183267.8091 190789.4154 178195.0413 213769.0128 185773.7679 173041.9026 183259.084 195933.8369 221226.372 175398.2058 216174.9409 208585.8495 193368.621 200996.4685 183075.5082 231556.3168 205961.6815 203494.5962 205975.5177 200954.3024 188393.6916 261924.9137 205945.0899 203658.045 208486.7098 190757.5557 211211.8108 178049.1483 157730.2245 139867.8865 106834.6754 81352.48979 83783.73043 33019.55571 15215.42402 0 0 0 0 0 0 0 0 
0 0 0 0 0 0 0 0 10165.96165 30490.60417 93958.63239 96509.69565 116964.6328 129663.7467 142418.5057 152678.0271 208513.9981 198398.7319 175503.559 162916.3284 183221.9925 173043.8579 183081.7006 193341.1636 183259.0204 190756.7163 241790.4386 244166.2822 226320.6621 190749.0635 216329.8156 198514.6934 241792.8541 193368.2983 188272.3523 190840.9273 211076.0946 221383.8801 223783.8644 183197.7343 147558.8061 218684.5375 185635.4028 223771.4362 185694.0551 213674.927 229017.5753 173165.1891 172968.9839 165429.3258 200850.2991 223820.7142 190785.6378 208638.5689 228848.6109 188274.8957 147494.66 172933.2395 203620.287 193234.9686 206080.7876 213691.5195 201152.4574 201003.6754 190802.0241 190928.6836 195830.7945 233954.9084 173025.3702 190906.1486 213699.1637 205925.8757 155126.3403 177968.6413 221404.4722 157835.5906 206074.7134 221419.2483 201030.3263 167882.4746 226314.2469 180831.7423 241803.8077 201021.9268 190907.4973 185748.2053 218817.9019 172911.2021 195924.5827 170304.2904 190857.8157 208512.5164 178205.1178 178101.5025 234155.3395 211344.3479 203405.1064 193453.1378 221508.592 244354.5139 201007.7805 203514.9928 188339.0897 200986.0637 206235.6804 188182.39 195844.773 218824.3736 195734.8511 183128.4313 183140.0022 206062.051 193281.5769 150059.1257 137454.4349 104301.6889 71211.92994 45683.6524 30473.66651 15245.51153 0 0 0 0 0 0 0 0 
0 0 0 0 0 0 0 0 10135.94161 35553.5722 53337.03393 94084.89787 124666.1602 139998.9071 145100.4741 188372.3731 203539.9008 147696.4232 190806.7872 175480.1372 203610.5822 195896.132 167859.0331 198440.2009 206049.9022 157679.5751 185639.6269 200956.7488 195879.6918 188243.7385 175477.1358 277170.8048 193398.2751 180721.2549 218720.1885 147627.4975 218702.8988 213754.8545 234015.0313 195880.0398 218672.6649 188165.9618 188226.3462 211098.0077 234034.2903 211175.0865 203498.704 180418.714 142503.9078 188309.7147 196031.2014 206087.1337 236592.7256 200964.5824 193333.5861 173033.3062 162765.6907 185758.5343 173018.4256 190721.3195 185823.0728 160074.2975 203449.5376 206087.0453 236495.2934 213713.2542 203657.4675 251920.0833 206131.4845 165461.4269 246709.0634 218755.3552 185777.7025 195895.629 150102.9911 221390.9075 147650.2778 221507.3544 167961.8497 167860.5282 180640.5824 213729.8337 198592.0352 218776.7576 195812.0495 200969.5861 218866.035 201116.3531 201110.2733 208614.1822 188115.9765 193427.3658 211110.9332 173082.0304 180647.9725 198385.3919 198500.0905 228940.4716 167958.2163 175564.5239 180583.9173 210973.2318 201013.0836 221259.3708 188365.3436 198424.9574 219005.95 175493.2662 175596.5036 229033.5969 218769.8606 198498.5355 211386.8023 139990.4021 129650.958 109373.4195 66080.95821 48295.12103 15205.16725 7621.197288 0 0 0 0 0 0 0 0 
0 0 0 0 0 0 0 0 15220.53806 40641.48887 66043.86183 106682.479 104210.1631 122140.6299 150069.0594 160296.1205 208710.2204 173117.7966 178096.82 208745.4004 231474.321 236561.8544 231470.1097 231501.4055 183079.7815 236612.8738 162873.8948 221246.4024 124693.8677 198512.1704 218859.388 223882.3127 173022.1835 206132.0751 205933.7397 203475.7844 193386.2005 165403.2032 168081.6056 251992.5924 157790.1118 216199.7069 193360.2149 203649.6408 180632.7701 200981.0092 239253.1153 178095.3024 180634.331 218904.9598 180575.3192 190936.5304 193243.8528 239311.0815 190854.4025 241674.032 216331.6083 200974.5093 188367.1384 183184.963 180678.6199 198568.4975 246817.196 167915.3605 203490.819 180588.8293 185723.5254 201086.5107 190819.8382 200987.3254 190874.0515 178250.4232 190917.8751 185690.7114 190852.8243 178132.4927 221317.8499 223901.5967 229038.3194 198539.1576 213707.5698 198414.3422 208619.7674 213736.7902 203481.2019 200936.4167 226546.8065 208677.49 221469.6944 165383.5643 196015.6945 200993.6074 157855.3392 170505.3246 216300.3511 229057.9734 165489.3068 206200.0516 190749.7293 198548.7765 236742.3233 165385.2998 173007.0285 223881.6155 190970.7323 203545.8833 193142.7315 206265.2093 203651.9056 193289.3766 205970.7088 162915.0324 162815.028 142402.7263 124644.5605 86468.07982 106749.2074 45723.2352 33012.69918 12707.76314 0 0 0 0 0 0 0 0 
0 0 0 0 0 0 0 0 25329.75691 33040.62321 68481.33368 50809.44132 114495.955 139937.3747 193430.2156 142479.1917 178123.8665 208748.0959 195919.3433 173078.6631 170521.3488 223916.3162 200884.2861 173058.7591 144976.6982 206207.5913 218668.0578 231652.8017 236682.1048 221286.2382 223979.8233 175527.9109 203588.644 203475.3917 201012.9579 188355.0461 203578.5454 206016.9556 185738.5937 236596.9218 206062.2274 178260.2435 183151.173 226495.7428 180612.7825 188375.4891 226589.0706 195981.2707 208604.0257 223825.9679 183211.7308 203646.3016 198534.7399 188287.4438 193349.2932 190780.7083 208770.3446 195956.5094 185604.1621 239203.1872 208792.9493 180784.2727 221134.361 267248.9887 196033.3829 201081.3138 205995.9527 180530.768 198332.0182 183149.5016 172943.8867 226463.8275 155186.8494 211291.0091 180572.151 241741.476 190864.2425 221296.3991 175521.2218 183104.3166 208677.2367 198433.319 211148.2958 137459.5259 223890.1397 221258.0898 152686.2231 195804.7014 188256.3575 185804.904 175745.8538 213705.0758 208638.9263 144988.1623 198542.3841 203614.4988 175579.5373 231646.225 180694.5229 178156.0338 150206.4292 185734.8045 226390.3227 168015.2887 203508.6917 172978.6956 168012.4534 208705.3092 223949.8908 178245.1732 218747.4444 216252.6601 188242.2333 99253.22635 147615.8383 127104.7332 58439.15655 53318.13402 45769.10322 20303.37887 0 0 0 0 0 0 0 0 
0 0 0 0 0 0 0 0 15231.53526 22835.80216 55935.31211 73734.04208 89015.14056 104305.175 170514.5806 183290.1527 170476.5626 208611.3217 188359.3293 173035.0602 201004.6252 216326.4255 167939.9664 142487.4801 208654.1332 160149.1378 221285.4906 193424.2534 200862.0113 188495.0602 208750.7492 175432.3489 198504.3596 198541.4095 234269.4073 198474.4916 175602.0785 137316.9493 206153.2977 195949.4608 213806.186 147578.1492 178046.5383 193399.4773 201024.6949 188316.4484 208645.0097 216400.3105 198368.6478 223921.6519 206220.0873 218778.9941 206119.5688 180721.7765 188289.3577 211348.5481 261922.5705 165359.5919 211312.8843 195895.3297 208704.9473 180562.3862 221335.2603 193436.3045 193231.5031 198453.6354 195660.9302 226430.1371 203626.0819 185806.0935 167974.0646 170643.1146 170550.2615 165484.7173 180646.2409 203663.9887 162871.6376 244325.4517 167970.9096 167922.6409 201002.6617 183244.581 188278.2914 172929.0441 203624.417 195977.7477 193500.8779 208628.5219 162801.026 173116.8462 218988.641 221377.5289 170528.8944 198531.2525 221491.0747 198424.2783 183145.8084 185740.3827 206158.3037 178186.4921 239230.034 185797.5569 203491.5953 195947.3482 188264.0968 193347.8246 205994.8283 170486.6076 196095.6608 218862.2524 165330.855 175499.0407 218740.4248 114523.5431 122245.6121 99168.27812 65999.5917 48266.01218 38184.79489 10137.3336 0 0 0 0 0 0 0 0 
0 0 0 0 0 0 0 0 12723.7413 48192.8948 63478.59082 119474.776 114517.8381 111989.8331 162874.8365 173136.3112 218769.6409 218777.2961 198557.2358 173042.4787 175541.8634 229054.5947 170539.0613 180706.7574 200876.9857 188301.5427 223862.7373 180714.8763 190804.0887 178244.318 223834.4515 185681.4336 188421.6727 168042.6536 193578.9302 203632.8809 155214.1682 195905.7317 206136.8597 218922.0832 185884.7655 185817.1747 198405.5779 211214.8201 178166.3368 193526.4053 188195.335 221385.892 231562.5238 150210.2223 195900.3034 185815.8092 173177.5231 213892.0724 193381.3552 188436.5275 193357.9291 201150.8695 188289.1771 200990.6878 188311.6559 208715.6658 193378.6066 188301.9846 195899.8041 170524.6176 183286.7788 213723.4851 221383.6326 203582.39 206081.7571 185755.5247 206052.4837 175563.5465 175478.2186 190922.6478 218867.3323 208583.591 178152.8651 198484.8379 223875.9269 162830.1631 188219.3789 203510.1063 198458.705 173025.7941 203537.0459 221363.7161 195955.9152 241828.3893 223936.3478 236465.4888 262093.6833 211219.9541 195952.6311 193374.636 185749.7689 173123.6827 167919.372 201008.1608 162846.595 183250.3386 198444.3395 201112.1157 173085.1925 195922.5674 218885.8163 236666.4501 216300.3832 162847.6674 213774.2969 213727.9977 145008.8611 152516.9147 86447.22511 104338.1961 88953.74416 83786.52605 38116.01964 25378.78988 0 0 0 0 0 0 0 0 
0 0 0 0 0 0 0 0 17814.24437 35566.75661 43190.61915 106761.1741 104298.6186 139988.4537 150111.167 178150.0962 196062.342 213693.4245 203577.4666 203607.5935 216327.5777 201102.4597 170473.8586 180728.8867 203665.6122 178123.7105 226514.6183 203629.7923 190825.3188 157784.4256 198426.0647 226447.8958 170460.0946 162923.3203 162822.588 173209.2786 246679.7874 190930.6591 185747.4433 168040.4126 206150.3132 178173.2957 198525.9616 193511.8891 216393.5329 183189.1207 188294.2442 221306.621 244314.807 188326.6869 236637.9725 183323.4939 206157.865 228931.3168 167991.6277 170539.8966 216426.9347 226423.7908 231584.6276 185747.6668 178180.7729 203716.254 213813.4876 170547.9374 193316.8518 178259.7871 183273.1854 223945.7833 168168.2529 190778.8182 183141.4329 246776.6847 198290.47 198421.888 167978.032 152729.9461 213813.6532 190942.3003 198519.0412 195935.4814 241775.8406 200994.7855 190827.4342 221395.7306 231608.1123 185883.3267 201094.8543 226491.2642 229043.1082 221387.2363 175611.0686 183250.9884 211227.8793 183254.3654 203631.8404 241698.0928 185845.5508 155221.0342 195879.1894 198382.3338 193417.6766 201086.9776 201017.3614 173070.8415 206225.0977 185762.5024 185767.9238 223913.2292 257144.6006 172967.2872 183040.2657 193392.5222 188429.5582 157692.7629 144955.1146 99229.2481 83817.49851 61000.68701 27950.30528 17757.67441 2546.860307 0 0 0 0 0 0 0 
0 0 0 0 0 0 0 0 22822.14182 27905.99696 58389.16043 78761.80611 96648.46198 132331.4611 147614.1084 178235.8138 183314.3153 180698.2476 183230.5925 226317.3952 218840.0779 193448.8114 193364.33 208714.474 193468.0771 203687.9573 157836.6176 206222.5876 170590.4492 228953.3196 188380.7545 206156.4289 170470.5932 211143.4215 200997.8165 196036.2663 183253.2808 160260.2945 213681.6693 200948.1017 190868.2275 206199.6809 206141.3953 208786.1155 264574.9583 190773.5151 206089.8748 234067.6701 195929.8111 216334.3917 193453.139 198461.1246 193473.2477 167976.6309 150187.9088 201152.303 198606.0789 206239.7301 206156.5287 201042.7218 206152.9281 190974.918 239008.7776 188369.8478 218942.5675 200966.434 190809.0229 213662.7226 195926.4337 203693.4486 180643.7149 208707.5979 185717.8137 193425.3383 223934.3965 196049.576 193284.037 185727.6388 234090.8245 206160.9934 193506.7223 223980.1495 162821.0225 221521.1562 203698.5117 175508.1514 175719.5843 195995.0322 208641.766 180791.5015 173154.393 185815.2644 218873.1065 234207.0027 216222.0888 190973.6547 152728.1535 188307.3579 188300.3219 201036.9868 236763.1888 193317.0465 193444.5334 193383.6802 200994.2459 226406.9085 198456.8131 259570.0954 226547.452 188285.9963 211244.871 178191.446 254594.5951 137450.9605 157609.2766 104275.3498 96681.27055 40704.80141 40649.96174 30415.44364 0 0 0 0 0 0 0 0 
0 0 0 0 0 0 0 0 12672.37532 32972.99226 53398.48992 83861.62222 94152.72281 114572.4681 132423.8319 165456.9229 239215.7155 208564.7199 150148.6212 185704.1367 173162.5622 167984.3655 190912.4549 175494.1417 188369.499 168025.4177 160380.6671 165528.6765 211272.2515 201102.272 193381.572 193394.7071 190971.797 208626.1362 180694.2866 216313.9849 221205.761 193434.4927 180729.5355 195973.141 229217.4995 183157.5762 162885.9941 185720.9716 200938.4242 172966.6843 180675.2778 221427.9401 203616.7898 241823.668 195888.8101 203604.6341 208698.6873 178096.778 206203.0158 190829.8303 233977.3472 231564.1628 201098.5503 229091.9151 175594.2208 234211.2564 224026.7093 211178.8457 178240.0964 216219.976 190775.9325 211214.0972 193464.4388 175618.4829 188390.6717 195966.5728 167936.5193 234015.9924 195855.5701 188308.849 183224.2031 155270.9162 211254.0646 185811.4131 249410.693 200850.2554 236617.5358 262079.4239 208698.1872 211284.1255 190926.8418 175493.7318 201001.2519 216476.4265 196106.2583 206204.3465 198457.5077 216319.2595 198577.6335 203656.6163 173083.7927 162924.0297 162899.0449 193464.4791 170477.92 167925.4826 193412.5349 206162.0639 203593.0534 183241.8998 178194.4842 190831.5488 190823.1557 195954.2429 193359.3679 173167.2398 175722.1107 127369.8057 114523.7396 83842.45207 94050.4264 50816.73756 40651.0988 15238.41947 0 0 0 0 0 0 0 0 
0 0 0 0 0 0 0 0 10149.27053 30458.55356 73737.09085 63563.10032 127334.2611 147626.8976 152724.6481 190932.3625 190931.9017 213732.3002 178194.2496 239180.4305 216405.3569 203510.6964 216500.3204 226522.1362 196035.2402 216167.5604 246944.0177 183073.3173 203645.7315 226569.3897 175684.2365 201122.8581 188360.5349 167945.1391 190830.0642 203609.9937 185689.2594 178112.2901 195894.9181 213766.4329 211233.7315 157817.7359 157850.5618 211176.2894 262096.6514 246812.3665 180688.8968 193480.5932 206194.0462 165461.004 175603.1238 173087.4921 175632.6444 239235.2636 152734.2105 272414.618 162885.7012 160373.164 145014.8607 180706.6423 173170.5693 226524.2863 196171.7071 218800.8492 175580.1422 198370.7669 221412.1126 203575.6323 213773.9949 201180.0564 213843.3275 221475.9628 175595.1256 190834.418 208835.825 213620.3352 203699.7008 188269.6108 241844.8671 206199.1842 216281.469 185785.1426 188319.5596 198562.6585 206174.0962 188349.8964 208637.2356 188328.3235 195858.5265 175600.5584 150157.8949 208620.9676 234114.7535 236714.9123 239182.8246 170489.4885 198384.279 208735.4659 170582.2369 198472.6981 208808.0964 188306.2439 180776.2765 170518.7694 183090.9727 246782.4784 218827.4833 165579.637 185797.4561 170600.4872 244397.6429 201042.6643 150103.9063 165440.1241 132392.9006 106786.8213 60977.98945 96540.60713 35556.97732 15190.03249 0 0 0 0 0 0 0 0 
0 0 0 0 0 0 0 0 15214.57359 38075.74273 68650.90368 86412.19336 109452.1089 134803.2606 168036.7894 147659.7728 150188.222 170449.2835 195930.7776 203581.7227 178256.7848 201113.4283 208744.6227 195989.8969 234285.3027 168115.4353 188284.8375 178211.7215 188399.3778 208723.4402 208845.5121 198588.5688 201051.8781 203545.1185 208791.8241 178230.963 213703.8406 178230.0896 170572.0757 211279.9442 198570.7363 208710.448 132483.1743 221428.7926 218895.9169 211342.1716 221587.7974 195949.8532 198483.0133 196065.217 160263.9805 172987.994 157785.6263 175656.5438 226469.7718 223951.2107 198527.4206 198548.844 157698.3243 229090.8743 190841.0657 193393.8303 200991.0236 223949.8334 195994.8535 229149.8956 190960.0749 198568.7023 208788.9356 216282.317 160434.0602 244299.0098 190884.6028 195997.8537 196071.8885 173191.1574 170581.4784 150213.669 203536.1662 203564.9495 180655.274 190780.3576 208714.3397 206061.0642 208758.6873 218901.4789 185690.6888 218920.4581 196010.4848 206309.2798 231640.981 206143.2143 198580.5745 193429.6918 188248.6115 183336.5305 206233.1054 167902.8522 239271.304 224041.3281 216276.0597 178141.1954 175482.7347 175577.8986 208759.1373 190841.5131 167890.3536 211313.9389 208786.0842 254546.7456 221504.2709 221390.4395 175592.2554 162942.6166 122168.4127 114427.8508 116981.9476 66086.55932 55887.37585 15218.72353 2537.092533 0 0 0 0 0 0 0 
0 0 0 0 0 0 0 0 12688.02106 43193.43174 58473.26376 111906.1511 89098.23901 127160.8897 134976.2659 175585.6303 218936.9306 188503.137 234132.8092 193589.4382 155220.065 224036.0935 218898.0481 183211.0372 183239.1645 190896.7532 193521.5126 173150.1795 168116.2527 155284.6955 193319.8382 206148.9602 241765.7094 195927.6363 155347.8207 157909.4239 157742.4083 201050.2126 203559.978 178137.3156 208750.1195 201115.6305 170588.6603 180728.5693 203753.4684 231617.2447 213815.8787 165460.1929 201075.2498 200999.1139 234243.6914 139969.1073 178212.7925 206177.7082 173133.9421 208645.5553 188397.7572 231682.523 165485.1019 206175.8587 173004.7105 198654.1033 236746.7707 155275.0805 211169.3686 218913.2153 201082.5001 216301.9838 196049.8112 226570.5724 183250.4745 201092.0999 201024.2474 162859.2779 193517.0027 170557.496 216422.0108 190889.5845 201050.9727 201089.7433 206133.4908 224045.0581 175724.5097 190898.9408 152779.581 185946.9397 226594.2024 188258.5341 190760.7837 208756.0914 185788.4063 218776.8887 173147.6668 213846.3058 201075.4775 193430.8442 183182.4798 193380.3717 168053.8681 152805.0876 226411.4714 198647.8637 223931.0875 188355.1306 185827.4097 208625.1497 246880.6869 216496.3951 229103.1489 216225.4299 208654.5661 160434.1363 170508.5315 150172.5184 117073.7017 94238.34245 104324.7567 68635.00274 50865.75019 20325.28836 0 0 0 0 0 0 0 0 
0 0 0 0 0 0 0 0 22844.38997 40597.13851 63608.59336 117039.428 114439.2306 137503.7007 160209.9705 150152.4098 178155.594 195925.6414 201064.6163 152882.8872 226584.0806 190905.5064 196070.8568 208668.8223 195980.817 241676.0608 218945.4544 211232.6321 201119.3876 183257.3984 203702.737 185831.6562 190841.5838 198636.6936 206095.1876 224045.1614 190826.3729 193494.9691 211292.5163 208707.5567 216311.2137 203596.4515 221394.1794 183338.5464 180729.6309 183313.351 180710.9409 226460.6159 239388.8704 231710.3463 178173.8387 165500.6211 185804.4778 180642.6768 190962.7633 195944.3201 208778.0519 208879.7629 183232.8304 200997.3035 234152.5897 223933.2134 190839.0996 226317.8022 203590.6459 201083.5255 203676.0654 208784.2101 231525.6733 236691.4102 165374.8782 150036.0114 198367.5381 185949.0309 195987.3054 185774.4974 193343.1083 236764.0204 157713.8127 175628.7801 246807.7274 188371.2391 185874.6308 211224.6254 183273.6575 249429.7387 206164.3731 180601.2462 195990.793 173052.4744 190945.6367 206285.7347 173036.4192 180758.5199 193378.9554 198491.9646 157854.1274 241685.3991 188319.8964 211275.8869 173153.3024 203608.5991 173133.9129 162932.5885 231690.9833 203717.0607 180651.8372 241815.8089 170518.4598 221338.4912 211380.4928 165529.0671 173029.5883 170474.5827 137468.6804 114483.4922 96616.46641 45703.99622 35572.91801 15215.87114 0 0 0 0 0 0 0 0 
0 0 0 0 0 0 0 0 20304.66769 30479.97677 53471.16122 76277.18603 117055.8782 142519.3676 170383.7078 152712.664 185832.2498 183144.9263 190884.3221 206081.1018 155180.5726 213734.659 150111.3124 239282.2011 198471.0848 231527.3142 206147.3502 185811.2861 185802.8599 188457.3226 191103.7607 198612.7525 175688.6168 183313.2555 224013.6285 190935.6536 190826.4926 173148.3857 226562.4003 193463.371 203536.5385 185717.6512 234116.355 203512.5858 180856.3003 155326.2091 188382.9731 211419.7869 201016.6322 178261.6854 198533.9225 201195.6866 175627.5984 175495.3736 195995.0366 221428.9935 198382.214 195931.809 206300.1776 185922.7142 231677.0121 163043.1645 213722.4379 170558.1687 175608.5622 193575.4149 193360.4359 208768.1738 195962.7781 203654.876 211248.1236 180847.5155 221458.3768 167949.7648 206134.8552 198605.6818 213812.2169 229104.9446 195997.6496 165399.6059 188384.2535 208714.2752 162918.4418 208695.806 170435.9497 211390.2652 195978.8448 211222.1665 221437.5486 188334.2815 162890.4295 180816.5133 203739.7281 167892.814 223987.6374 224031.5511 178240.1473 193491.5833 185807.128 193592.87 218850.3839 195996.8818 188410.1117 193414.8293 208581.1518 191058.4858 170458.065 180818.2433 241717.9866 211218.9443 198587.6194 190812.8194 180804.4874 193480.9187 127207.0485 106885.892 83893.03521 89041.94086 20324.39627 25409.74838 0 0 0 0 0 0 0 0 
0 0 0 0 0 0 0 2544.971482 17776.53946 60975.19559 68641.18357 111881.1652 94147.91596 155301.7621 142536.4373 191016.16 193440.1903 216340.3922 216323.625 219014.6522 175654.5611 193465.0984 211208.2982 155327.3472 170558.4661 213879.5745 223913.0223 231578.6421 190851.2235 185853.4584 162959.1837 218966.2003 195996.3248 213776.2265 183323.6421 195989.8958 162942.1913 185777.5578 155280.0791 208740.1014 195981.522 173086.2528 213749.4561 251962.8037 165451.0946 208681.9958 198522.4296 147518.335 160386.6783 173091.6414 170592.5722 170547.481 201298.6748 226701.6682 188275.4135 241788.8806 188386.1552 195894.2725 188288.5927 216370.6981 196029.9358 167908.1896 150182.1334 218917.5467 211238.6481 211282.9435 221507.8041 185888.4926 221444.3412 195992.7477 168086.853 229038.4381 221483.4597 226655.5209 203665.7491 239214.2282 195986.0228 221531.574 226555.3444 180826.8593 193525.7694 257012.291 152826.9625 190848.3843 198580.7592 241824.7859 216397.8777 188560.6903 188511.0523 196039.7609 208756.8879 173124.6736 226531.0885 216397.5504 198537.4653 218878.2899 198461.6322 167919.5794 157861.5527 211350.7114 211366.2586 160365.4869 249480.5708 206220.9047 175637.8416 188391.5747 162884.2179 165450.7577 208754.7383 188348.4156 203689.5482 193427.3045 206219.8357 175627.4452 114616.0136 114516.7322 88974.7794 58445.5483 48216.03756 10156.51996 0 0 0 0 0 0 0 0 
0 0 0 0 0 0 0 0 15214.89033 32999.76496 66064.55184 91529.85856 106907.623 132335.9664 147701.6845 213742.2466 201040.6363 167962.2448 196025.67 206115.7524 211236.9172 206281.5339 218871.0973 152834.3152 173176.1687 203657.1282 147570.6667 129849.0142 200990.0494 168067.3265 152752.5767 190889.581 206093.8892 203748.8075 175594.6536 180738.7168 218901.081 206209.5243 201124.9569 203631.1138 175709.7485 178162.6241 190902.8532 236783.6008 201077.1249 203637.7271 162943.1557 168023.4214 195984.0244 223970.6843 254575.7827 226642.4706 193469.7545 216353.1273 165425.9059 188359.6934 180805.923 170612.534 168070.5592 193437.7647 201097.257 201003.2396 239325.4954 180850.181 221616.066 211300.2633 190890.1627 193386.4967 165445.3956 231836.4055 213850.5959 173204.549 162874.6468 226519.2925 203596.4502 185838.6973 208767.7577 221532.2692 175679.2825 175683.1721 178227.4512 201084.8226 155355.6814 211254.962 208848.4647 162969.1327 193512.1894 165435.6182 208673.8844 173126.9109 188292.8843 218856.7393 185878.7941 198455.8071 193483.2334 196090.0715 198570.2464 211232.7091 223976.1804 211240.663 223958.2095 173102.8982 236866.4442 231648.9097 175570.745 208750.538 168114.5268 221428.6285 226618.9484 183285.3752 216443.8211 203810.5436 168215.3991 127365.2151 124746.0469 122081.2686 78837.08399 55913.75114 33040.02721 7607.042303 0 0 0 0 0 0 0 0 
0 0 0 0 0 0 0 0 22855.95708 43180.22294 55986.76791 94129.09571 111936.6866 150171.2836 142646.6721 145160.9376 201109.3046 195887.8255 193510.9773 185775.4626 208683.2524 178175.406 165479.1207 168117.1337 196128.2507 180648.5279 198431.3108 173052.7356 165469.1135 208692.5219 193486.3505 203694.8665 168054.8621 208798.9247 183235.6412 201140.8306 236641.22 206266.3551 173153.2466 208778.9561 226592.9687 170582.1433 180766.2122 170555.5957 221528.9188 218982.1664 234163.6552 201118.0586 195914.6392 190917.2025 178212.3082 188369.6743 213815.456 234251.5772 188232.7733 206107.2963 208597.8065 208779.4197 198442.3273 221434.5966 213874.0661 195992.4313 236730.104 165531.6164 201207.6356 201068.4401 190867.4362 191007.1786 183203.1028 147725.7124 213754.1095 213861.1302 190958.1311 168026.7426 229181.41 198580.6514 236815.7129 211309.8644 206172.6655 196023.4284 180748.5923 193564.0347 180747.0206 183287.1746 203694.0128 193540.6035 208688.5631 213835.3712 178225.1979 190969.4611 190897.5204 183235.7808 249469.4448 183275.6462 188399.1586 170534.6288 208843.6304 201092.7996 206217.295 185792.1649 239273.8913 216390.4783 190798.3585 155239.7787 145224.6871 155307.8283 185751.2722 193398.9874 190936.0786 213899.6641 198591.1759 195951.9629 183358.8148 173092.2426 124628.997 73783.89751 78785.79047 63644.97616 35605.22912 12675.6573 0 0 0 0 0 0 0 0 
0 0 0 0 0 0 0 0 15234.70006 30480.25481 94037.2906 83965.2286 106861.7743 122134.0997 185795.335 196112.827 216445.0327 221536.7493 201142.5271 213826.4298 165477.8716 183248.5511 157935.9326 188380.0435 216336.9257 160397.0513 195930.5154 206177.057 178088.4264 198746.3699 173101.8358 213860.0948 190970.4659 188429.2786 211414.0721 157841.9501 170504.4463 178221.8056 239345.9799 178225.3701 198502.3886 198503.0222 185824.861 206165.8603 168090.846 221558.3926 191001.2121 185888.4708 196120.4188 180795.9373 201146.292 198640.266 198585.5468 196105.8041 211257.9405 157846.359 195992.3908 168005.9385 178212.9334 172940.5863 175632.2229 224012.4228 218908.417 185914.5792 167989.7907 188433.7221 218873.2382 229103.5901 175720.7541 223987.4727 185872.4616 203701.7664 203625.7816 185782.8833 203693.6494 185701.1614 193479.9231 180712.2948 216409.4749 198517.3394 239212.068 196132.3974 193512.6164 196114.7337 198629.2711 190952.2768 229148.8653 219034.5328 157830.5728 213830.3372 239356.3647 183259.7891 175734.2389 183197.0121 229187.7668 175645.3339 170574.8047 160509.1479 168127.0262 201213.6391 173185.9227 173136.4818 213879.0178 196034.7146 183412.214 198529.4764 190981.4641 201015.993 178236.4388 173183.6889 203735.7274 203472.9805 196041.3102 170641.7169 134996.4238 83992.66489 91613.10336 50796.76316 15253.38797 10142.02152 2546.929391 0 0 0 0 0 0 0 
0 0 0 0 0 0 0 0 12688.73205 38147.24767 71105.61336 83911.39931 117074.3493 134891.5253 127379.325 178229.0161 206206.0894 196002.0225 211388.2594 198522.6127 188301.8489 208745.5483 155270.8286 150256.8587 201107.4037 239346.6763 150188.3601 142555.1671 213754.1536 211097.5269 206155.7691 203694.8895 206177.2616 152744.3833 188382.6952 198552.8469 173155.3097 178109.2938 213826.6758 190988.6048 251872.7673 201064.3086 175660.8851 206116.1288 206076.0697 160407.6254 195958.9174 229133.1205 201154.7215 208792.0296 157857.3287 196128.9533 198502.6834 188467.44 180760.0628 193498.0232 193611.0216 190969.1663 224074.0321 180783.5422 193476.1131 193580.8022 203663.7291 203704.0374 208825.0571 175618.7293 183151.5196 193418.5559 229123.8917 180747.0737 183279.9958 254706.13 234269.134 208707.4491 185881.2032 244226.0464 183320.5731 180677.1374 201128.108 216357.7933 213919.5009 195959.4095 216320.4066 221442.4517 208725.1918 198532.552 191003.6699 173153.9743 180741.3456 180762.3164 206115.0266 193450.3521 196107.2737 211248.8882 216363.8238 185842.0038 178153.6698 229112.364 213709.3473 198504.6552 193418.8426 195939.1826 206259.7283 206147.0001 190963.5485 211183.169 216400.2845 183258.6757 221449.5371 206220.3815 211305.0349 178136.664 183318.4873 119622.0762 132367.1237 91681.51593 94107.48131 53392.5219 25425.13879 12696.82027 0 0 0 0 0 0 0 0 
0 0 0 0 0 0 0 0 15227.54163 50810.91238 50864.24706 66208.55728 83997.50169 117143.9194 145194.452 208867.7274 183285.251 206210.2605 147708.5687 211359.0965 218996.7572 208822.5073 183267.7497 188334.6769 196089.5138 160412.5687 185803.3681 206236.8076 198518.3903 185809.4903 155385.2799 196100.9643 180716.2476 196018.3503 206249.2285 218968.4736 221560.1035 175656.0714 167888.8892 167988.9586 188458.0494 198494.5799 167924.0677 193509.8417 188424.2826 198588.737 193454.688 201069.2563 208862.8577 173081.5215 226655.2523 224023.4522 198584.7087 193386.7887 183387.7129 201143.4997 216258.9558 180828.8772 188383.9665 203661.3289 203798.2645 206241.3129 175677.116 218900.4613 193430.6543 183324.1 188517.3408 206174.137 175654.0564 185796.6504 195967.2904 203607.4955 203618.7013 175676.9382 201149.1687 201120.0176 178195.8627 206242.4473 246922.5706 180759.964 173120.3061 193511.4359 160314.7339 259624.899 193489.4092 206189.4945 180838.3244 213901.3206 170577.5133 178205.263 211310.9697 173102.0293 208792.681 221343.745 256908.0888 201126.2414 221503.0221 157875.6976 201224.4231 201182.0862 198391.6005 178121.9461 193452.7617 239359.6455 185785.9592 178239.4583 223940.6383 201208.441 198584.713 183272.6182 226582.3988 188341.7647 196001.0778 150204.092 122106.568 86503.92042 71147.25361 45755.20992 30484.55173 15256.8329 0 0 0 0 0 0 0 0 
0 0 0 0 0 0 0 0 17754.98757 33017.18745 66084.14642 66159.82974 94150.36492 106901.2708 147700.1452 188454.7582 224088.2547 203781.3095 175706.2843 175628.1949 249469.4736 244439.9399 231598.0429 193482.7216 198566.2737 180721.3601 206198.1415 198537.8001 203684.4452 160449.4936 183213.6078 206236.0788 178201.2195 191058.3916 201206.8107 218848.6214 211263.9375 213752.1447 180759.763 180760.7017 241877.0145 241760.0164 152772.0798 216476.332 201123.2962 185935.4423 170566.7574 216398.7912 188388.7747 173076.8615 211270.36 160402.897 216495.3258 206189.59 236906.4943 173185.6332 211359.5907 208852.041 185703.7991 162864.1597 198568.3132 178199.2203 213911.6082 211210.3444 193451.3118 198589.9193 170512.8863 165488.4863 196006.6175 178222.3265 218800.6621 165491.0414 203703.5939 218815.9029 183249.975 165588.3741 185867.7641 208759.2817 211409.7216 180777.4064 203700.1375 173185.6771 191103.1636 216360.7943 193558.0514 193626.9121 201044.7577 198446.5758 175628.7021 224039.6891 211260.8122 201053.9203 198547.4971 175680.9632 188388.8467 188472.1194 190883.8243 180829.7352 160399.0836 173151.2199 167964.1173 190981.2392 213883.9562 234300.0649 180772.9918 201117.1637 178156.3074 206307.2453 193372.1953 173143.3166 175686.762 180832.7471 175700.2128 167920.3803 160375.5568 139943.8784 91509.16631 68672.00426 43236.76402 25406.40743 0 0 0 0 0 0 0 0 
0 0 0 0 0 0 0 2531.698721 15236.70905 48250.73033 68673.7632 96678.29559 81485.58798 142628.3061 129940.9389 178217.9907 190972.879 206095.5512 178274.5916 223962.5372 190800.9971 231790.6325 193547.4858 206297.4534 129814.515 180716.3042 244472.6345 190967.9442 203664.3984 162957.3617 211272.5239 160415.6462 170616.3485 167974.9139 231733.6981 252021.2728 175595.1733 185856.6399 155230.35 178214.2587 173069.5845 157812.4734 198586.1676 162875.7924 201056.9274 168014.9374 124791.1265 193425.3448 231638.4351 185816.3171 198519.5156 201286.2802 195988.4999 198658.8282 203700.0332 206309.1574 241859.1726 206256.6914 208850.9713 221542.7482 165560.1138 208878.2482 223891.2654 241904.6388 223985.1402 203700.9454 178107.6329 211240.9859 157877.476 188536.4993 221380.8544 196083.9196 226633.0133 175763.1271 193607.1863 216318.2245 211464.0316 218914.6715 165431.4975 262338.58 160443.1956 195940.0866 239413.9004 246836.3125 216464.8786 206230.7122 195985.4605 203667.105 229121.6425 234237.6568 224176.2244 196042.6484 185828.7066 223991.5565 196027.7513 168130.425 180641.2021 180852.2823 218904.3324 162943.4628 234229.9389 196077.2175 185960.6866 216469.7776 257117.4666 219013.6354 180766.6629 239197.714 211350.7528 198521.9161 213876.3076 188262.7998 216315.9086 198503.5273 86463.22171 119584.2505 96592.64673 66136.29541 30485.98411 10169.0849 0 0 0 0 0 0 0 0 
0 0 0 0 0 0 0 0 12685.00644 35553.36716 61036.15184 68681.22234 134889.2947 165354.233 119762.6719 165456.2653 216344.6625 185778.9349 201074.4379 178168.5512 229172.3686 229053.1461 190925.3751 196109.0728 170583.9161 188323.5374 198619.9481 201014.5631 178225.1414 211286.5911 162846.3246 201266.5472 170686.1317 208752.4415 196086.9998 213866.1111 173206.8058 226722.6368 170492.4143 196195.3657 211253.1599 178151.8561 198555.3289 211419.306 216388.0609 185817.7193 203713.7363 193390.2369 208788.4677 234159.9773 208835.4822 193514.9545 198633.5971 173157.5843 218920.0732 180914.6491 175686.4324 160309.3763 213847.6071 257138.5499 201013.5856 178203.4875 239399.3258 173136.4124 224149.884 150284.8124 196061.4812 201240.2528 140075.5528 211305.0691 211300.7946 211347.4192 183330.3582 198570.3233 168065.4598 218942.9696 155300.4469 208711.5374 185765.2501 221498.8304 185840.0797 150198.1954 226704.805 178258.0508 165386.0066 183378.4747 195946.9803 211431.8608 239329.3357 183348.1108 167955.4426 188494.5018 175589.9897 203664.5399 175765.2401 190985.2652 185822.1633 206240.5281 188479.095 198608.3507 213927.9939 152922.8425 203712.9115 193579.2017 168122.5247 223984.5862 198631.2216 201127.8426 208704.8185 183328.9314 180753.1497 188413.7913 162929.9622 150211.0136 124725.0818 122152.9254 86519.661 48343.62238 33089.4459 20306.71854 0 0 0 0 0 0 0 0 
0 0 0 0 0 0 0 0 17753.39693 20323.15861 61060.61109 96649.25506 89113.67091 104386.1698 180902.5857 165586.7198 246901.3942 185797.2224 185773.6279 236834.6123 213976.84 170619.5672 221436.6187 226520.8738 208833.5962 167941.1461 175534.7307 224030.3245 203773.9159 196051.4684 213853.6584 213907.2233 208838.0608 188474.1095 198676.6328 213819.2804 198552.4253 208690.8179 206223.1174 236809.1017 185868.6508 201219.3059 188420.2062 216409.1036 183405.1384 203746.8442 180811.5696 183236.4924 216426.5709 196147.1964 211494.0044 175657.2672 188347.4501 213979.1674 221506.5675 190936.8591 193422.0405 162931.9288 239300.6238 219075.1112 188536.6186 213836.5171 198589.5107 168069.6754 193622.7373 201271.8725 216393.4612 206249.8445 173157.2914 221530.9739 195997.6793 160497.4439 274981.3428 170497.0734 162979.562 224079.5939 203682.2364 185897.4261 170580.0595 216443.1245 208856.1147 203652.8066 188334.9935 183265.2471 216413.3056 201103.7658 219068.4513 185906.1696 226641.7994 173065.2118 201107.8402 170591.0068 208863.8198 183337.094 231657.3136 211338.7472 178341.7196 218893.1827 145101.8355 218830.4061 216390.1421 170592.4255 190968.9566 185915.1414 198536.0328 190956.7097 198626.3034 198522.8881 193396.1119 175739.9796 229223.4967 155273.0004 168123.2669 180769.1096 112024.3083 99169.40396 76267.74386 45709.86061 17771.09114 20296.98226 0 0 0 0 0 0 0 0 
0 0 0 0 0 0 0 0 10138.45027 40634.90962 58473.56522 83910.24392 94055.14588 124706.8508 163084.1882 165542.0891 206261.2039 239384.0816 206247.4978 211286.9511 193487.1 219000.7874 165543.9946 196050.9245 208703.8402 180851.6339 180834.2042 244352.3319 216423.5644 203655.0678 196136.5805 203721.6562 221472.1375 162966.5934 201227.5157 229237.1315 147710.8548 180687.124 231754.7167 178249.0957 196120.1089 180830.7164 241892.4044 206204.4935 196058.3068 160400.2291 180817.652 226695.7271 193537.3026 221494.2683 236756.8858 213922.6444 213871.2807 223982.4207 185793.5151 239385.288 175656.6112 201128.2223 234429.5824 163014.5054 168077.056 162950.7325 168078.995 208824.6649 165473.0915 185912.6302 183385.2724 213913.1534 229182.2129 226524.2161 175627.2887 193518.3883 213855.306 180769.5462 168036.8954 185926.578 162893.6306 183249.8813 185891.1409 193434.1585 168011.5008 198544.4995 198580.1241 188343.2315 206195.295 195926.1117 150129.3688 180758.7469 183362.3933 188429.5585 198687.5493 168088.7357 168056.9511 196024.0271 244409.7487 231659.7663 206404.2745 180782.168 201108.9948 178131.2332 206214.2098 160350.5768 195957.6542 206312.0108 201106.4009 185869.6777 203753.4812 183255.1151 196099.2025 193535.6133 198426.6705 173111.0406 198541.3654 157834.5849 147714.9678 114562.6952 73724.5699 48298.52245 38136.78846 10156.31366 0 0 0 0 0 0 0 0 
0 0 0 0 0 0 0 0 5073.120556 43215.08963 71138.47757 99205.81274 116999.6097 114525.803 132411.8747 152795.5773 219044.0425 188405.6074 211358.5216 206141.1816 226457.6882 183326.6588 249493.1143 173175.1171 173099.3014 147731.0985 211264.6988 196050.9858 201181.8555 193467.08 198627.8073 196103.6004 178295.4559 178169.7631 170634.3008 223975.4202 203720.0198 168078.7059 173195.4729 193620.7127 206191.5131 213860.754 213919.3135 213898.1108 180746.396 196114.0236 201234.541 173187.4362 211417.3803 170524.6509 208707.1534 185855.8237 211361.992 180773.5907 163078.5961 180857.9822 188453.8323 193420.1632 221544.7429 201156.8869 211337.3047 201114.0999 188370.0273 224124.7511 198614.0209 221434.7686 211388.3595 183329.1343 203736.1182 162981.2655 198658.7521 203784.5574 188375.6339 193384.659 175622.2727 183309.7362 173122.0669 203734.8511 208836.6883 224052.1592 231628.6423 188374.2196 218915.967 221479.815 190892.7449 231701.0712 201256.2911 216462.1826 226606.4241 162905.7825 165499.2805 219068.6227 183327.4276 183339.0339 203628.4337 203707.238 206145.5015 183210.4146 208769.8848 211259.0222 183329.3117 203703.2783 218891.5337 224060.9135 206114.8672 195959.8414 185885.2938 198468.0678 206250.5786 183297.4967 216545.5463 175819.864 190939.4265 185874.8921 106883.3744 122246.6713 78842.31005 68612.64385 43192.02513 12698.78891 0 0 0 0 0 0 0 0 
0 0 0 0 0 0 0 2538.78533 12726.73817 33041.69916 71174.37958 86493.5505 106868.6662 127308.886 132442.2309 180856.0698 203692.3641 190886.2346 208690.2515 170643.6032 213858.3889 190912.204 211299.0732 193562.1593 175601.4241 190911.8676 190961.5542 201117.2224 193411.4366 190877.5034 211186.8792 193488.4259 173081.1868 193483.5066 221549.3499 188455.9035 193442.4148 241792.4538 183290.6098 218983.0822 178166.8284 198598.5807 203627.6112 221481.042 170484.0541 193403.2422 180839.9574 173124.2583 175683.5423 193564.2777 160415.0471 203772.9493 254631.7589 229235.7077 191003.7701 191001.1554 216505.0107 180639.4663 216413.4465 170567.3669 193535.9215 218898.5945 134958.2183 224121.2799 190936.312 198534.4175 216454.7048 157824.0388 175701.7931 191024.4246 147701.6872 195948.3135 145147.3945 216391.9552 213898.3947 180703.5294 157910.812 190912.3992 206307.1539 185844.3803 216367.3622 203633.6348 213864.2805 201126.0333 213955.3525 178199.7816 196065.2954 178264.4201 218921.0546 198589.9906 190921.1087 185862.009 173161.6564 203636.8142 208782.7756 178273.7381 216312.9817 211302.3387 173127.7339 178291.3561 193483.1198 216439.0441 190868.8301 203612.3594 208748.7498 201066.1982 180845.454 193465.4726 226681.4125 216331.5794 211440.6725 213736.7692 175617.299 147752.4698 160333.8966 106792.2176 94117.44263 45794.73203 38064.93168 15209.34773 5070.864514 0 0 0 0 0 0 0 
0 0 0 0 0 0 0 0 12680.55977 48245.38527 61092.32786 68715.98217 119632.721 122175.7528 150236.0795 213947.0669 206253.8118 206298.7829 203747.2574 249617.3499 244401.7833 193516.7255 185852.0686 195970.1795 170544.6038 213844.6027 236682.9492 206338.2837 236883.4645 163008.5112 226609.2553 211290.3898 185852.0106 178217.421 208837.5515 180823.918 198664.9443 213879.7693 193398.3698 185978.86 206293.0056 188349.5076 185829.4037 201174.0262 196011.3982 206127.9531 188525.5364 178102.5141 162946.5308 173131.8018 173093.7965 168058.4155 188556.845 152783.0641 208924.7792 211330.1051 193542.0318 221599.5635 211398.798 203702.8049 236822.019 168043.2101 241906.571 193539.8655 218960.5778 218994.276 180854.771 170527.0285 180789.0749 191005.1467 241813.5684 198632.9107 191009.8863 196083.9186 196047.6501 211262.2636 190999.4287 196074.3182 147698.355 178269.8459 216384.0947 201062.3973 175838.1785 206153.3935 183334.8108 201157.0336 183339.1208 180811.5602 162920.5017 191035.859 208725.2395 229230.1834 221522.1027 231738.9418 221410.2723 183345.6786 178248.4419 168072.0265 211397.1552 211354.9491 185949.3175 165487.8548 178110.1958 224050.2527 180794.559 223990.4793 221493.9228 213768.9213 234181.4245 229103.3434 173177.431 145132.2537 198691.7823 178254.3421 127252.6934 117040.9626 86469.9806 43212.24625 48282.29703 20293.64956 0 0 0 0 0 0 0 0 
0 0 0 0 0 0 0 2533.959649 25406.26742 40623.30767 55900.71559 99188.10617 104333.6122 152787.6216 137447.9818 170566.7687 257158.4189 193488.34 196085.6715 185762.5299 203727.967 185833.3199 226524.5664 224063.5124 190984.46 198655.4742 185800.3663 206177.7174 188385.838 183346.9038 206223.6688 234129.0005 185797.1018 190950.5581 262283.372 185905.9826 188416.7498 259746.0704 178222.6045 226660.2077 206313.2334 231766.2702 203694.6935 168041.6635 168066.2715 249480.6896 226667.3652 234299.2101 168097.568 234308.1531 173209.8148 249522.1097 185921.5297 231657.5891 211195.6127 241869.6124 173103.2219 203729.5311 196058.6495 178235.5831 206281.8945 168120.2015 178248.2654 180773.4497 216430.8492 190814.7222 211210.3408 170574.6763 180743.6223 208749.1951 188358.1796 178377.0568 188517.7002 190900.7311 173251.0208 201200.6957 185958.6362 221568.0668 193470.2871 236805.421 170642.0881 224036.9644 201148.7646 185852.3657 231701.2802 203688.9284 203711.1927 206219.9257 162970.4189 185909.8659 173106.9501 221561.9938 191063.2684 211286.4911 206215.0506 190905.2063 216423.9442 196042.5705 183268.8686 168044.6237 221458.4998 213808.8641 162819.1278 208846.6701 229068.9639 185863.93 193455.0828 155374.673 165490.1034 201157.0937 221530.1399 170609.7457 155286.6523 122196.5363 140043.8511 132396.7403 43229.23452 71154.90238 33048.15557 7625.823779 0 0 0 0 0 0 0 0 
0 0 0 0 0 0 0 0 17798.81876 40644.33489 58479.32127 83948.40832 91625.49087 91553.68052 140014.8668 193516.1625 152837.8016 165465.3679 193416.6287 208771.1252 201159.3671 198652.2719 203723.6725 201219.8694 239269.6581 201109.6614 223990.1476 178274.7149 206245.3222 211269.3003 183197.2106 206194.2795 216405.4703 198633.5316 211352.6447 208840.0546 221635.7028 208766.4538 180796.9138 185949.9683 201184.7094 196079.6775 206258.1457 175576.757 216356.9613 178202.14 218982.2289 160333.3548 185922.3367 178244.6595 219108.7246 241896.9813 211464.8713 211333.4812 186009.8603 188378.809 188364.1343 155248.7421 165505.8555 175813.9562 211280.4382 226568.2353 188523.3973 203683.1491 188369.8304 190941.7867 173249.559 193454.2421 208851.3644 252033.365 178166.6503 198523.4901 198620.7998 206201.0513 241944.6345 216481.5513 160413.8942 175755.2335 206183.7447 211410.5018 198702.8052 198657.4861 221495.1481 241949.6122 183323.0328 191077.0687 231738.2019 178262.5506 165507.574 203697.4752 198641.4066 183280.3929 219087.6283 185885.3038 178284.6838 185880.7108 198631.1776 198648.6638 208710.4379 208725.2059 198640.3859 183328.8058 231661.6641 206198.6352 152702.2838 168117.8278 216388.5258 213798.0705 155442.6978 165514.7654 173129.8516 201117.6363 201280.6254 191062.6126 124668.2298 122083.0052 109366.7605 68684.21717 27936.28346 15221.84665 5084.247569 0 0 0 0 0 0 0 
0 0 0 0 0 0 0 0 5092.267063 43198.48821 45741.04624 94161.49627 114515.3673 127209.7629 155291.6174 208673.8234 203737.9219 162853.6202 168025.7071 206219.9276 211396.7892 218849.1107 175651.7833 208746.7028 208798.3869 180861.1786 226591.034 234257.3643 175709.368 168014.2223 224149.7262 246932.7241 213881.0793 180932.4018 190926.6656 224096.9074 196047.5682 183377.2282 188468.8958 193460.6901 147662.0742 213957.293 185879.131 180746.5973 198518.4869 173110.1025 191033.9487 213933.8722 175645.8785 218989.5223 198716.3467 211233.8821 198639.9156 201121.2019 180860.8346 208708.1584 201203.5386 239420.0268 191090.1405 175653.1643 201024.4657 191036.7484 183421.3454 180784.6278 185778.7772 224026.5919 196028.1144 180738.2643 213889.4912 193459.4583 198586.0923 198632.7468 157971.1799 206260.8694 180804.6921 213861.5616 216591.7299 180816.8189 211190.2575 178202.9306 193519.3342 198719.4213 213950.0955 178310.6792 211457.1429 226538.3344 165549.085 234319.2188 178225.3301 213884.6114 198593.2239 178188.444 216456.4052 170511.5816 196097.0176 213983.1464 196038.3756 198616.56 155385.5036 185950.4843 218866.8692 183372.3381 190973.5816 191100.5645 198649.39 201231.0863 173244.2862 206237.793 168127.6352 196104.9853 198606.1101 208745.1288 183272.6106 155345.983 147580.7398 89093.83807 83934.12779 53398.07594 35560.74306 17778.4241 5072.324083 0 0 0 0 0 0 0 
0 0 0 0 0 0 0 0 22875.23076 35577.84644 58480.82265 68666.75999 89051.9062 124830.7765 147751.0684 216514.5079 190895.846 188346.8919 157812.3343 239232.5649 206243.798 173170.3496 183303.9193 129938.9169 213966.413 206161.0453 185878.6925 211337.6157 231695.3303 168050.3537 224083.2373 180808.6301 213786.8732 203765.7437 173199.1324 183260.6757 183350.9086 211326.3639 183328.1618 142562.7929 216404.8073 160339.9306 193633.4057 185822.2342 168015.6486 203605.6654 203627.733 206333.032 178314.7946 190937.0642 213847.7469 206408.7541 183272.6415 180873.3044 183279.6221 213965.24 198728.6198 155376.6998 188389.3636 180806.1766 188380.9977 173191.7232 170633.3991 206151.99 180790.5382 203682.5336 170658.9118 241845.7807 190938.1562 160414.5527 180757.5034 213825.9725 211244.7439 170574.805 219100.3901 196032.1594 216501.4202 193512.863 193558.4971 193575.5179 198574.4826 213887.1743 183293.4427 180716.9978 211342.0259 198751.2365 213856.9336 180774.7173 170559.9351 213863.0003 198489.6649 185899.6816 208851.1106 201054.5781 201083.187 191071.6285 208920.84 214034.5437 170610.0335 162889.1433 213896.7122 190919.0915 218943.8288 183208.6342 211298.4639 203706.425 216377.5976 224015.6432 190848.2238 183398.3099 201194.1988 236823.5302 180791.0159 150234.4029 142594.8678 104402.5651 81327.82462 78821.83136 38114.32663 7616.202868 0 0 0 0 0 0 0 0 
0 0 0 0 0 0 0 0 15230.69005 43270.84659 40706.94955 99198.72842 106928.8878 152743.4704 145158.6904 173088.9579 188385.0174 208848.3629 226575.4586 185866.5973 244331.7279 221525.7657 224115.0647 178217.7307 231758.3611 221475.4487 201088.0007 208943.1382 145155.5122 183217.8836 160369.8061 188458.7937 196021.9734 190870.8813 185927.5988 160389.6896 234198.2288 196043.7358 193626.0514 185886.7751 201157.3054 193477.4107 185889.2362 218986.6715 167990.8536 201114.7081 188528.5423 188370.0474 226584.8053 185908.5402 188543.6308 193689.8215 203676.3011 236927.8268 206218.7446 183296.1327 198604.3596 221599.8543 170570.9503 190993.3278 241907.4082 198587.7295 168004.1813 208750.8155 188431.0823 193551.6759 211397.4935 196058.6975 193473.761 213926.5704 198517.7511 213973.5481 229170.9758 155346.4199 203715.1713 165564.3223 206245.9837 193499.9212 218821.8767 216490.7735 193534.1851 201190.5422 196031.516 157879.9053 180760.3743 190998.0189 196094.8551 173082.0576 249478.4588 218899.3869 213938.7107 185938.3133 185861.071 216465.5487 203628.4515 178322.7615 183453.5483 226476.9621 198642.7387 180875.6744 239417.6173 216484.0903 185797.185 241825.4221 178266.8601 196106.9648 183348.7833 178319.4988 218887.04 213877.0637 206285.5932 208817.1938 173207.7186 134898.6644 147627.9107 111937.6176 94139.51394 68670.91401 40655.97358 10179.24861 0 0 0 0 0 0 0 0 
0 0 0 0 0 0 0 0 12682.90656 25404.73906 60969.99225 89100.59388 106915.9539 142541.1291 160333.093 165542.4102 185738.6826 183309.6057 213897.479 206242.8722 170641.6464 173225.1092 201217.3399 180811.7902 168030.186 178182.0171 173190.1244 188388.1658 201166.4818 188396.5043 185832.3999 185893.9896 224034.7773 206384.0042 183295.7624 239205.3221 198610.497 183286.1958 198605.7985 206237.3774 196121.8959 190841.616 196090.8445 170614.3147 163000.8479 213857.7567 239413.407 198630.2276 190937.5098 211378.9312 216511.8129 203638.0953 218898.3547 198644.8715 201306.734 180831.5324 198588.5133 193680.6195 160439.3684 175711.713 208744.6501 188380.4177 213896.6607 173123.4932 206236.6986 190973.398 175780.7642 183387.2786 226658.5811 170648.0321 196045.2296 239238.8216 145105.1205 168050.5492 190993.5167 193550.8504 193470.7378 193497.2484 201292.4534 185903.6204 216523.3951 180838.9482 206265.5053 211259.2406 198585.8472 213873.454 198644.7524 203764.4085 185844.8072 206211.4546 188490.1846 175672.8525 188566.0634 178170.7059 150285.4377 211443.5482 234334.6742 180803.8197 155366.0727 193474.9411 150292.3354 168079.968 188479.2541 206214.1541 191026.6662 216373.294 193428.6871 201232.2185 185865.9553 213880.7591 218927.6909 162979.5844 216464.2181 160353.7953 111964.6177 117026.4846 91603.34282 73714.31244 32997.00231 20302.25502 0 0 0 0 0 0 0 0 
0 0 0 0 0 0 0 2525.475426 20327.43282 33035.23044 60993.17249 86460.15226 134892.0545 117048.2933 132439.6944 157884.3103 201178.2946 206179.4071 201186.388 203710.3282 170665.6434 185866.9128 244360.4963 216331.6178 173162.3197 201174.6899 180858.7315 185896.4949 198691.2216 216378.3147 188448.6006 178243.0009 196028.7903 218870.6368 195912.8553 221494.4983 211393.0848 211405.7876 208829.2598 239268.8355 213887.6858 206298.4227 180840.9636 201127.4953 216436.6585 211325.7621 193520.7135 201201.348 185770.2715 203678.2596 190939.1844 185913.4969 208813.2794 201216.7708 183412.9056 213829.4433 203673.5641 185934.6256 211381.1729 211373.4611 193589.5869 211268.9178 183311.3622 196053.6966 198745.7731 175805.5319 201090.0966 180792.4354 236729.8567 196002.5918 175722.4377 160474.7331 142554.5209 183313.2283 218933.6767 211418.3564 198540.464 196029.9052 173137.2874 213838.6486 160416.2952 190940.5737 206237.877 229164.1235 201169.6844 185891.1531 185827.2124 208852.867 170551.3057 206180.7893 188485.8621 173144.8344 208792.9244 231648.8236 203664.6854 203735.0551 223917.7292 175771.5454 201105.4719 213787.0359 170566.3632 188492.7816 188342.0479 241857.1913 203706.3739 211372.0662 252009.196 218890.4038 203699.4136 167999.4969 193661.7228 165577.5947 221643.9349 183368.0678 119686.7725 122115.1844 96690.03381 63571.33688 55853.14681 10156.91958 0 0 0 0 0 0 0 0 
0 0 0 0 0 0 0 0 25343.20991 43195.72682 53479.99233 83933.15211 114570.1154 147653.6715 201124.2604 142539.2993 221521.8061 190987.11 213839.4518 211379.7126 188415.5571 185805.9336 165413.6011 216376.1652 183340.1063 193487.6059 180754.428 178230.755 198662.7686 178202.3541 190978.6753 178144.8402 173205.6785 198688.5436 224053.7797 185752.3633 178258.3725 188381.7784 163055.7809 190894.9192 208830.2958 211230.4739 208799.0174 196118.2239 206210.4277 203633.2694 201168.4666 175691.2169 185914.0488 188373.6999 188369.6162 185872.3751 203675.9285 152761.581 191019.7441 211259.7552 157859.0728 170503.3847 190980.8155 165597.462 218970.4721 221611.2295 188411.2317 221506.3101 183289.9104 203838.6848 155305.937 218932.7622 196072.0348 188531.395 252075.7399 190977.9842 201263.0475 196150.2234 160520.7381 216334.5442 211297.3701 193468.7039 223988.8263 168083.8275 196028.5925 208931.423 198598.2488 203605.3339 236768.2331 165503.5996 185864.2898 208758.547 239338.0396 224003.0056 188463.3187 188396.5507 239245.4609 180809.1464 213861.276 193340.9328 185880.3241 195959.0481 173190.1047 201096.1537 183327.2227 147717.5927 206202.7555 175675.112 180786.3437 208831.4305 198542.4316 157947.9278 198586.221 196038.9327 183356.5036 201200.979 155413.2989 132364.7111 117108.6939 101759.6417 53437.49549 66154.20287 25418.63871 22855.47283 0 0 0 0 0 0 0 0 
0 0 0 0 0 0 0 0 2546.240906 33065.68467 48308.94758 96681.1785 91626.2534 142589.4255 129766.5347 157832.308 196098.7795 193397.5642 226684.5025 193420.4094 188481.4371 193408.8453 178280.3445 165502.3191 224199.837 206223.362 229253.3494 196022.9274 193546.629 178218.9974 208758.4749 208820.2835 160418.9555 221432.2743 208893.6483 206250.8595 224061.4323 216471.5841 201154.4812 196012.893 183271.8303 193448.5522 206300.2358 203703.4466 190963.5056 185907.7112 168109.662 211314.5323 208801.5432 221569.3754 206169.1362 201099.0191 211343.8861 208806.4351 218853.0232 188416.751 175801.8424 178271.9318 211315.5621 188408.1431 208802.0922 201082.3124 244468.5338 223998.0044 206310.2039 201141.2422 160437.2474 157816.7154 195988.9791 190938.4114 231678.3386 155332.0092 185865.7573 190976.3203 193447.2007 206310.15 173166.8163 208827.3813 198527.284 216352.0145 236635.4357 198688.0697 193449.2693 162952.9768 208743.1351 196020.9616 231711.4735 190897.1074 196162.7304 211237.6979 203727.4237 224044.8002 173065.1502 190955.7253 201292.9936 191032.263 188474.1089 239378.8883 203687.435 168087.054 170534.2538 180786.4318 170628.7372 219089.8149 191044.451 234118.2296 231736.0256 226631.1657 224001.7781 229148.4637 206295.079 198658.2889 155275.3565 208729.9787 117113.6907 96686.92739 91572.86119 45811.7696 30481.04877 22846.44757 0 0 0 0 0 0 0 0 
0 0 0 0 0 0 0 0 7634.792531 40644.40651 63530.08229 48349.42027 114478.8553 142579.439 127302.4741 140127.4282 173188.4429 203696.7609 183229.982 252076.34 203816.7271 211402.4921 221461.1471 180801.4783 188382.6703 193502.5862 196037.2212 180727.6396 185918.6597 213752.277 190979.39 208746.0602 201196.0547 223970.6308 155454.6511 183308.7579 211330.724 150250.1939 198478.0782 173172.3921 218935.8834 180782.0415 188471.7492 180783.9897 216500.0718 216418.9572 158023.6752 229112.2811 226546.4521 185908.4664 208856.7078 170566.0134 165461.2726 175685.4698 203624.8382 221507.8595 185918.1892 180771.1734 193491.0619 185859.8817 206166.9792 216409.6662 183283.1955 221471.4409 218924.0649 188418.7876 168023.08 193475.0313 183298.2714 170554.1371 206309.5248 203628.8633 188561.9879 185766.6069 231709.2585 190989.0336 206201.6745 175699.2819 196031.4088 185874.0755 218931.6989 188335.5995 208861.7453 201225.7987 191011.0436 193518.4826 178195.1384 193459.9664 201061.1203 216465.1792 208800.8459 229141.4855 224040.1648 208740.752 170583.3371 211271.3856 213828.6451 226644.9098 229184.107 208751.0959 170593.8699 196151.4901 218973.3536 211455.6094 155364.6087 183363.2653 211286.8755 241888.7639 162953.8423 170582.9026 203654.594 134938.2194 208875.9014 152759.2061 127253.8501 106832.7242 101786.7615 91411.23554 43191.52182 7628.621967 0 0 0 0 0 0 0 0 
0 0 0 0 0 0 0 0 17752.58676 33052.87446 48325.52389 71200.07999 137397.6251 111952.0821 150198.256 221450.4995 221574.9704 208739.1778 160393.4158 219013.7794 201130.2051 224003.728 224021.1784 201242.1843 175685.5338 170594.871 203732.812 170545.562 201098.6713 183429.7922 247005.1557 198544.9871 241900.0993 216444.8849 175706.9835 203683.2023 213894.2321 211382.2197 193565.0074 224098.2897 231664.8172 221451.5964 208845.9032 160359.9063 211298.3323 193466.6365 213889.004 185870.7832 216399.248 218975.971 155278.9064 206327.763 211291.3058 218919.4453 173110.3895 150253.9199 206260.3258 211236.9005 170597.0372 234333.1209 168047.9153 206207.667 213876.2472 195988.2053 208756.4947 229075.3883 190826.0392 211437.7509 196011.2776 216532.7484 185837.1302 213977.294 206261.6643 195934.2105 203728.4496 254603.5738 203717.1617 239423.8684 193491.3664 188395.187 231730.8172 229185.4174 170538.3513 175753.2585 162899.9882 188467.2322 180794.413 173086.179 203696.5417 142548.9284 211262.4245 216298.2869 178236.2549 173148.1573 175617.6179 219012.6767 180748.8831 196078.8044 203647.4394 175644.4217 249484.9079 219095.6738 216397.0947 168123.9782 201162.7231 201107.9252 201179.6689 216376.1066 229196.0993 203711.668 160329.9804 152762.7912 168067.904 147651.8147 157731.8672 101821.2944 99207.45576 43249.86488 38084.69616 10167.74786 0 0 0 0 0 0 0 0 
0 0 0 0 0 0 0 0 17768.74352 30450.07331 55886.74488 81411.1667 109475.1653 132403.4111 178254.1704 193397.1274 241815.1344 234227.3523 231746.1975 201171.9999 193468.3893 213920.7676 178180.2863 198641.9606 157892.7706 168041.4848 208714.3383 244398.0652 211193.9252 221492.2162 188384.2164 213901.5725 203641.9668 183258.2816 234321.3061 216434.2301 185810.776 203675.9367 150192.2588 170556.0596 226434.3707 168026.5822 203711.4026 185845.243 185944.7209 206199 190983.7601 168068.0363 208738.5347 198627.7689 208760.964 173122.0832 196100.2828 145154.3771 206152.6128 244414.769 193493.1525 221489.3527 226540.3783 236878.6793 213823.0454 155282.1645 206156.5305 206167.1722 190961.1143 211421.5077 193442.5041 160406.0381 239420.1572 201195.1892 201108.28 203672.7061 239351.634 218966.3602 152814.019 180844.9582 198569.5311 165466.0645 241923.1494 223960.3371 211363.5506 231662.1258 203734.996 183356.2797 198643.1549 180737.3668 211397.7063 224084.6196 251938.8562 188353.7016 221577.622 178254.9506 160422.019 183292.4843 195901.7137 221568.2898 206245.1129 170571.757 203561.4737 211275.988 178237.1677 196002.6929 201165.1362 213869.2187 224082.1557 229290.5315 173084.8792 196101.1028 162872.715 173184.8175 211313.1113 188355.2923 167972.0706 170554.1631 137426.5643 94230.70869 104367.7094 63623.44571 53349.88068 20293.43722 2534.011783 0 0 0 0 0 0 0 
0 0 0 0 0 0 0 0 10160.8547 25389.60108 58445.67001 88974.85953 109420.9657 135042.8749 127370.2379 162985.4062 198642.1915 211296.7351 211327.7514 213847.8158 226532.3063 155284.6852 213874.8999 173163.3522 216411.1141 147692.1443 190897.3395 180763.7936 203713.7266 203647.2691 190909.2802 213840.6568 178254.7816 229101.9725 239453.1399 218902.3695 198559.6213 175625.3135 147680.4211 180816.7669 203776.3099 152743.1732 190966.0687 188464.7873 201273.3197 173091.6149 183358.1035 190826.1781 178230.2024 198702.4347 191045.8085 173083.771 226623.5859 183311.1614 208720.9408 185837.6061 165487.2338 216493.8471 185921.7199 198701.6818 191049.4866 193460.2686 188470.9271 203815.6706 229149.1574 208898.983 221411.5436 216534.9341 206279.3658 201136.5754 170528.5213 162974.3284 183323.1748 208891.8344 173163.8734 211334.3048 219023.6005 201144.715 226589.892 229146.6451 218869.3098 180800.8167 180686.6773 191017.4483 191070.5919 173136.5592 168152.7106 201266.1649 157850.6423 188375.2275 203691.4029 190952.2615 145091.853 162889.9241 183246.1275 188352.3357 190966.268 178177.0213 211352.8749 175679.3919 193466.0322 173153.5118 185814.1053 193370.4108 206185.4241 170662.8116 173122.7536 231777.2751 216314.812 241828.4898 201077.0521 170657.6655 160365.8914 147696.123 119644.4315 94112.67358 86573.1728 58468.07566 25439.72818 15235.43411 0 0 0 0 0 0 0 0 
0 0 0 0 0 0 0 2530.782996 20315.36871 27966.80578 61011.15786 89039.28961 114510.824 162733.7587 160417.6384 185905.6096 249479.8432 208817.9868 175622.3597 168083.2746 157847.8544 175730.6517 185919.7035 193567.0846 168024.1225 155316.216 203598.03 208769.6143 211246.0375 206273.0639 175697.1176 140075.0709 213850.0638 221380.3357 216497.1368 147720.6703 206210.831 185948.0513 185901.2857 241967.4297 188394.9315 213953.2665 175628.0824 208760.8609 226532.5987 162939.8099 211346.5435 216503.0494 211319.8896 196115.4838 203633.6034 196011.5859 173179.9748 216375.4028 193518.4635 201117.5039 224020.8479 191064.9132 168008.0379 193477.3725 191087.333 160411.222 211407.9602 203583.3983 180729.3497 201095.4735 178176.7541 193500.8251 239351.6335 203672.4646 208726.1924 208669.9327 157859.6753 203698.3095 185855.9637 226629.673 201094.6219 218899.0318 208837.9255 193521.777 193519.7193 249478.6412 175620.3318 193566.6114 193568.8557 206235.2389 173128.7011 206171.7535 195982.7938 196097.1515 175780.7151 180774.3013 198641.6004 190956.3591 188353.0558 193404.571 203662.9196 206213.1523 229269.666 218884.28 198485.3746 180719.8797 259634.1097 213851.205 219050.6191 211289.336 203634.5682 221664.1516 183263.5853 201193.1311 221412.0738 195968.7503 180759.5795 150315.4603 150167.7214 111955.6258 91611.32115 86438.84362 43212.58018 17782.60857 0 0 0 0 0 0 0 0 
0 0 0 0 0 0 0 0 7622.614307 45712.74223 66091.55302 73807.60933 99242.85066 150120.0391 175676.8994 188415.2959 208743.0123 224111.7336 213830.0662 211210.7688 190968.1818 221461.2329 190884.8555 201120.8809 175580.3058 191035.8443 185897.2725 229086.0327 173175.9455 160395.7858 213875.2481 165469.2437 234322.437 196061.7823 188423.061 218954.1568 160409.5294 203731.8174 175661.4513 193616.7375 213799.5224 224009.2655 185776.8008 190928.6228 208709.2681 218968.1305 167974.533 195977.8787 185794.2231 185744.9706 173175.2028 213845.087 178210.9024 180668.3378 183343.8869 224011.605 175725.3813 203680.8627 211274.6015 185833.6387 180686.2789 196106.4023 178305.7872 193647.7011 211294.8029 208703.4791 206221.8948 175736.3574 229081.5641 223962.5198 173134.8674 178210.5604 180754.0388 185871.9879 183289.0154 206311.5592 185755.312 178154.4824 190996.5577 213917.2654 211470.8069 170636.0789 160365.1129 183280.4614 236741.8886 165404.4396 183384.0013 195994.766 234170.1821 190935.3148 193648.2991 198600.0567 203647.1883 213816.3234 216488.0696 185704.7736 188397.3453 196039.0717 196128.4734 193493.081 183355.7704 178219.245 219020.1419 226573.7676 165411.9011 165541.395 183417.8252 206166.4292 211346.5 193497.7764 178175.3964 185812.0708 168113.2238 137367.0463 119634.3041 104377.701 68702.08627 61046.66403 38131.68708 12698.16383 0 0 0 0 0 0 0 0 
0 0 0 0 0 0 0 0 5063.08119 25371.03067 50827.82354 114548.0393 106856.9111 119692.9274 119627.297 145158.2893 155303.7224 218989.4353 218996.5204 218981.4196 211287.7656 206178.137 213856.8984 211372.4831 198514.9805 206160.8324 216311.1276 203724.5774 239393.4667 196081.3139 203675.2931 190990.6005 213893.7299 191042.8216 211391.2322 147629.5072 193490.3618 198540.5128 216445.029 218990.7525 221489.2413 193465.4868 162908.9544 231699.2785 224083.5022 201045.3273 224165.4345 211292.9349 196110.6576 188349.5979 221591.1453 178233.9088 221544.2613 208822.1426 234146.1995 183299.7376 216374.7378 193507.8335 185815.8398 162972.2186 170630.3359 211330.2412 193442.8152 234353.2963 211235.2016 173179.824 226542.8338 213876.1679 208755.257 213917.7413 203789.9861 165546.8803 216265.0188 206242.4846 173045.3601 236707.4853 231690.3322 201075.9756 168005.2479 208734.1191 211390.9486 213900.3976 213939.3273 201071.8963 180730.6986 201168.3634 218877.0376 218987.9361 203758.7932 208752.2614 168059.2218 195958.426 180673.8523 206123.677 190963.9957 190875.43 193423.3304 234096.2778 183228.7084 206089.0827 170532.2718 180744.3158 244396.5301 190994.8363 196074.5884 173184.5392 203739.9528 190902.2232 262134.7856 167975.0896 206311.1034 193424.667 183264.128 147695.8687 117186.932 99279.26018 86510.92019 68743.12515 27959.03941 10152.47595 0 0 0 0 0 0 0 0 
0 0 0 0 0 0 0 0 12693.9381 27951.15686 86429.85642 91519.70571 106801.0648 134944.8339 178269.9115 162916.8827 208796.7722 193548.5214 203673.5946 218880.0111 208845.6041 221417.7955 188431.038 193485.7898 170501.5511 190883.5133 185794.2184 221560.5526 201057.5278 160453.2508 221349.3907 178234.2107 196039.4236 157920.5524 208784.3142 259726.4981 175665.2261 185882.6015 224100.076 170524.6579 196147.573 196017.1938 191021.5548 178144.3667 180653.1801 173110.3133 196027.9798 247017.4683 221487.3291 168096.1457 213708.2079 178225.7764 190877.5252 188378.0031 198657.6088 224061.0648 239318.6631 173095.8713 165478.5145 219025.3892 180776.6704 198652.4821 206230.7494 208739.9666 208770.7269 183290.0167 196102.2925 226636.3261 183277.9122 185843.2276 229251.8556 183305.5292 267345.1075 216506.3746 244313.4544 178169.4241 201117.697 167997.7948 173157.2655 201124.1603 206284.8997 236795.0626 150286.2393 175705.2901 218989.8893 195998.4988 218961.5836 216401.8108 180712.6076 206230.5117 178275.6081 221350.9974 173140.303 180600.4057 208809.6632 208694.0908 190978.4628 211247.686 160328.7585 203636.7003 183261.252 155304.6231 241804.3179 198628.0269 178225.2943 185793.9929 208745.1428 172960.1558 183336.2398 229111.2755 203532.0647 183368.0435 173163.6983 178235.0276 160452.5135 109422.5286 71258.18749 73667.55089 38074.72515 20313.62077 0 0 0 0 0 0 0 0 
0 0 0 0 0 0 0 0 10163.70706 27973.12842 56014.76268 101730.8655 101785.4469 140024.358 165459.279 216464.2518 183222.1305 203789.3367 226684.6323 213805.9924 254482.2777 211246.9379 213884.5041 170513.843 168104.6157 216408.0681 211275.7752 188471.5333 193511.2681 206101.8693 167876.6507 203658.0276 145148.2276 229158.7128 203704.5729 203578.8871 206310.055 203732.7532 188461.6041 175724.2552 162896.4398 206179.9524 155372.9761 193448.4745 203632.6995 229127.1954 160371.9803 203569.1283 188454.9535 188420.5674 211311.3996 203500.6581 198683.9995 224011.3908 175740.2554 254622.608 223945.2516 193457.1881 157909.8023 247029.2074 167979.0826 190925.5869 221596.8616 170541.5945 213797.8966 201098.3079 180759.089 188313.9847 178220.8965 162885.6942 142594.1534 188318.1825 211335.0006 185830.8043 198661.8648 180744.6318 162955.8912 196031.8343 219094.1388 196065.0691 213954.6565 167907.9307 185866.2628 152755.012 198621.0651 213833.8769 170570.0247 229053.7971 188517.012 178246.0111 201222.1574 190932.4785 170595.2079 188501.5788 180792.6862 170636.629 218971.3424 221497.8492 150266.8617 203556.3916 203509.1751 206199.5941 183238.8451 198592.1465 190930.3651 231641.3566 155314.612 165605.3784 224010.1646 203648.1905 193390.4074 162962.6499 191067.8813 145229.0984 119585.9559 99224.64927 66135.44891 55946.1285 30519.21394 2536.443177 0 0 0 0 0 0 0 0 
0 0 0 0 0 0 0 2539.49778 5083.07289 25396.73342 40690.77457 96690.62809 104141.0379 145123.8887 155235.619 175737.2959 178219.6506 223946.4371 203609.2757 173166.5727 160413.0899 223996.546 244457.8478 203691.5345 188258.6001 150025.6385 224029.0536 195909.8261 208646.8447 190934.696 175541.9243 162884.0049 188363.1965 173096.4251 155329.6796 221408.4938 173198.5846 180781.3077 157915.4622 218893.4214 170672.7604 213893.1041 180765.2202 180720.1285 173122.5773 183232.9799 213790.0102 198557.6095 193502.3714 188471.8132 213902.3319 213905.735 162987.8759 224114.9914 180807.2355 188396.2174 173212.4363 236819.4741 234339.2947 211325.6169 190795.3293 190968.1057 155311.3402 178235.9582 193517.7232 173016.9312 190936.8328 206201.4576 183191.5915 178243.8617 223950.7766 190996.3911 208768.2634 201048.9784 269908.1565 188427.7559 193507.8398 196142.8431 203731.0815 206160.5983 213877.9666 165524.6268 190940.7671 170546.526 170627.9322 201129.1639 218886.3003 183333.2168 190974.0378 178166.1778 208791.2462 203635.0698 196008.009 173139.1971 208854.1322 180791.7544 196041.3238 193490.0325 239325.4699 198702.4278 155285.842 196004.8681 213771.6446 198587.7309 218993.2659 211152.8635 221435.6576 201137.873 145204.9613 201137.6207 226663.022 203740.9463 213901.6758 168119.1294 127127.0024 119552.1861 86467.87824 55984.10108 38080.37593 17777.10181 0 0 0 0 0 0 0 0 
0 0 0 0 0 0 0 0 7626.676312 40658.3347 55905.8589 81380.98036 94151.39159 140012.2406 147649.3856 162966.1472 223926.1898 198583.0083 178281.6322 173064.4051 196114.6933 193364.6918 178140.5654 241867.4777 236731.025 160420.4707 201065.5353 201079.6691 172952.1215 216354.4233 231741.1095 208722.8398 198525.6829 234279.2811 183244.2649 178217.4139 165527.7255 208768.5183 198598.4973 198525.9068 175747.8035 173124.9737 208771.217 183226.1923 145121.3653 211247.3341 226639.9967 178205.0828 193460.8222 203547.1834 211353.5398 183209.2712 185816.5336 216301.9761 190983.6209 175563.5004 180724.2213 223986.2122 239205.0235 183336.9959 198609.3612 213847.9089 201065.0678 221412.6968 188261.8115 188444.1328 193450.3901 190836.5201 203654.9629 150211.7436 180781.5418 231583.0876 201208.9443 206231.8286 221513.3225 201060.3449 193564.8218 221440.5987 155257.2602 168068.6737 234199.9486 213880.3896 211259.5583 178225.0819 180742.9712 190985.0199 175709.2131 224016.4126 213857.3114 216451.2165 211279.581 183180.207 213789.4507 201026.9412 198529.5088 231660.6421 190905.619 193448.4714 188345.4148 200988.9333 231676.1984 224069.7265 183288.6322 193423.2238 234088.4228 216347.1067 188335.6118 185816.4941 157901.7357 183314.9601 226611.8868 190913.6108 150203.1613 152823.5604 122188.9256 129829.843 45707.1102 68599.3857 43164.96173 20301.75878 2539.123365 0 0 0 0 0 0 0 
0 0 0 0 0 0 0 2532.481077 17786.47686 35546.68196 53381.99299 73759.41707 114444.0757 155232.3955 150147.7874 163056.5148 190895.0919 201072.8776 213853.1989 183314.292 203577.2874 190804.2357 201072.2868 213864.5931 183219.6227 201120.6086 211321.1801 213874.438 201090.5407 190816.6484 198543.0071 180875.7178 206132.0452 211282.9327 185863.6322 229256.5809 150135.3337 180682.8794 170560.8071 178232.3643 203628.3729 190929.0796 183333.4961 152699.8279 196116.0249 239217.7356 185734.8669 226519.6676 178191.3135 218915.3853 203780.0734 224036.6888 231695.2806 175761.4655 162904.5123 208598.6282 178153.8405 226577.5421 208759.7232 196065.7873 193333.9599 173114.6554 198396.6772 216441.4724 203488.4649 216440.9596 190960.0036 203587.9446 216475.409 160415.7708 221604.1115 236743.6622 208694.0838 183388.8544 213895.0208 226665.5393 162811.2665 175659.2259 211337.8865 206175.998 195973.7337 178264.3787 206257.5175 193537.3384 193504.3247 198599.9199 160373.5277 150172.2937 165554.2444 162961.291 193608.9093 221376.6504 193401.9667 201111.9774 162966.3807 193650.8282 188327.3827 195924.9273 221500.6568 185790.658 145029.9541 185757.6178 218888.0617 216338.128 208666.8001 180793.578 178223.0662 188422.3885 173052.2933 193453.0588 201101.7087 140033.5801 178164.7734 145116.1873 127380.5998 117052.3079 68707.4537 66048.09254 43184.73889 17772.30166 0 0 0 0 0 0 0 0 
0 0 0 0 0 0 0 2539.584617 15215.57598 38109.2946 73727.60625 86448.50125 91501.27354 162802.8449 155336.2858 162897.7948 249553.4898 234166.8191 178207.4215 234105.3032 183264.9609 188375.7766 213877.4534 216416.521 228929.661 160414.2092 196170.4767 203705.5466 190966.7751 196007.6311 208837.1437 203694.918 198569.9581 231636.7915 208692.6582 213834.3394 191031.055 175551.0251 251986.6837 173264.7157 211382.7596 190873.5423 175604.5291 190874.973 229261.6184 178172.823 213835.1622 193663.1174 216526.5992 221549.6711 244336.4582 201078.7832 251996.7363 221462.0608 178198.3872 226458.3511 185941.4651 178274.8757 162854.2643 239387.2244 206174.433 188345.7574 208768.2014 241884.8415 224092.0989 175619.4943 234156.8874 165438.4491 190854.0037 173197.7982 188497.1081 196116.9975 188337.8452 254593.9862 175728.9019 211374.8716 165516.1138 208845.3049 201131.2522 198579.5503 196070.3398 211253.8451 198445.3791 196014.3921 208710.0359 170586.801 203574.3773 221509.8788 162913.3747 168090.7039 162845.9803 216376.8529 195962.0064 170579.7115 180696.4412 211286.0129 145001.5202 193396.8752 173041.7739 201080.714 213879.3919 145124.2609 190940.8516 218919.1456 231773.267 211096.8399 193489.8816 191083.9993 223924.118 208687.6039 170549.9161 180673.831 170503.2547 132394.987 124771.1903 106866.839 81347.3393 71160.29426 27945.30121 10161.7656 0 0 0 0 0 0 0 0 
0 0 0 0 0 0 0 0 12666.13675 63529.09761 71127.06522 83940.31113 89027.48117 132330.1239 150125.7919 180735.2861 150276.8229 160435.7478 180708.952 223972.8213 196048.0834 180777.2171 157800.4873 206115.5788 221457.6214 208777.2434 244392.1767 208792.1061 173073.0245 165233.6712 165465.7404 198483.9412 183271.2228 188329.2244 241812.4019 196009.9417 211282.5755 175628.0581 223971.9832 203670.7428 150158.1778 180709.9399 208836.8712 170551.5996 188294.889 201035.5493 198591.9615 282537.5928 155263.5564 216347.5533 224025.4403 206218.1176 178050.6935 206136.3207 180780.3798 183213.789 183334.616 193515.4947 201149.8495 239268.5797 211235.8736 211331.7198 208816.4227 173027.8958 208671.3599 219009.6841 175690.7798 206040.0261 226531.5085 193551.6548 195948.3116 173170.0265 208723.5506 226386.0212 178122.9858 190958.5089 206221.3285 206088.8978 185925.7344 241864.0074 196031.3242 201251.808 218977.5679 190804.4278 193433.0453 206377.8965 183216.819 167949.8995 211373.9429 236675.4743 203617.8779 157866.5656 152729.6264 162801.9829 168005.2151 229040.7517 216468.7355 185711.7087 198504.4108 198518.9767 208675.6522 211379.5857 211321.6345 226671.391 211309.6433 206132.0075 234154.4449 145077.7334 193401.4205 203671.3988 201079.9672 200968.2695 206141.2841 185754.2112 145191.3796 86519.52732 78847.99117 73690.13196 50805.53793 15242.13376 0 0 0 0 0 0 0 0 
0 0 0 0 0 0 0 0 17825.46667 76254.9906 66150.6087 99160.6152 104320.2633 152658.032 124724.2813 168009.6442 180685.5901 234073.903 198435.0302 216314.7629 175637.1379 206230.7413 173014.3521 213877.6483 175698.3295 173235.7661 185923.6371 180671.59 239410.2011 226307.7793 198625.4955 206209.3546 216363.1145 211188.6377 211313.0812 213888.1759 175645.246 206087.4241 229175.6078 160397.4215 165544.4698 188235.374 211300.3398 165420.5904 178213.214 196089.7423 180726.9049 203584.0522 168016.3267 236763.8564 218906.7622 188360.2009 203705.6709 193524.7091 221503.7255 193573.2625 173078.3452 211327.6645 201102.6732 218765.8274 236774.7624 150181.7481 203634.3177 191051.3785 231653.6038 178111.3905 180720.6747 180734.7118 211227.9288 173130.2512 206219.5865 155318.7646 170498.3473 173087.2031 239152.9688 183312.779 155247.0572 178204.8044 206240.9334 180684.5224 216399.1183 160378.538 229013.1394 221448.7638 193499.0846 190885.6145 208737.601 198572.0736 213796.7283 203653.1045 185752.2014 231626.9414 183123.2265 180626.7585 211244.4154 254469.8858 229049.3817 170497.909 241840.3095 180730.611 195913.9911 183239.9361 234229.6711 221386.5705 165485.7898 216476.2779 198569.9387 206159.6498 208703.07 201116.8431 193448.8942 246915.3048 185778.5278 165474.46 145100.2847 127191.9953 81419.40298 63560.58298 33046.28003 15222.40096 0 0 0 0 0 0 0 0 
0 0 0 0 0 0 0 0 17774.16838 76277.42784 53404.91815 94051.34474 99224.67581 129848.1806 142599.8952 165532.1983 180657.9678 188321.797 190984.3568 198519.0364 249419.5862 206147.7199 195864.7089 201173.7875 224190.0464 175606.7164 203690.5977 165389.7021 226468.783 201117.4339 196019.0308 211288.4692 218928.6419 193406.3989 165489.1125 190834.9509 198543.7164 213820.976 221501.2631 218915.1163 180841.8317 170590.6101 211278.9043 183173.0513 211234.5641 180841.1617 190866.2997 173073.2489 213801.7392 170550.2668 203528.9997 211336.1109 228965.6375 218916.9993 246895.7922 213753.2419 196124.6432 185852.0109 206165.4401 175605.0549 213710.4437 178135.6396 203553.0986 196000.5961 193404.6171 203682.3028 155196.5169 185760.3357 203641.4974 198482.329 180605.0886 213904.96 213793.1911 185932.7372 221342.4236 193441.3317 208697.5631 183181.193 193589.8396 175725.5658 178182.8678 188294.1353 208562.2265 173055.7241 190896.8284 124831.9714 175591.1586 185893.6485 190925.7706 198549.134 219002.4031 160399.457 167963.3138 180798.5563 223966.7027 157819.3259 213845.146 211359.8186 195996.3039 183115.0552 193372.9087 201040.9776 221344.968 213906.8149 190810.946 213859.5506 188403.7944 208531.8167 206153.3967 221280.7989 236693.8992 183306.0274 178218.1511 147602.2565 122171.6352 96618.68794 88934.3522 45745.79221 27948.17912 20269.47004 0 0 0 0 0 0 0 0 
0 0 0 0 0 0 0 0 12667.09256 35535.29722 53412.85225 96707.1485 117011.8572 142457.983 119439.7333 172991.8865 190835.8085 239287.8437 157823.0031 206095.3126 180872.0729 216358.1167 167893.9627 198683.3438 208710.1265 198532.7691 178246.542 236834.7112 185816.0462 213837.4657 185884.1615 183332.6006 216355.7045 236731.9432 168054.0992 162896.861 201097.4064 190913.1372 185777.0906 206029.861 236699.3499 211124.7 208733.9628 201064.8647 229040.572 173043.317 218934.6693 178242.3032 218918.7227 231625.4037 213861.2391 188304.4541 193487.1937 165391.3361 178268.6189 201004.5082 183267.0991 208742.2256 206194.9065 167946.1046 208808.6043 178127.7605 191045.6432 165442.2026 150230.7596 198550.6668 180669.3697 188408.0465 203503.4114 173145.5596 162916.3531 203643.1631 193441.8256 213834.5694 198543.5371 137397.7164 175612.5244 170578.4575 206163.2748 162899.3991 175670.7015 180780.2023 180759.2014 259721.5897 152679.5074 213767.2273 196020.3576 193446.3278 193362.5167 201222.2402 193417.9151 183267.4022 228991.3672 195909.9343 191003.4062 190764.3772 216413.0572 201055.0902 168005.7809 213891.0864 198477.5559 193427.2457 206182.6507 193450.9399 183333.8846 178184.5725 185753.888 236606.573 193387.677 201109.5005 213724.8603 208720.7755 155226.7296 165409.7813 162967.0325 78894.74175 83950.99056 66121.09459 25405.24859 10153.68682 0 0 0 0 0 0 0 0 
0 0 0 0 0 0 0 0 22832.43433 30507.71063 53347.63067 71199.80607 89038.32005 122117.8427 137420.8258 195903.0365 226506.5329 208663.4011 188476.4739 196077.0253 239291.2862 170501.919 195956.9512 190894.3777 208880.4952 195954.9285 213711.7784 195876.5295 218900.5046 180589.6795 178136.7898 180751.5811 223974.9476 216294.8018 234218.3527 185849.2123 170537.254 216286.1828 175607.6768 195843.0923 180748.187 175732.8709 185762.731 190903.2078 193347.6423 213772.3932 208699.8737 160344.1244 226562.0699 208695.5849 180815.6796 198527.7782 206194.5032 198532.9621 221584.3541 173093.9948 185866.4755 180747.9975 193397.2833 168010.0584 193408.4694 208635.478 195927.1088 228993.1613 203578.8885 208691.6907 216238.2046 231605.4949 206129.4742 152695.9728 211360.43 190794.1491 198612.979 178214.1884 188286.6011 200998.6895 190891.1641 198414.9037 195947.1304 175766.8965 180634.5509 201246.3454 193405.0923 206248.0728 188355.8074 236628.3008 226510.6504 193420.7213 206194.4499 170540.1848 173119.2207 178137.4636 206195.8764 188250.3167 183399.6882 190805.7176 190862.9703 183308.2866 206121.7371 183185.8831 175672.9959 185844.5603 193337.1843 165306.1566 244316.6809 216374.3956 221438.5722 221443.8009 224009.291 170604.1389 190992.751 193478.3234 216449.3947 152788.5712 114439.3165 114437.3832 73666.78462 81332.32489 40598.01716 12718.24513 0 0 0 0 0 0 0 0 
0 0 0 0 0 0 0 0 7597.9033 25367.61982 50884.87625 93994.18803 132206.9936 122190.8207 152742.2963 180769.2297 206202.8984 198458.6179 208772.0442 175620.6655 147668.1761 213902.3124 188329.8707 221597.5692 221363.6572 211220.3701 223918.8816 223934.1164 175664.4596 190877.1701 206217.1952 162857.9142 183220.5447 224004.0583 259619.7868 185870.379 206188.3692 198473.5355 185819.0928 185887.7063 180789.3319 185815.7712 170556.3189 175531.2503 203683.829 188344.0294 208609.9998 190951.0013 188437.3814 206122.3073 167962.0943 201059.9941 185832.1574 223829.9028 190882.8678 236667.2226 223984.749 178148.1261 203572.8036 188338.4662 236637.2852 175627.5748 193450.4396 188312.1847 241685.8981 152630.2479 200996.6212 246885.866 190877.5462 180598.0035 218967.8979 157821.964 218941.8749 190805.1401 193442.9893 216371.7784 234199.1429 144956.4381 195958.1984 264670.7258 218997.5342 203663.9842 165357.6672 183208.5603 195993.3842 190882.3943 218846.7103 195812.8974 221358.6762 162885.8574 200998.5838 226581.2418 206024.5564 178146.0424 211279.0273 162843.7993 203623.003 190851.2256 211223.1336 206274.6877 175563.6277 203524.7843 180587.4168 165471.0261 152728.4966 200994.3022 203578.3223 223922.0616 226426.3844 175658.1599 188323.4941 206133.9161 165426.385 162943.9598 129798.5615 101774.0889 50795.99825 48326.3401 38126.76077 10154.09387 0 0 0 0 0 0 0 0 
0 0 0 0 0 0 0 0 12655.60723 27952.73962 40687.96001 61121.1995 104239.9929 122118.7824 117107.2626 223982.3834 178021.72 165461.376 193556.8682 185763.5146 206116.2564 188288.3326 211255.785 231544.6856 183221.9749 172973.1547 193477.1604 201116.6164 175663.0273 221435.516 226580.2441 211230.7763 206228.7046 218996.0986 195860.7185 200985.7003 180683.2614 160290.5525 167853.1301 185937.3992 193464.9822 211224.5191 167892.9378 231672.7348 183120.7374 213747.163 160313.956 216464.7309 170600.5778 167910.8112 185716.1826 188511.6001 206160.1971 145029.9576 206044.8114 137519.6234 170601.2719 167917.9593 185688.5566 188271.8768 175650.3468 185774.458 216309.0302 188322.4871 195938.6546 208537.733 193526.0226 190795.3463 213692.7969 183218.2377 170463.2394 213818.111 180806.6545 167931.3093 203470.0691 160262.9979 236700.5838 201075.7217 167958.6883 165429.5841 198556.9033 180637.2614 190921.1443 203656.0631 198530.58 152857.735 160344.3882 213817.0902 185780.5101 195949.038 188304.2398 193353.1832 188310.466 160323.0074 206125.0316 150171.2852 175657.6294 206209.8093 193413.9268 216337.7059 190778.2368 173086.6992 178114.0624 236497.3356 183196.9643 226528.1274 185771.3568 195796.2573 206137.686 188327.5708 236752.4982 183120.7665 173069.1599 145081.1879 134831.6599 89049.05639 76242.47843 63532.98636 27942.48046 7617.997477 0 0 0 0 0 0 0 0 
0 0 0 0 0 0 0 0 20320.41906 40572.87742 35603.2723 81328.51751 119646.1338 139904.129 175662.4642 162932.1701 193504.4491 183234.224 211202.9029 185810.8948 190918.5486 206098.3233 216275.6686 203628.1989 188366.793 206106.1143 216306.0335 162844.6953 254466.9261 180627.9079 160311.535 160340.45 206121.455 190856.247 180653.2678 201045.7035 190883.9032 238991.3894 175628.0933 201011.8823 200995.0487 211208.9281 206218.6089 172984.675 201038.701 134890.2355 167857.0245 185949.8649 193420.8999 188449.2727 190981.2856 185701.7876 203580.26 249312.8454 178253.4233 172995.025 183225.8133 203537.6476 213781.3992 175647.0959 193474.5865 195916.5634 140051.3159 173016.7378 208803.9459 175615.9417 183248.0659 155304.1079 203660.4831 201137.6966 145060.8066 150189.3545 175508.335 226513.1186 218839.5217 213671.3488 170282.368 249336.1233 203490.1264 234108.1501 203701.3656 206190.0268 241831.0261 175588.544 180691.3505 195972.19 180723.1549 178224.8364 162870.0873 193517.3511 155336.3912 206079.3618 175659.5852 190838.4116 201032.1379 193484.4667 160350.8426 193384.8915 190779.7213 188328.1163 183212.847 236718.4667 185725.3978 224001.7946 211332.7304 208715.9373 175661.2507 206154.1908 193414.1771 216227.4693 211218.1056 175559.0841 168076.8701 165308.927 104324.2819 78769.18294 73747.23917 63614.21615 30472.54101 15254.05274 0 0 0 0 0 0 0 0 
0 0 0 0 0 0 0 0 10140.48361 35507.61316 43183.16981 86428.12371 91549.89827 147562.3147 144994.5621 157877.5367 150203.1011 167851.2173 195888.0576 165295.3159 216223.2324 193338.8393 211173.7501 221419.3819 241753.4521 175703.1075 183088.1979 183179.9638 195818.2906 175611.7608 196091.3779 208604.9918 188309.1647 188384.5834 206066.003 216169.4403 231743.4024 218822.1235 206033.3007 168029.8835 183175.7734 201184.2382 200969.9547 195975.8506 244296.5492 191046.4087 129824.3511 172959.9144 203680.2188 162917.0288 211264.3177 213821.833 221445.617 226412.1907 180594.2896 193268.7842 188379.9245 180752.3395 185786.5037 162951.8243 198484.3517 160373.9284 157912.3851 226406.7311 203693.316 231600.712 173006.289 208663.5156 229099.1932 221397.4942 201032.1233 218968.2071 170502.2859 208645.3266 180719.5178 206096.639 183289.6112 183236.5691 206055.0232 170636.6264 185832.6153 175544.1654 111937.0847 185721.2857 223947.9879 229071.0462 185714.9531 188356.6973 221438.2965 213811.1441 178187.364 190949.8847 180655.2745 203524.8701 226464.3967 203485.6598 167990.8448 213833.6533 190806.8608 201000.1367 180773.5262 229018.6091 223971.1933 188339.5108 193346.9117 208622.965 218826.5014 203549.3311 208679.7774 190852.8634 183118.6658 211249.5301 178070.7234 188387.5368 89034.16644 111882.3123 129626.8848 58399.97685 48284.38946 12665.63317 0 0 0 0 0 0 0 0 
0 0 0 0 0 0 0 0 10179.83077 60987.44422 48332.11589 78882.61885 94175.54439 137424.7319 152654.7746 201122.5212 213674.1813 239036.0217 221341.0713 221387.1122 251855.0589 155274.56 206155.0366 150107.1202 201012.3564 249555.0023 175702.4762 139932.1965 183100.7464 155250.9001 208608.8542 190808.3608 246958.2036 195925.1112 226509.9402 185764.7604 162808.0187 206236.3765 188337.5623 193414.9156 170518.0673 203537.992 195937.2549 211163.6428 193464.9585 203488.7938 190778.8112 150100.5185 172993.3234 228927.3337 170568.6138 178177.8247 193403.8625 183233.013 193200.5947 160254.6217 216245.1171 185880.544 195826.4394 170439.1232 211216.5182 216221.7173 226598.5414 193399.6135 188274.0521 200891.6655 206144.8223 183227.4962 201043.5859 239256.4759 203563.2758 206050.663 173052.0794 216327.482 196009.7816 162888.5488 206125.0277 178073.6876 211190.4091 173053.6201 165231.4972 208669.2803 180703.3533 195944.4939 193389.3444 160342.9571 206172.6204 183262.2232 180594.35 162889.6458 147578.9421 183164.3054 208701.5388 193423.5893 203676.0516 165308.352 289958.4153 226442.0929 173072.1265 236536.6278 157691.0834 196013.9809 205945.4185 239095.5375 198432.1519 160272.2853 188296.8584 211274.0344 200928.076 183339.7304 170462.6131 144971.4969 195937.4918 155334.507 147577.4639 86472.79502 88947.85743 30506.66365 43190.30048 7625.297101 0 0 0 0 0 0 0 0 
0 0 0 0 0 0 0 0 17747.98529 45674.46234 71181.63091 71189.23194 91584.1843 167990.6745 129820.6571 203437.5896 221506.0957 208735.7232 241726.3693 175559.9982 193479.7116 198538.6479 193350.6807 157769.3252 165370.8003 168009.0223 218896.2061 211152.2788 178240.5253 167866.1238 231447.7777 203534.7593 198447.8789 203621.4623 152747.831 213785.804 185669.2752 200884.5608 198525.9737 206181.9397 139961.3631 178113.6033 183141.7887 170411.3626 246755.4566 178162.9026 193383.0139 198475.064 178163.127 226429.6189 221378.9656 262166.6148 198508.2976 188373.1987 211169.4058 206158.472 208650.2279 211090.6425 160379.6608 163036.0808 236802.3662 206109.4376 188376.5568 162789.1862 190818.8522 193411.5604 200906.5089 203723.3512 193399.5926 198467.0002 165474.7498 218864.7032 198385.4086 216244.1079 257138.2602 206080.6409 185615.0656 178034.971 185779.7934 213750.8015 206067.8597 185839.1223 157822.3748 190801.2662 198422.7288 183267.6739 180480.2487 193430.3104 195882.6638 203586.1137 188360.5918 239131.4308 173109.3898 206069.9072 211104.5837 180564.5463 208749.7134 162867.4435 195905.8506 188254.0193 193369.3835 190665.16 216467.501 226494.2373 206022.4401 205959.2145 218925.862 213755.7314 221426.2966 188169.8612 211114.1941 167891.3322 211216.7216 137405.0075 122087.046 129732.3034 55908.43701 63391.8279 55835.91947 5066.168244 0 0 0 0 0 0 0 0 
0 0 0 0 0 0 0 0 5083.913517 35575.77657 68603.19179 106876.0544 134799.7557 127238.7714 122146.6726 178138.4603 175592.6144 206056.058 206181.5323 193517.6931 185731.5988 152539.3723 234196.5086 170485.6729 226550.8363 185680.6277 228934.4343 162846.877 218736.1383 190811.7539 172997.6409 208730.5904 203558.8321 223842.077 183096.5804 206171.3212 188243.3874 218871.877 211189.9004 195931.2653 221284.6783 198529.9229 185791.4746 223851.7896 150097.5634 168069.5918 190888.6385 236552.9013 203611.1593 175532.2105 162727.1694 193332.9537 200943.2994 183273.4227 172987.4306 241764.6459 180615.5323 172901.1874 224006.1025 239403.5256 195956.7285 211197.7584 185707.2665 208562.2928 190815.5257 175569.8159 175492.1062 218849.5731 188249.4042 165560.6295 145140.166 233971.5943 198528.2422 180717.3814 195891.7221 201018.446 178159.2551 228969.2043 185690.5017 239199.1782 190759.2178 165352.3145 203587.33 170370.7833 162773.7429 236727.7017 175542.3831 208556.0498 170362.0001 162882.4553 196066.0169 180783.9759 213869.7144 190725.862 213767.1584 180765.2856 208674.9518 241810.639 213736.1393 216362.5088 208591.9178 198577.0493 188213.9007 178026.0721 218754.3832 208691.6692 193245.4474 239079.5794 185720.2096 172938.9042 213655.9962 170510.3064 175500.1346 162729.9606 132349.3167 106695.2711 73648.84477 68661.97248 27906.68049 20315.43816 0 0 0 0 0 0 0 0 
0 0 0 0 0 0 0 0 5062.902732 35514.58701 43227.51372 83910.96753 63538.31741 137249.6238 152497.531 178135.8879 165265.4255 221320.6787 223941.8316 190969.5576 203585.333 234005.5985 165351.2161 203582.1692 206090.0151 183237.271 208567.6695 185863.7715 208628.1455 213733.1011 213720.1479 208494.0966 208667.7407 137365.2913 183154.937 213650.808 167926.187 203504.2806 193355.1829 213706.2819 188230.6795 195888.3859 208522.5134 195838.7644 203616.7708 175553.2097 183205.2102 193275.9855 190930.5037 218898.9743 170514.9544 234084.623 211281.1681 201038.8765 198427.3577 173149.2832 198542.9528 190804.2164 178110.04 208712.5382 198280.5389 170492.609 183125.967 198540.7721 195802.9945 216198.3066 226303.1452 183165.0469 188228.7235 211199.9129 226428.0938 173042.4343 203401.2005 180694.2792 216259.5399 160446.3958 190837.4588 203503.8549 173122.7235 193427.58 195948.513 203559.0565 206083.3679 221326.5135 213707.2438 213808.3628 178090.9284 211197.3687 195871.9796 170556.9665 193219.1299 188423.2714 165374.6353 234106.5906 188418.0379 180634.7421 191087.8825 193376.6613 193465.3924 195855.2898 180581.8315 185757.4748 211308.9582 157778.3024 134819.7004 193225.6666 226417.3724 190914.3058 178089.3735 213634.9755 193306.4488 231570.9354 139863.8184 180655.9774 129715.3246 119430.9673 88911.17093 71183.17121 66028.43663 20244.10057 0 0 0 0 0 0 0 0 
0 0 0 0 0 0 0 0 17753.9373 35552.35632 76237.09158 86314.12959 111785.6016 96579.08563 190879.908 142533.8868 180460.0247 198499.1914 206119.2162 173081.1746 241687.4757 193231.5593 190870.4566 226526.9956 178078.239 198514.3127 173059.8926 183070.6198 170601.0345 203581.4338 145033.5321 201010.677 198383.8146 144935.3736 178168.4032 155180.1371 216220.2128 188314.6149 185878.6281 203601.6912 188123.6995 193323.0705 175600.9617 208456.2505 213775.9929 162833.8402 142400.1476 195938.2127 170535.1467 162787.7797 206011.6666 201102.0164 213738.935 216236.8247 178094.0575 216227.5325 167860.5898 195977.8985 190800.0776 218796.7466 251738.8968 190738.8495 251869.1552 180569.6098 226465.2157 195914.9863 160257.2573 178166.2336 185796.3847 190829.7205 185619.5197 185649.9982 173155.3585 193236.1836 211190.1442 185712.0822 160313.7416 201080.9404 201060.5769 188332.3524 216185.6665 203642.4703 221367.6853 221493.6492 180663.9768 178081.5385 203438.1244 195890.1739 193335.2364 195802.5586 203623.5288 188315.8103 198363.2957 190806.8219 206058.0808 203314.792 167942.2253 195915.7097 195824.0177 155279.9183 185741.2682 165375.2949 218717.9717 198361.5245 200963.8609 208664.7175 193327.8887 198614.3954 195828.5003 218787.237 211251.1058 203519.4656 150175.5288 137225.955 132376.1889 114395.3473 91449.14731 53276.81818 45713.53862 12677.54051 0 0 0 0 0 0 0 0 
0 0 0 0 0 0 0 0 15239.37024 35576.64486 48223.41451 86475.98827 78964.06286 137336.3862 160245.9498 147474.4645 185759.3777 175636.8602 231537.7909 233948.9777 203537.1057 213735.1477 195959.2891 244196.9422 178065.4029 211049.1516 177992.918 183089.6999 178175.0161 185731.8304 249360.9978 177901.2507 226385.858 165317.5189 218778.2068 198453.785 198472.2504 200998.7623 198339.7103 165315.3221 152540.6777 145046.6635 198512.5402 193342.0781 198412.9695 223837.413 137367.4339 224011.4914 178212.5575 180707.6184 180703.5738 251773.4391 200899.0664 180490.2359 147716.802 231551.1806 218841.6967 223911.5055 226422.9061 198463.0429 195982.5196 188377.512 200982.0793 218780.5996 180656.6534 208719.5676 228981.1885 173001.934 206113.3827 205801.1489 221246.922 162829.9295 221364.8698 180713.2148 198321.6033 206079.7198 221324.8342 193248.7325 211199.2522 185689.1473 183141.6254 200919.356 180641.6984 160246.6769 178138.915 206204.542 198455.4856 205998.56 160334.1674 218897.1357 228954.4216 218830.7425 180562.8113 177994.2979 238975.1889 213710.6973 213634.8907 200993.865 173027.6035 218843.2933 196071.773 200968.9793 213685.4492 231473.7802 213794.1393 188228.0421 188185.9328 188275.3268 175584.8051 203539.142 185743.3449 203521.8259 180600.291 152573.1427 147454.0042 106812.5597 116820.4579 83867.52715 53363.27956 15208.49761 0 0 0 0 0 0 0 0 
0 0 0 0 0 0 0 2537.347164 22808.46987 30454.25726 45735.63856 99186.41223 132231.0885 122123.7816 155182.0273 157698.4224 198517.6037 178136.2737 165311.4259 142463.3165 231671.4738 167756.5153 193213.9943 203453.0835 226307.738 157627.5905 208548.6829 195798.6363 173029.9981 177959.3785 188229.0198 155043.5822 216213.8299 185730.883 213717.7255 183122.0136 195886.0717 213734.8244 178281.7234 221319.6079 244119.956 180579.7162 175505.1351 193281.9938 198298.7855 195731.3893 198406.0267 183094.9646 172821.7742 180537.1345 155160.1068 193444.1048 213527.2871 208677.2186 205902.5036 231478.5567 185798.643 211204.58 206199.1796 195887.9089 193193.6713 188293.1885 188171.4407 183116.2609 228993.9466 177965.7457 195706.5288 206066.0872 190613.5987 173015.9618 170380.0959 185705.5146 142456.2081 193374.8141 185699.9908 190759.5654 190737.7123 201037.564 203522.91 256911.2273 190861.0267 193374.817 165444.6464 180739.5581 170618.414 142545.3611 193343.5945 137288.7441 188389.712 175521.2732 229003.086 198440.5014 205989.988 150036.1854 208698.7591 185690.8918 216273.0195 185713.1605 198369.1964 173095.9865 162800.3851 205951.2353 206094.5705 218656.6954 190833.8641 203606.6664 208469.1054 198431.5815 200904.5798 190665.611 175367.586 180627.7056 170388.9515 119631.6503 129755.9645 86504.8079 99204.6964 55847.19598 45694.43443 30436.80594 0 0 0 0 0 0 0 0 
0 0 0 0 0 0 0 0 12641.66695 40616.93446 60968.6108 78808.13076 139780.3968 139836.7914 152725.8807 150184.9192 216331.6492 229037.8549 226329.0529 233903.6071 201043.2956 183090.7566 198320.9342 200884.7642 193320.4801 147635.2425 150093.5127 241701.0359 172947.4354 195890.3999 173026.3834 203348.4919 203413.1389 170361.3596 178108.9077 249254.9554 152832.5302 188235.554 185601.6831 188237.4793 193298.1236 203521.95 180746.7953 198694.7667 185808.5894 200903.1615 213701.02 208562.996 200992.8764 190737.8733 162727.8753 223839.1463 200911.502 218788.7208 185611.0594 213726.3789 188353.9658 208663.2063 175414.8817 183165.6945 236487.5523 211261.6275 218729.5213 188236.3645 246629.3127 229144.4531 234031.1598 178068.7096 173007.407 160242.0912 201092.562 226388.5185 172900.0087 208515.7047 198425.1445 244201.8081 200805.6524 162972.5312 188357.5031 157578.8532 216202.8575 175358.926 208681.3267 216091.8631 228958.9701 167843.3224 211177.5336 183210.5411 231551.4998 180637.7474 221474.9294 211064.7651 150174.5961 167857.6293 190844.5125 223919.0445 198355.1108 216259.1237 244038.1404 216243.4516 185661.4584 223850.3433 188307.9406 155188.9202 200996.33 203510.3714 185584.1687 208585.2572 172996.9051 239142.2012 213722.4022 155180.595 162771.1296 114487.1437 124564.7802 114416.1726 94083.88958 60928.76677 50716.7253 25394.46939 0 0 0 0 0 0 0 0 
0 0 0 0 0 0 0 0 15212.16144 30418.00279 50810.11868 99102.95468 119555.7628 122024.9524 144946.992 198417.972 228850.4641 195865.4571 142453.8957 188156.6366 185619.0432 228882.9912 152484.2408 175560.7001 208442.9143 208667.6102 241814.492 218753.9701 188206.6925 205832.5235 170418.4392 144940.4797 193366.8624 198508.6623 160277.2196 185641.6625 185749.5141 203660.6713 223918.8424 170301.1828 213604.7938 190879.0625 213766.4521 188183.2086 183165.3015 183194.0628 198317.9093 200956.0617 170489.3352 221284.5062 228982.124 200925.3549 221338.4385 198374.1809 205964.3882 188286.4111 216252.4371 208712.8167 211017.5168 175491.3685 236657.2976 180547.9071 193298.1926 178085.5824 183045.1677 160137.111 218664.1887 236581.9947 193242.2763 188232.3667 203490.2074 172967.7015 201115.6944 162984.6462 208356.412 178053.3893 223791.6545 183199.4483 226355.9742 170381.632 188277.2754 198447.3872 167887.1166 216070.475 203453.9702 203509.1644 188143.1976 162839.3211 198221.1686 193408.955 203419.5045 206090.8853 200986.3439 196057.5243 241727.5401 152434.3636 236476.5512 221251.5507 175591.6623 211068.6522 208613.7159 218577.2212 193316.201 233984.2493 231599.2846 142518.7134 195884.752 145006.0269 173010.0346 185527.695 221274.7969 193378.9089 193360.086 134866.563 119495.7216 109373.6438 91515.67985 63403.04931 27940.43838 7581.787157 0 0 0 0 0 0 0 0 
0 0 0 0 0 0 0 5093.046989 15216.40557 38061.5662 45718.72074 68667.55729 111917.0539 116953.6313 139995.8245 226346.5357 175401.7357 200937.3963 172844.0651 160218.1163 185673.3205 206100.7504 190812.9039 200833.5902 180614.0703 221272.9274 198370.4239 203411.6816 208456.2655 218609.7675 211075.2023 162781.2211 180487.2444 238969.2857 182988.3783 221150.8009 195950.725 185655.0703 183240.1208 200778.6498 180609.5408 208599.5389 193427.0104 210907.2208 165363.3586 200995.6906 188268.1559 213656.8929 193230.7061 216295.7259 190673.3208 172968.4829 185709.2822 162760.2161 216232.0914 228937.5759 203393.5133 142456.2327 175451.1353 208670.3828 213749.6894 167807.1634 175328.5099 231509.2701 233847.9658 190862.9032 200943.6199 200928.3834 211091.1403 188129.0927 160268.7453 188167.9175 127191.435 216112.8064 229025.2775 165386.2084 239005.515 188121.0791 195809.1594 190714.2773 147436.402 190880.6431 206019.1104 188186.0408 264638.5385 198260.773 221370.2557 216256.9955 238970.239 183056.3748 200855.8731 203443.0459 170499.5086 206199.7777 221170.6121 190785.0533 167814.3661 157577.4227 198277.6861 223743.5721 173039.8786 190696.1643 178108.3091 152634.2267 251923.9524 201068.8188 193346.9652 195975.5723 200997.2022 152726.2216 195848.872 216288.3733 165239.3016 144908.4395 139902.7823 106825.5744 76219.89042 45745.4533 35522.33271 15225.26225 0 0 0 0 0 0 0 0 
0 0 0 0 0 0 0 2538.38008 20268.43661 58381.70919 71182.96361 94005.98664 104226.8488 150156.0101 170515.7369 177991.4425 203463.8884 170505.7016 170374.0969 185570.3116 157789.032 190757.2542 218688.8615 200863.1624 180670.7465 190871.4736 172942.3146 213592.2134 180559.8229 211249.8834 180686.3269 218809.4142 239060.2761 190826.5655 180545.2632 218720.5631 231413.7494 185730.0526 193172.6913 226071.8766 188200.7705 200942.7882 213779.2981 200869.7968 180575.4181 188172.9967 206028.6953 183065.1499 183232.8901 195900.7072 206149.6999 200915.241 213809.0656 195781.4969 185683.6446 218772.7239 193193.6022 124606.6508 193259.4978 157672.3772 205859.0751 165428.2732 167866.543 167761.201 198314.2163 170386.6179 228912.7653 223677.0318 175585.6557 234198.6127 152642.8274 203445.7525 193325.7422 198351.8206 218762.7809 241550.3468 213650.1221 165395.222 198357.5136 165267.6264 223699.7833 180542.8824 183049.8635 162731.4634 172949.4146 183052.2428 200952.3695 193351.5769 190780.9542 208547.3632 144983.5666 246675.5202 193350.6571 221247.3775 213552.83 193394.4523 190703.5518 218653.1961 213560.6747 206039.353 198286.6525 190591.3438 195841.3619 216283.5409 175640.638 193261.4381 206053.7217 226405.2339 229072.6708 198418.2195 203514.2452 208407.8353 193194.3262 134757.6694 147597.9622 119383.6025 101679.9119 73578.90228 50666.5801 17760.06886 0 0 0 0 0 0 0 0 
0 0 0 0 0 0 0 0 15239.44096 35530.25202 45710.4885 76228.62802 96715.06543 167982.3652 122040.1696 144986.7671 183088.289 193089.6943 221307.8053 198403.7508 198399.9697 218761.0492 226206.109 236362.2523 200821.7983 208680.3116 223882.5636 190777.4258 198394.0653 190632.8518 145040.8088 224009.01 122022.5754 195714.6178 190757.8746 188128.5736 213429.6335 180620.268 228777.4702 223948.272 185579.4384 198366.1408 226210.6878 182905.2781 190774.4883 183164.1407 155072.8342 178075.8862 155143.5879 205877.0751 193309.6288 180635.2164 198385.4485 218832.6274 178060.812 211042.9461 216215.228 195871.8427 205918.2591 218630.3396 218851.9981 180618.7772 182851.0172 162730.5777 211222.363 188195.794 167914.1988 206169.0303 208550.7058 160238.2649 173010.1046 203463.6557 213529.3007 236393.9842 167838.9246 213605.9791 198259.0501 147598.8439 241584.9241 160315.6019 203417.22 190764.7669 213634.8098 167823.9836 185695.8773 233862.6217 170299.9614 180491.439 185677.9007 188253.377 195631.7712 185636.6658 241562.4475 195802.1454 221206.5122 211169.9905 183106.2124 198391.3997 216115.1737 208579.5544 188290.6825 180520.0071 185593.6179 211081.0452 200945.6004 195834.2045 198345.6698 177950.5639 201014.1332 198261.7035 216276.2531 183181.7606 175549.7717 193290.3888 106801.2223 86339.43324 106691.3111 60964.92488 35537.38088 7632.528628 0 0 0 0 0 0 0 0 
0 0 0 0 0 0 0 2519.68093 7600.600199 33000.37366 55760.34805 93943.37102 93919.19969 147414.1909 129750.6934 205790.187 152558.6647 185558.0399 178156.282 162765.3091 195734.528 167792.7225 213539.7552 244136.6238 206066.7193 218633.1804 175349.77 198316.9247 213566.7945 183277.0104 185667.7604 208724.8071 155088.829 205846.0721 203418.1315 200919.9626 193083.6722 167946.7142 208462.1174 221209.7759 208530.6981 203364.4349 200884.52 216025.2344 175455.4825 178019.482 175413.4256 175531.6113 142286.4951 205980.2848 190896.2255 200870.636 200920.2697 178080.686 190696.0541 211076.4037 200815.5037 208499.4676 195743.7016 195822.9867 200834.0173 183149.6225 178105.1023 190644.151 170380.9236 162880.2236 200887.1851 256788.3476 216072.0927 205896.835 188163.4674 180620.8527 198322.5169 170220.0533 208584.8912 200970.9372 167670.1289 142587.8739 200944.1666 239170.799 188151.0466 190694.5911 205966.4728 226002.4877 188168.0329 208638.0041 142275.6094 193393.6545 183091.1593 221304.0978 216149.2143 233918.7042 178016.6189 221102.5936 190667.9546 167811.3929 231592.4166 223865.6339 226232.269 185588.2863 208603.2505 238872.0605 175444.9255 195789.8695 190766.299 193371.8473 193266.7651 203275.4083 213605.6424 238970.6544 228770.1982 188174.7213 170300.6996 165336.7392 111798.8836 83932.50668 93959.78504 55973.44299 32990.26187 7631.97262 0 0 0 0 0 0 0 0 
0 0 0 0 0 0 0 0 17765.18329 48241.9933 58410.93402 66109.16534 93863.728 144812.3621 155170.1499 170444.2198 172970.8318 180627.4838 200948.0941 221136.1719 167801.0411 234034.7547 195753.7966 208559.1522 198269.6871 190609.8244 175424.0191 216109.4849 218673.5903 167768.4497 190638.8802 180369.4299 180448.8295 200932.3785 201016.4333 195748.9257 203447.0238 198417.2719 172848.269 205890.0108 223682.6028 226501.0382 205949.4069 190727.0955 178054.8331 185562.4786 185566.9744 239083.4824 208283.6619 226464.0759 200772.7396 190947.5558 177996.1279 183157.6518 183138.6689 211109.8436 170450.242 198284.3886 205788.5733 177905.0887 152655.8078 182924.6117 198418.1896 162616.5154 142405.2822 200605.7611 205967.7695 213444.5059 203398.9094 203504.0123 193201.4131 216154.3446 246566.4394 162799.4905 185662.4997 190683.597 175432.8631 185529.4292 198386.078 190744.6914 147461.6994 185698.2061 218679.6674 178076.425 173011.0494 178122.4945 218576.8994 198438.959 188117.2176 185672.1312 205853.3013 185599.089 226182.498 231463.4491 190722.1524 223771.2263 183111.669 172977.6207 244175.9926 177927.7698 147603.3178 256753.0384 175342.4388 150076.4652 185659.7931 162744.8264 236532.1203 177918.4785 223792.4073 177938.2048 226420.7323 127083.7405 147353.53 132159.778 109350.8973 114305.9101 68702.77566 58333.47572 38087.38484 7605.745585 0 0 0 0 0 0 0 0 
0 0 0 0 0 0 0 0 7575.541755 43145.47225 73576.06184 73611.77171 78781.01373 137220.0483 129629.5723 185553.7718 208441.8327 193105.9201 190571.6168 177967.8366 180586.5718 226398.2602 206003.8509 203429.8796 249154.5377 157583.625 228776.657 228847.67 203474.2289 188137.1065 205933.4412 157476.3281 198346.1423 223829.0025 203371.2048 218674.5997 221338.0515 233797.7311 177983.7649 218675.6827 208704.8296 180508.6223 205993.259 221265.7014 208522.6166 190651.2797 213684.2725 178063.3708 213751.5696 173005.1143 200768.1275 175599.2008 211058.6494 172797.205 183069.1732 221200.0391 183139.2213 223835.0478 198300.8756 190712.768 173058.7744 195731.6003 233975.9836 193280.0414 228687.0686 175374.2763 208391.6042 172793.8956 236479.6985 190589.9773 188208.6006 203426.6241 221171.7517 226317.4884 218723.9793 205867.5174 241524.2046 203416.886 221263.3426 208536.5792 180559.1056 200767.4316 261963.889 206054.8559 134832.0619 226377.0189 185525.6893 198312.6486 183122.3356 172952.6203 183027.9397 208527.1709 185564.8022 172929.392 185577.3064 200815.6458 203448.3014 233991.1447 211104.6729 180520.7943 170405.9045 185661.9671 203253.6482 216063.8708 213624.8239 226546.777 175545.4568 226191.1899 172953.6612 208462.8143 157769.5535 198088.1969 155003.1559 127004.9238 134531.7909 93965.06648 81363.9488 45768.05565 45674.25075 17771.97931 0 0 0 0 0 0 0 0 
0 0 0 0 0 0 0 2535.647373 15216.84312 30457.60532 60900.28769 65994.86692 83919.33256 101737.1948 170328.6307 157600.9014 175422.9717 180494.2982 223702.2079 170270.1398 231257.9331 216040.2628 208460.3954 231135.7958 193438.567 160285.8709 172814.0108 195927.6328 188209.8102 178038.8839 175406.2068 203326.5386 157745.4877 193295.1446 193239.4288 254480.0667 170422.2771 218643.7792 185548.7994 177973.6712 216093.6232 188104.8332 206054.3522 183224.4787 183053.7678 208397.7619 185740.4948 203397.6689 193192.1675 193154.2438 180639.3775 228774.2185 198223.9579 170246.1245 223746.2054 221114.6713 137266.0142 211050.0199 190717.0537 190668.0042 208569.7763 261840.1894 167916.2326 221262.6002 205798.209 221283.3645 251729.8779 188017.2553 226470.2283 231465.0137 198227.7676 137331.3742 170330.3421 180474.6049 165287.8887 233906.3169 167820.6612 203494.1169 200879.657 182966.215 185567.311 193065.253 228773.9716 223842.1994 180497.9189 211156.3944 236379.6008 155150.9513 200994.4568 210991.4466 144898.1118 183073.0396 198320.5193 208329.9263 175327.7685 213552.1381 239070.3274 170353.4468 182981.2055 223638.7273 213635.6874 226179.1829 183001.1175 180566.9505 190681.4954 185743.7093 165036.6167 226428.1473 188205.2649 170435.7614 198242.4663 218540.6468 150013.8323 124501.8987 157609.1661 101627.8709 78818.43644 68530.20092 35476.83337 20303.0297 2542.897983 0 0 0 0 0 0 0 
0 0 0 0 0 0 0 2544.806788 10153.05964 25387.92591 65932.87752 86346.15818 88904.86634 73795.50176 144784.6319 149963.1575 234006.3999 213640.6508 198385.6892 211016.2508 170348.8712 185418.1348 203343.3952 203317.4422 203350.8286 223798.7002 170248.5105 203514.8081 180689.079 195826.8718 228741.5804 193236.4572 195916.4402 221083.9894 193277.292 218613.1774 218632.9967 188159.6736 218816.0669 165307.1789 170427.2512 172776.1354 198375.4366 195714.3934 188173.8194 239122.1855 198236.7715 180339.3562 149861.6036 221337.2631 218718.4989 190603.0305 226145.0641 178146.7079 228917.5419 213565.2251 223875.1663 180448.2757 185508.6649 190665.1431 177909.9203 167668.3426 193160.3012 228703.2494 208424.8976 220957.5104 180645.8181 185617.3582 183165.3476 216108.0667 218637.8536 178054.2895 198263.344 195678.4812 185512.0673 178056.8858 228842.4085 160104.2783 185646.7113 226355.096 213548.5607 193275.4266 198298.4019 200842.8008 185555.1691 183156.1213 165345.8451 160104.782 216142.4962 206064.1124 221206.1734 213751.1442 213440.9565 173006.9174 223704.1 167959.9174 157704.5203 231471.839 172824.4275 249140.3643 167633.2146 200928.9211 198238.6691 200638.3945 213497.4077 172772.1024 165226.0189 183159.5125 193241.435 198261.9931 149956.9675 226095.7328 152589.7876 180487.8427 122002.3216 99108.41746 71117.48862 71126.81309 32949.41454 12653.16573 2542.400828 0 0 0 0 0 0 0 
0 0 0 0 0 0 0 0 22805.53397 35545.75842 73693.36241 99075.65527 104193.1167 127159.9536 109299.5096 205910.8581 185553.6664 193221.5372 190664.0103 167690.8316 182975.4902 185628.7005 218654.7459 193011.4039 188071.3675 208436.6513 175400.4207 218569.6762 213379.5031 208376.8727 188142.6247 216021.2172 198339.8175 213639.7605 190702.4381 180662.2545 180515.3246 205802.4723 233759.1523 231300.7678 182898.2956 223731.2438 218653.4443 177924.553 198193.372 190664.4647 195601.8973 236313.5558 190557.9718 195752.7149 208604.7336 154987.8421 198148.3558 198389.4804 172945.2389 238946.0582 211049.9801 200915.7753 244035.5239 205991.0765 228739.1102 193201.1476 155035.5713 185682.2697 203452.261 185645.9068 185636.5307 185440.4919 198172.9363 190710.8019 175387.6278 193278.821 211001.5283 195867.9004 162547.3562 208307.5924 205894.7208 236390.2222 200792.5688 200786.5133 213702.3652 193168.3579 165315.642 188075.9953 218655.555 200843.0071 190673.9767 221086.843 195683.8356 210982.2145 218755.707 236430.4709 178032.9063 223733.5055 170247.8712 188016.803 216098.1359 205868.114 190680.2039 241613.6827 172938.4122 198363.3743 167797.3942 200846.8954 160253.2254 200861.3021 205839.7802 198266.0294 162794.335 198322.4539 183128.3912 182926.769 185559.5706 144782.9972 132196.8375 91464.76912 71070.29167 53337.65283 50747.30532 20248.26158 0 0 0 0 0 0 0 0 
0 0 0 0 0 0 0 0 12668.76452 20297.53721 68520.54852 83865.65773 111858.7942 152575.7226 165209.4372 165211.191 228831.2989 218674.3314 147505.0877 198377.7236 221015.1188 185696.9667 198356.166 190577.8599 200587.3805 193195.6685 205833.4823 203357.7369 157512.7111 203271.2639 236215.2949 200710.5392 216154.7032 239133.0006 226175.6471 198294.3639 188122.7035 175416.1839 231230.2006 200889.9013 195947.3431 244195.981 170337.5375 198241.2332 213491.479 218734.1553 203263.0539 226126.9306 185568.7457 208299.3783 190795.8637 172853.4695 160171.8305 221093.0543 231186.2984 193314.1491 193155.494 178013.3411 198261.7518 216038.1047 195784.9493 160075.8656 190654.9764 190612.2851 203512.1872 165133.8857 200853.8936 210787.6599 200727.1581 185636.3348 175568.5142 190471.5303 241601.1833 170351.6056 198093.5011 205778.7911 215885.8366 213570.8143 193146.9066 185672.2831 198423.9303 160121.213 221025.5286 218546.6152 185645.9156 254184.9661 178071.7645 119490.1173 170243.5036 185558.6729 223604.2708 221096.3232 157630.2966 188094.4436 244087.3216 160041.027 172771.3014 190671.256 193179.0361 187901.6338 180367.726 180429.8394 167747.113 200723.8041 167822.7594 172716.6318 185726.2462 170233.9217 195886.6762 241592.0218 190704.9113 221136.202 223621.2307 127185.5475 99132.88931 101620.9295 96558.20654 96563.61357 50767.27504 17741.67565 0 0 0 0 0 0 0 0 
0 0 0 0 0 0 0 2517.169655 22802.89085 45705.16059 58334.30234 111821.8166 137124.3873 167726.8117 111925.1932 178178.9708 215999.7764 177987.9506 205969.7294 223665.1553 203235.871 190700.4959 182903.6653 208280.4003 170505.0202 216224.5982 218529.1481 152553.471 188074.0866 218550.4737 180461.02 200880.0821 198216.4621 172904.822 213509.4047 193181.6794 221051.6944 216139.9824 226147.2359 195594.5935 231241.17 208331.208 172772.0745 200836.9016 221279.8461 162694.9907 213436.4284 162566.148 198209.5727 205804.3731 185426.0087 205839.7417 195657.5217 205749.2381 190621.3033 216061.8972 254262.7082 180501.1562 226136.4647 226315.2425 162670.6296 231457.7951 175312.2939 193327.8575 213370.0384 226027.9188 188079.5448 175376.3962 198261.8457 172888.1056 183201.2335 200748.5649 180483.4897 200783.1174 221262.9753 218593.0026 182992.459 183094.6001 198274.1221 154939.108 210966.7819 183059.9772 200820.4566 188126.755 172848.3177 190802.3213 200756.3326 213603.8452 223664.0043 205642.0084 167953.9512 198214.9144 195715.7973 203471.9739 193280.3101 210693.0177 193157.6832 213539.7103 244083.9213 167795.0732 221352.0929 185661.4716 160135.3493 188226.573 180471.9335 205866.8869 205832.8679 190473.5961 160050.3386 198310.0349 192994.3073 238947.3288 208417.7874 172886.7084 126994.0806 119439.9559 86322.62063 81142.06271 30452.24313 17748.49501 5067.696581 0 0 0 0 0 0 0 
0 0 0 0 0 0 0 0 17768.4191 55821.39023 76106.74945 53318.70541 91541.09601 106638.907 139725.1668 228732.1926 218692.715 172784.6908 185500.2431 183047.9409 198150.8215 182947.5216 203418.8905 185333.0592 190665.138 190563.7684 215965.6376 203177.4345 208333.7152 211082.7497 160076.3229 193129.6142 205753.6541 215949.2565 200884.008 152422.2031 226125.9246 228763.5999 185595.2676 177771.3033 170273.0555 185432.8915 170302.2443 221146.5614 190633.4292 228588.1219 170364.4251 157690.3162 193156.4181 175329.8558 228896.5242 200796.3819 190670.7325 205779.6186 218552.537 185621.2725 185518.6929 185454.9237 188157.6425 203275.9311 218706.5282 195593.3167 203290.3173 144778.1164 185435.4542 200610.9215 175423.1286 200699.2774 233949.8548 213499.0993 205928.5945 190653.1225 165111.0504 195664.8211 243997.3033 193072.3618 198196.8929 213323.5423 208280.2228 170228.2086 220979.7148 175341.4847 243790.0309 183068.6868 205954.9211 223555.2494 183002.3194 193260.0026 157654.8342 213496.5242 183113.2667 167812.221 200897.9708 177843.8519 175427.2926 183046.9716 182929.5297 205974.958 180402.2472 221121.3061 142265.078 177994.8421 175317.7692 195693.9372 203283.4906 183207.659 213480.4371 167851.4503 203241.4799 210973.6524 190609.7919 195594.962 183103.0265 144886.5621 114506.2965 99175.35702 88819.23861 65928.90118 22808.6005 12702.48094 0 0 0 0 0 0 0 0 
0 0 0 0 0 0 0 2539.215047 17751.05921 50730.06636 53365.25905 91427.49551 121973.3053 137302.4646 155046.6412 205835.7863 195583.5047 144881.6474 223607.7277 226085.6102 223652.5678 175338.9856 185530.7602 190596.9077 213190.325 172685.9951 152540.6809 228804.1343 175504.5909 220969.3525 215959.562 215992.9072 228791.3183 180475.0616 205744.7113 198251.1478 213421.3068 233771.9532 190505.0292 155116.738 187977.8976 149953.9109 208538.3068 223560.8841 208429.9116 215969.5076 172735.6421 208466.6403 234035.5442 180414.4906 205820.5355 203396.4699 195834.1019 249033.0655 213384.6675 170259.288 213331.6108 177876.9108 206133.7458 195807.7068 241304.8485 208283.6489 175372.0713 175417.488 177845.1629 225904.3202 213357.6105 182987.8285 208395.6808 190576.2476 182984.4018 213430.9931 180324.8025 208264.6241 190674.2438 175281.3392 195617.5737 180504.4922 210972.4689 170177.88 216109.6515 218529.7682 170203.8818 231548.3957 188148.5069 165196.7165 193115.855 193118.3439 215919.5881 210854.9431 213532.13 211109.887 190693.8756 180423.9717 213435.79 182968.6866 185573.0904 160195.3951 208293.702 215699.0135 198366.6533 226168.8856 195888.9366 198190.8546 236427.9089 213542.0064 213494.6289 180331.7893 218493.0422 218497.7933 183020.4343 180446.0346 183033.5428 149851.5843 109318.516 106659.9411 101547.0584 58297.27576 20243.82119 10136.79419 0 0 0 0 0 0 0 0 
0 0 0 0 0 0 0 0 17751.53274 35536.21857 53170.46159 58444.30034 129711.3787 124488.074 185573.6274 170165.5929 162483.9342 193154.2423 198187.722 180496.914 218478.1545 132185.5845 215909.4761 172764.9856 210804.2679 195587.4019 155083.3556 170325.025 177848.3052 187997.414 188056.3181 226129.1296 183001.4074 200998.4303 200829.1032 185551.1483 193145.7377 210905.8805 157522.1774 193301.3425 178009.2116 190620.2651 195820.7753 193187.8022 193020.6461 210819.6724 188125.7577 228890.9066 172823.1528 170234.0279 175350.5739 172808.1161 162582.1855 154865.5568 193126.7283 213521.1806 200689.9612 172696.1029 213627.3939 165322.2879 261575.1197 205671.0027 170391.6401 167553.8372 223714.3246 180439.254 180459.9226 195669.0488 213328.3164 208263.3669 195656.4767 200910.6869 213384.3057 172832.1276 195571.9601 137231.5258 195746.6749 213409.1234 213499.108 172893.6653 172746.1448 190623.2769 172774.1319 147458.9979 180688.4278 172789.9478 193096.848 190720.3661 193102.9088 205704.1032 152596.9559 152583.6832 236363.5465 195636.8634 144912.1776 215822.1752 195564.3577 195710.449 205834.5618 226198.4171 165195.3239 231185.0237 195649.6598 137080.2139 203334.4673 187977.5893 200741.8821 175428.0072 188044.9754 187994.1652 183102.5977 190568.8903 160020.3378 152520.6212 170161.256 71212.96141 101616.796 91338.71507 30443.09049 12653.69197 0 0 0 0 0 0 0 0 
0 0 0 0 0 0 0 0 15219.7616 40627.7646 65898.22721 78728.23436 121779.8642 104165.5611 137068.1094 187842.9471 180650.2042 203251.6055 203225.8352 193383.7217 213437.4387 149789.7475 203176.0039 155030.3768 218315.7366 177880.3833 256757.5839 190649.605 192909.3684 208393.4287 226171.5009 205764.5412 221149.1014 200799.8488 177909.1318 182949.1443 208351.8561 190484.1098 170361.683 213332.2352 226039.2582 208300.3356 172757.3145 211023.6982 195596.1499 203369.3515 193116.1911 200794.9591 203376.2657 193005.1973 205782.5824 223612.0113 205934.9083 198244.6128 195645.263 210883.8329 203216.454 213437.0272 185479.4475 218497.9346 175469.5522 180399.8019 187801.8901 198263.113 233872.0586 233778.7962 211028.3851 192999.0192 172836.2963 195711.0572 170295.7108 182948.471 213499.4918 233895.6828 248994.5076 185458.7174 210823.0879 183021.906 213242.9439 223566.8871 177745.4635 180475.0661 188090.6667 180369.2386 198373.7903 190727.0288 223691.5987 246475.0925 172943.0704 182732.671 223633.5092 205816.7774 185318.3064 185557.3372 216055.4539 203239.3867 183017.468 249032.9332 149864.7331 172826.7985 205722.6439 205899.6559 208480.2443 198206.2068 177896.4981 195779.1885 200578.1061 180628.8788 216003.1357 172869.7652 185457.2991 149909.0126 180337.1033 149796.7845 137398.4429 142255.0028 88947.01507 76064.28572 25452.8205 22754.0614 0 0 0 0 0 0 0 0 
0 0 0 0 0 0 0 0 15186.12552 40539.08399 53324.95568 68606.1737 73711.87337 154785.2896 139669.4355 221148.4625 159962.5521 203352.4521 210769.7364 183043.5474 175246.7096 152524.3268 193078.7856 182976.4542 185498.2483 226119.3458 193017.3821 220903.2804 200699.3477 200763.0801 152554.3575 220963.3865 205829.4488 238691.6844 198215.4835 226137.0175 236359.9199 266690.267 198161.5983 228614.5874 216118.8548 213660.5872 162672.5702 162543.9921 193142.4949 177692.3533 193150.3078 203299.4254 198087.5728 223662.1447 193109.2844 188046.5128 167697.697 195606.3182 200787.6765 193117.1474 193141.2373 218503.5954 215922.5623 200769.685 210794.8025 243739.24 203303.0125 210985.6388 254137.9559 154944.8296 195634.3434 200840.343 241628.7084 208184.7149 200709.5616 244041.1085 185444.0521 172880.955 185384.7438 193151.8918 251481.436 208490.4277 160000.9673 170239.4562 198366.2697 187915.8139 198317.9539 187957.1321 200707.3296 167840.5863 241466.5323 208603.3737 160082.4247 193210.6748 223724.2239 187991.2431 165037.4595 215873.8794 221203.375 246233.9494 213393.0522 185466.7003 172737.5712 165204.5069 167857.1454 134658.9682 203332.8081 187995.5822 248964.6374 175317.853 238990.256 177675.7669 208398.2655 172805.6727 172810.6742 185229.2118 167681.0662 154960.4172 134699.5613 83730.7256 83634.38676 53307.53509 30515.79529 17693.71921 0 0 0 0 0 0 0 0 
0 0 0 0 0 0 0 0 25297.57225 35446.61366 76025.68127 119403.6616 124337.3317 104087.9357 129483.3007 200913.6402 218373.2491 167753.4934 213404.0829 167617.6765 195514.8321 223666.6332 183044.3044 170273.9717 221120.6521 241456.0582 215888.7205 180285.9326 238976.3557 205710.0739 162510.3411 200727.1218 195446.6687 203158.4149 203287.2799 162812.0865 241337.6215 225996.4727 185560.8049 185383.8972 183033.7163 205789.3365 213500.7256 160026.0967 213452.4436 159973.8456 225901.4939 220953.6317 215974.9672 167760.9956 193169.9304 190691.9462 193030.8159 208341.2344 187877.6204 192959.9136 221008.4792 205865.6293 203184.5716 154972.2396 152453.8432 200667.8157 193034.4362 198282.0221 203165.738 162754.8 192868.9132 215996.9136 200779.9484 190490.1888 220967.6711 205685.9489 205795.0858 180452.7879 210919.2187 188073.9892 177776.1642 177814.2798 182816.3252 190286.7249 198233.1297 182973.1376 167687.1265 177711.5645 226180.4593 200674.1963 182782.0152 198231.9227 182878.4858 213404.3558 175173.2529 185433.0662 187883.0184 198325.6914 167571.2719 205646.4574 185418.6344 180483.0622 233734.5724 187802.9269 193014.8639 177777.4228 208280.3418 198051.058 180251.1327 182904.3697 221064.248 203319.0243 190578.9216 203204.7066 188039.3602 210973.5778 193146.7545 139799.6288 124456.1033 83683.6699 98940.61888 60802.95339 27877.34803 17760.51106 0 0 0 0 0 0 0 0 
0 0 0 0 0 0 0 0 20254.3189 30427.24629 83716.93022 101492.1883 119429.505 126825.6754 157424.5013 185523.1354 215737.1126 170447.9249 167620.0035 215744.3297 228974.2691 223533.9931 228528.7412 159988.8204 208176.517 172747.5643 213439.236 228634.7898 152567.6755 210816.3378 218368.4316 185343.9155 218654.2535 187984.4931 190574.2465 213542.6205 183038.1946 188119.5963 149850.6331 213280.1168 208385.3294 231182.4532 172762.1355 180198.0722 165219.7025 210886.5521 187917.7646 203019.5025 228646.1871 187849.9415 198306.1595 175114.7008 165103.432 213493.0237 231169.6203 208413.4525 200738.1882 187910.2136 193066.3987 208489.0231 170283.9108 200801.8728 198065.1008 182752.0198 210942.5994 167707.596 246287.5671 203406.2251 215974.8958 165080.0194 172699.2602 200654.4779 221043.0331 177797.9471 180472.6997 190519.108 182679.7915 172753.995 238936.8382 175290.0789 210861.1893 190528.0495 221128.4814 248921.3572 185425.4059 231140.4053 200568.4759 167632.3613 195661.3609 195649.0278 192961.6887 185452.1321 190492.8269 241270.7885 180435.507 210978.2809 160003.8857 210946.0366 208263.6637 195533.4248 200801.4426 208263.3337 160193.8482 165075.5108 175292.1302 200554.6429 183122.8187 172793.6037 175391.2266 223712.5559 147401.2247 172762.5149 164978.2571 127035.2177 155089.9309 106626.3536 76187.61576 58441.23304 43077.98372 15136.74188 2516.405943 0 0 0 0 0 0 0 
0 0 0 0 0 0 0 0 15204.76863 27933.9294 68426.23847 98834.91548 101751.6852 116882.5457 157350.8541 162395.8186 167474.7038 203205.9782 157487.5922 226079.5544 188028.6833 195598.0168 195493.9966 175362.645 170265.193 172660.8626 182863.2135 213397.1342 177974.7812 198124.8996 167519.3589 200578.2194 213140.4152 185415.797 238664.2105 147261.4064 208294.6702 172864.0947 188036.9836 195362.2781 261642.5968 198160.2784 192927.5786 192965.0783 203257.9338 190497.395 264210.9734 177860.3396 139826.5094 182867.9 185522.2862 190589.84 170090.42 177730.5456 228729.6511 182823.8945 193128.733 203346.7595 198321.8183 180478.363 190436.4363 210736.1085 188354.9929 183031.9978 213431.326 221037.5682 238783.4464 200666.2213 195592.9626 192988.6882 172769.5947 203199.7728 182784.8212 200675.0806 175246.2936 236209.1434 193119.2843 221054.0611 159960.5561 205788.1687 190577.7418 213273.9276 236530.236 164860.8345 197992.7609 172788.0413 210607.6957 198184.9782 180373.0123 213307.8902 233626.6761 180349.0949 165163.7655 198315.9687 190597.8645 167591.2006 180223.2049 165121.6557 218353.3149 160167.0503 182686.791 180309.1099 187911.6357 160214.2286 203337.136 221019.457 183134.2532 215950.2617 220959.5625 195411.1201 175293.3852 198109.2114 175295.3869 187951.4652 157406.3853 124320.8467 98926.39194 73547.15465 37969.38795 30425.83402 0 0 0 0 0 0 0 0 
0 0 0 0 0 0 0 0 15215.68048 27843.46927 71072.63217 53286.59846 101445.1911 139713.8529 147320.3209 167622.1645 215943.3468 177848.091 266647.3283 177688.8458 215733.1412 167674.7209 198280.5082 208247.6376 180198.1537 172700.2527 198159.6041 213316.3369 155006.7295 220844.5368 177856.5786 193099.0376 203263.9247 162431.6084 190608.8474 215700.8416 185487.0504 228436.8721 154901.4526 223705.1249 155142.2265 223576.3325 203349.1365 218297.5044 198143.4592 195640.892 205960.7513 236190.5234 172873.9772 200354.7568 154807.6813 197964.972 193100.0527 231185.7527 177634.6303 170136.0631 167558.9235 195463.6737 215853.8607 154976.0262 162487.9687 198151.5622 169945.3208 197815.4262 180275.6026 188083.5176 220864.6712 185605.4069 144835.3921 213345.5585 205741.5489 162595.6037 231036.539 182852.4068 208340.0633 200771.3734 208239.0958 254169.5967 215897.7034 185293.0247 233714.5135 195493.7531 233596.6372 195554.2422 226181.7644 218412.5905 215834.248 172536.99 170095.9452 195494.4398 208199.5711 155143.8087 220934.5603 208082.3769 205570.4375 157415.3856 203203.5401 182674.8488 193091.8913 218339.6859 154860.28 210963.2916 197970.7738 203284.5098 167629.8912 205812.9137 193179.9004 225928.5501 200609.0668 160039.0509 175284.6707 185438.7259 185510.272 165073.8581 142167.0608 94036.60374 60917.55513 55801.68533 37982.30447 15225.55516 0 0 0 0 0 0 0 0 
0 0 0 0 0 0 0 0 17720.42377 43119.36615 45710.65438 111670.8907 142267.8457 129544.2122 144585.3544 165182.5869 177835.6 162557.1581 172724.9289 205659.0385 200641.5593 198041.9745 195382.9593 192925.8291 208043.8104 182737.4688 152218.9488 147290.4214 170214.3557 190513.0207 203224.539 208072.6761 182814.3062 154997.3755 172726.6874 182724.6883 223575.7961 182992.0236 182756.312 175082.6067 218374.1217 208212.4915 208321.0598 236223.9215 215850.4583 193156.3125 220975.6363 195543.9519 180344.5894 208337.7598 192850.0463 215847.1137 175100.0413 187942.4001 208226.2584 180374.7652 193073.8627 198132.9141 185390.4814 218580.0766 192562.4812 195574.9251 190447.4125 205724.8421 197961.5022 129350.4626 182724.3599 172632.4449 185267.1107 195534.6957 210904.5177 198062.5039 159855.6738 170189.3047 208295.9749 195606.5023 200405.2822 231001.4384 200748.3207 180393.1285 215849.1297 205851.3404 193121.9446 210679.7306 170147.3269 185466.0792 203205.758 213114.9394 165167.9818 192912.5338 175296.5144 170020.6257 137080.6003 248929.9655 228627.6563 200773.6913 203019.4324 172681.2032 213292.2088 195498.7368 144671.113 215880.6182 215747.2338 203246.7644 198195.922 147280.2734 192839.9483 190419.1418 180231.515 197944.6254 225886.0435 157359.4755 195522.242 154967.7735 154886.6764 98993.05303 129461.4525 58422.03544 32930.30664 17695.03273 2528.89544 0 0 0 0 0 0 0 
0 0 0 0 0 0 0 0 15200.91378 33024.03178 63512.91784 91334.58609 106405.7577 114155.7435 116707.0723 164996.3737 180375.1513 157416.462 208336.0483 223379.7612 210628.4372 205742.109 180437.1537 195551.9494 180158.1689 233681.0438 218375.2719 203169.9854 177643.9214 200480.5496 200548.964 142341.9991 175285.2879 190450.5095 195411.3856 208174.0244 185398.9096 180271.7529 162720.2203 205726.4145 190428.6329 192810.2935 154753.8056 215843.0754 210922.5341 210902.1585 177845.1704 223499.1326 223495.0445 228417.9353 203226.6369 185405.5041 218451.2828 195650.0837 167686.7241 210736.0794 195446.7443 195501.0651 190421.1858 213274.5498 200661.8298 200342.0034 185250.6233 197850.052 177754.0037 208279.6362 193111.3127 177657.0463 187919.5301 180444.8685 190440.2348 170239.6736 170054.0827 182939.0403 223441.1395 190378.3355 218225.7366 193016.6616 195694.2046 175152.1024 205723.9289 185101.908 172719.6016 182757.0433 182740.8191 170071.1434 205909.9742 218287.7312 175452.7992 154785.1088 192979.0083 210727.4458 162467.5116 172636.0741 175026.2052 205732.3243 210750.9636 218496.6222 228651.6685 187748.2389 190394.7361 193079.7645 188000.9969 225896.6161 203214.7794 215947.63 205582.2389 172805.3316 205707.8801 236163.5379 208124.8443 220890.9215 208318.5214 147269.8524 99052.49047 109127.7789 83691.62928 68516.15672 65974.05381 12661.58568 0 0 0 0 0 0 0 0 
0 0 0 0 0 0 0 0 15225.29888 32949.50292 45628.43501 68564.98473 103874.2182 157401.4603 160028.8873 144678.8262 238898.8835 185560.1924 210945.642 195387.9488 190425.8258 241274.0453 172606.5483 190311.6295 225779.8722 215764.4136 215667.0218 208140.2304 225985.608 185451.6285 187976.1033 238555.7574 215915.0604 208272.4795 200576.3573 198212.5917 187913.8014 177670.9377 198008.0594 200581.4757 235969.7079 215917.3347 208200.0351 185296.3522 230973.5026 213008.1095 210674.2714 154910.2313 198075.7645 215744.3074 157230.2215 185500.8364 200758.861 215747.1203 192828.8356 180217.2076 246255.7673 243952.3385 218253.3291 174868.7426 159813.2484 225859.2563 197912.505 185404.1856 205615.7852 202921.9686 225899.0428 208331.9219 200733.4423 188227.7844 154965.4162 210911.1802 228455.7382 187858.69 210648.3831 154956.1385 185424.3539 180353.907 157498.2909 213529.0742 208260.0525 180330.1243 218323.16 218557.7883 162393.2885 165035.9194 177902.2093 198061.24 207979.9203 221060.7523 190448.449 200612.5034 187947.1305 193007.6575 187727.8372 208042.8835 218241.4043 220735.5951 220896.2371 187941.4122 159896.2685 170064.243 152375.5315 154991.6977 241020.3102 162639.9012 203149.6754 162557.729 175083.1159 170156.4486 215496.9275 165103.9064 154956.1932 144763.8655 99046.72834 114207.9512 98956.89046 55821.94268 43058.81976 5086.845968 0 0 0 0 0 0 0 0 
0 0 0 0 0 0 0 2498.717612 17789.34684 43007.6294 53201.43587 111775.4224 126768.5582 149736.7991 155041.1375 195210.2781 147376.8827 193122.3884 152325.0974 203078.233 190219.7357 205664.6897 159923.8189 175191.9946 259063.791 162509.3793 193159.1759 203146.8596 154938.1629 218252.096 195355.2239 218444.0688 195584.4788 226075.4323 187930.4866 215717.3979 190488.3772 195581.2132 218344.2487 177587.1168 220896.8403 170041.7721 185378.5411 218224.3274 147272.4571 182782.1317 203055.42 177696.1724 193099.97 193009.6126 159922.466 203097.3256 165186.7077 195589.6598 213373.657 259051.4347 185408.6245 218367.6712 182701.4413 187718.9658 236111.2038 149738.9594 195330.7632 238566.8275 218183.9002 188095.1899 175199.8723 175385.182 205594.152 202916.3941 187693.5482 149745.6301 233695.6769 175311.175 180160.0899 157317.6955 231000.7319 231073.827 177618.7139 220809.6883 167747.9813 190507.5505 202966.2789 180346.4703 238368.8785 223571.8624 185143.8606 220939.8083 139625.7224 223363.6537 223394.2675 223169.9568 203317.2735 238656.1975 188005.2402 203196.9873 233539.7757 248647.203 195368.9728 200649.0823 210730.7081 185184.8233 195615.328 207936.1645 195459.343 210737.5519 220913.2173 226032.3896 183056.0001 197985.5623 149767.8739 187893.389 172652.7833 147250.6862 109083.0987 131960.3044 76132.90693 78707.62124 65856.76353 12634.673 0 0 0 0 0 0 0 0 
0 0 0 0 0 0 0 5077.377415 15179.12644 30401.26018 60740.70166 83665.17611 83858.55512 136928.6586 142262.1087 136961.3106 203175.489 226072.6089 172571.4724 170044.2651 197783.0703 192987.0643 193106.3585 195487.9493 187919.7912 225898.6903 167608.2699 198114.4161 177705.165 185324.1391 226143.5812 185263.3486 185283.029 172784.2529 205480.5812 241116.7907 177678.337 210946.0357 200705.4076 205503.0209 193058.5638 225962.9669 175178.9965 182606.4168 177654.3485 180326.6529 180215.5054 223483.9214 210770.972 198089.8466 225846.5774 218410.3238 198104.8645 213419.117 182755.7168 175161.4013 177821.1543 233535.84 200679.1184 200610.2784 200700.5778 172661.3462 223501.8179 203116.5659 200582.2402 180290.1178 241063.6322 223358.2646 223438.303 165193.5837 197914.9801 192990.7849 182814.892 200537.1749 170034.0409 180149.0897 182840.9838 175384.5956 180399.7037 220888.8604 198042.0412 205589.0325 213244.3947 190333.4988 182637.6357 225691.1859 200506.1386 213162.0128 195563.1096 192930.9048 245737.492 218295.4791 192945.6158 200335.2206 231188.8688 198037.4011 165158.7872 182676.399 190515.3486 259070.6847 172826.9039 238778.9499 203085.9067 175152.468 205866.4649 225946.7201 190453.8844 182948.08 248780.6837 192930.2562 175115.6055 218178.4466 170157.1955 170242.2973 147126.0039 129460.4095 101435.6664 65964.43133 35529.15669 20222.31712 0 0 0 0 0 0 0 0 
0 0 0 0 0 0 0 0 10107.98692 32838.35914 53125.30092 63273.0389 96384.54533 65960.97347 139519.2442 136888.3887 177465.3883 142082.7402 147179.6102 162323.5793 182314.1884 136989.6379 164711.7921 162178.9845 185149.7176 159589.1836 185310.951 147136.404 169812.0884 169874.728 190259.6143 149642.6655 169982.0016 147177.9801 172376.2901 169833.379 154660.814 136914.2431 162240.304 164830.791 162458.8186 164901.9091 169891.0392 157220.4546 164663.4234 154721.1009 203015.7761 180006.7707 124291.7393 147168.8462 205359.3311 149656.4378 182663.8418 197922.5818 129355.4935 207774.6321 174973.5236 141896.2542 195414.5801 164814.5852 149731.2103 177508.0068 142096.0914 162254.3029 182595.5259 167477.4481 164848.2626 192648.7247 167274.9897 159810.3886 159946.4702 141830.609 154958.7971 142019.1818 172524.0003 159961.5112 195090.8608 185151.1864 200335.4973 172371.8219 180050.8167 195262.3756 182670.7138 152157.9529 167408.0783 164907.7591 154674.6607 182578.2042 197781.5062 152044.2047 169800.4976 162360.8088 159755.8453 147223.4682 177521.3207 157387.9718 172444.7727 142120.0744 154551.4573 149693.3492 187681.0364 185109.9084 172307.3668 159585.0719 129120.5961 182535.8166 154878.7453 187607.5868 180077.2207 190127.723 157276.8466 215652.3188 154840.7881 157486.365 99024.47633 98913.61276 63348.2924 50649.99251 32931.64432 15133.35151 0 0 0 0 0 0 0 0 
0 0 0 0 0 0 0 0 2508.755821 17573.53703 12599.79179 45421.57747 40421.61454 68160.55743 45482.67864 63160.75174 68187.80116 53001.81009 78363.14906 68231.57139 53068.31273 75823.24848 95944.96514 60725.1041 73100.03176 78176.61785 100993.0861 63217.70902 70549.10255 75834.84179 93396.03698 83347.2507 65705.30887 75750.78822 93344.73589 78333.26683 85940.17446 65647.8416 88446.12067 95947.8289 68128.21684 65590.40376 73329.91917 98434.67343 90833.01819 63185.54729 83365.54719 65677.14656 90886.34937 75742.67717 70668.53764 73221.38509 73242.06618 83305.3988 75651.40745 93453.56699 70707.55314 80814.35992 83293.92683 83322.5851 70725.9725 80718.72705 90854.86875 98545.24992 83357.52137 65732.73891 60590.22136 70609.58411 90845.25095 78383.11323 68232.54457 98544.20901 70761.85861 68229.73991 78280.43773 65773.98687 101069.3084 53076.44615 65703.81379 70645.64666 85834.45667 60606.15755 75907.09347 75775.31053 80890.93151 73274.99903 60611.13814 95979.0426 58034.38123 60574.21777 98578.14776 68250.51436 50593.10063 63124.66096 65638.85056 88359.45257 88374.3203 80910.35233 85902.44044 65664.8505 90966.69097 80765.493 80740.06296 68175.01814 75823.25217 63173.37199 78206.81795 95994.8672 95969.02551 85824.75377 83314.4522 65585.58929 73239.32757 47987.01264 75754.20688 40283.31475 40469.97548 30226.67524 12577.71845 0 0 0 0 0 0 0 0 0 
0 0 0 0 0 0 0 0 0 0 7521.273216 0 7527.60519 0 2519.761219 7546.979801 2500.632109 2509.746088 7519.751979 5034.183999 5033.162283 7557.391964 5028.451233 2519.691585 7537.66548 17606.53595 10055.28785 2518.648869 5025.874545 12574.8931 5039.036998 10057.7286 7548.493572 10050.86404 2509.0587 0 5022.082529 5036.549615 2517.028358 7533.856069 0 0 5022.741783 5037.988802 0 0 5012.28804 5030.135213 7550.095734 0 7552.725421 0 7537.204263 2505.659074 12566.95371 2507.40103 7530.435036 0 10052.57393 2520.431587 0 2507.63433 5032.992709 7548.461754 5024.671185 5021.269378 0 2503.145808 5037.392511 2515.643207 0 7525.800192 10032.99445 2502.40942 2519.451566 7534.687982 0 5035.93637 5027.970598 5026.031156 5017.607637 7529.377393 5016.547674 5026.636585 10057.06588 5018.245888 5029.002089 2515.893929 10049.27748 7526.433335 12570.19963 12561.44314 7525.997159 0 0 5017.562875 7538.653027 5032.818104 0 2509.660108 10044.74889 7540.548553 5048.871281 2525.021484 2504.03376 5035.329893 7530.361434 2506.011427 7549.710194 5015.414939 5028.535273 2509.003669 5023.65329 0 0 5029.203754 5034.068739 0 0 0 0 0 0 0 0 0 0 0 
# Errors [PSDmon/PSDbefore_guides.dat] I_err:
0 0 0 0 0 0 0 0 0 0 3552.222529 2517.506536 5625.651691 0 0 3553.396545 2513.928532 4358.889103 5621.924514 3545.82226 2530.190796 4340.207035 2511.788297 3558.702757 4357.088338 2521.786201 4339.247725 2520.960566 3544.536187 3555.448151 0 0 4357.953411 0 2521.640644 2501.271121 0 5019.31441 3556.844532 2520.681502 3568.379297 3541.140078 2510.302262 4354.343866 0 4349.358525 0 2513.514334 2508.094165 2513.821466 2506.908423 2513.06433 4356.509925 2504.323456 4357.293662 3554.122548 3558.321036 3555.744731 5028.408424 2513.251712 2524.345949 2509.423664 2520.749368 2509.782171 3564.800248 5026.560684 4347.774064 3542.980556 3551.797017 4346.959482 2518.797425 0 3544.624171 6147.010825 4342.623082 0 3553.96581 0 0 2521.789707 2512.379316 0 3557.469579 3552.709832 0 0 4355.253057 2522.222161 5030.766803 5028.687126 2505.653599 4353.093918 2516.736409 4364.130079 2495.549625 4359.815086 4347.122856 3551.44358 4350.374543 3558.191165 3550.734309 5042.345186 3555.826587 0 2509.569037 5035.627282 3564.049731 4354.628235 2501.018475 6149.534093 4363.688677 2505.71206 2516.569047 4352.723886 4362.623795 0 2514.18654 2504.433011 0 0 0 0 0 0 0 0 0 0 
0 0 0 0 0 0 0 0 4354.366978 6164.463694 7555.326957 8726.140957 9782.172719 8373.372529 12626.67818 11286.77268 13584.96939 14037.48998 14720.28015 13137.09867 14045.17907 11570.10409 13600.0394 12882.08473 12363.26485 13353.55853 16164.93875 13838.67389 11836.16365 14924.35608 13604.56111 14289.02692 12097.47403 13353.40103 11572.08791 10412.7486 12872.14018 11846.7057 14725.45958 16178.75099 11852.19159 11841.96156 14923.40575 13121.45151 12366.31393 12870.39251 14727.25945 15374.9506 11841.94663 13130.76099 13374.79958 16584.42787 14941.24962 12100.3285 13826.63126 15375.63356 13597.32176 13600.96001 14728.98806 15767.78399 15764.01561 11013.79261 11295.43207 14084.46519 13833.02131 10724.76906 13356.92467 13833.43915 14724.06371 12386.23322 15151.96979 14952.21638 13836.45728 14949.85261 13384.03353 13114.58755 14296.4693 13830.13671 13613.00998 17299.57573 12877.70622 13111.29501 12628.35557 15170.78809 12878.38832 12122.06741 13821.20769 14945.30403 15982.59043 13380.50322 14061.93149 13589.53295 13121.47735 14942.36359 12884.9184 15176.80039 12643.07729 13370.47801 13131.60735 13129.32969 14098.62146 12375.37222 12372.02614 13370.71602 12883.27734 11843.01991 15357.33812 14281.94818 10410.76338 13386.36029 14522.18387 12853.19247 12101.1162 13353.95144 10080.62063 11001.61709 8747.221628 9415.720759 6684.617077 3550.273558 0 0 0 0 0 0 0 0 
0 0 0 0 0 0 0 0 6718.584709 6683.612909 12667.01256 14997.15131 14546.89986 18661.77307 19171.92571 19965.27561 21383.30581 20137.87564 20600.2969 19803.25158 19642.51092 19492.07512 22234.50866 18104.51804 19139.8062 17908.62136 19501.37732 19960.9451 20896.32982 18797.11238 19152.02353 18648.46786 18478.08683 19472.90994 20615.29065 21379.29068 20285.51991 20595.7831 21960.99589 18112.32238 18829.88537 21369.08397 19495.76733 20911.32289 22537.31239 20746.94364 18789.00776 19624.91681 20462.61017 20294.91786 22826.47109 20110.38131 21040.37355 18100.90952 22416.76539 19834.81508 22263.51252 20766.25805 19813.93967 19643.30091 19820.41522 19157.11037 18279.79597 20772.55974 18809.08951 21219.44312 19155.06237 19983.81787 20295.02874 19495.52212 19647.03979 21187.95243 18294.30884 20899.07463 17953.20521 20752.16733 20927.58291 20756.78752 19795.28861 20306.36005 19160.53732 19324.5285 19972.0816 20737.70959 19323.18803 19168.38118 20759.15149 18124.71872 19962.78156 20289.39835 20127.85558 20117.29528 20435.87866 20122.92779 21369.45627 21049.38973 21348.582 19466.93406 18792.09405 18974.83138 21084.85498 17766.0623 21388.36095 19980.39473 21373.85815 19986.23432 19478.39017 20593.74177 19800.30986 22558.01752 21076.62719 21824.52599 18636.22603 15849.85209 15646.83644 16602.92512 11325.94854 11873.33428 7136.399411 5046.89516 0 0 0 0 0 0 0 0 
0 0 0 0 0 0 0 0 6715.997499 9118.230216 15204.55111 12707.41147 16447.68116 16607.98996 17414.82736 21398.03153 20776.9052 21691.59668 22137.78487 21969.53556 20297.26353 21092.02758 24074.17209 23401.25339 22402.82531 24486.65374 23405.42791 21694.77167 21506.93658 24220.37414 21243.52679 22123.31598 23425.8273 22294.66876 20443.39364 22558.08827 21534.56397 22134.47443 23125.70543 23532.16778 21236.36479 21071.38324 20912.81133 21552.05466 23685.59353 22548.5708 22556.13723 20767.46969 22858.72822 21953.63292 21981.40254 19833.81258 23945.37789 22306.81801 22715.10916 24359.71357 20288.82501 21229.08302 23658.76711 22562.86905 20156.28334 22995.85378 22688.49846 21848.7087 21840.77323 20294.25072 23520.46345 21245.87491 22416.10656 22004.71201 22686.43973 21677.1695 25265.40763 23427.05105 23677.6325 22834.8497 22688.70111 20588.72258 23965.64777 20616.77964 21531.06043 22281.87101 21084.76129 22688.78209 23834.36173 23258.64566 24102.76672 22127.21307 22003.83917 21230.92788 22711.73837 18823.28443 24091.68198 22558.62684 21847.92684 22254.96028 21845.6551 20942.86498 23403.61447 20460.71544 23126.32673 24619.27526 24337.04635 23819.97988 22721.6831 22417.32837 24885.66696 21252.80062 21536.64256 21689.74361 22109.88012 24078.21291 20785.104 18644.61 15847.58485 16621.57122 15442.00477 13422.3931 11022.53497 5632.268119 0 0 0 0 0 0 0 0 
0 0 0 0 0 0 0 0 6688.765599 9810.798312 13661.69004 15864.02374 17406.08488 18120.32696 18342.58042 21837.31328 22268.34822 23533.19411 23795.79408 20909.47553 23679.31547 21828.7583 21543.1532 23279.09793 22841.80086 24494.28328 21248.75916 22414.25747 23949.08144 21526.08442 22974.30845 23808.95384 21693.08665 22411.19544 24482.16548 20788.80273 22689.24477 20930.1425 21388.10609 23135.4153 23132.74052 23109.79539 24579.99435 21851.17172 23276.02996 25018.15738 23418.16807 22975.86294 23937.09203 21687.36383 20931.62961 20608.89001 23940.6331 24063.69484 22419.27324 21707.58448 20946.98614 22430.87789 20773.98611 22557.75494 21534.97432 23264.58352 20953.61559 23548.8553 19982.61954 22154.62028 21696.72874 23016.604 22594.70251 21235.51002 20644.95726 23946.73974 20648.02418 21673.57188 22287.40222 21834.5287 22720.93794 24620.39824 22714.05372 23405.6718 22393.31079 20489.54326 23928.49042 22546.57087 22979.67986 20774.01964 22992.02674 22554.14083 21715.1803 25253.31391 21415.10794 20188.11326 21371.05979 25005.4867 22713.53631 21255.71255 21828.77518 23233.56951 20638.93204 21703.70012 20160.08322 22567.61549 20793.08024 21102.48632 22714.47991 22402.79052 23292.22621 23402.7967 22864.1589 21825.00788 21821.97296 21694.57296 21230.67023 20001.49306 18306.86387 17772.30091 15638.94897 10465.66788 9460.858728 4366.568011 0 0 0 0 0 0 0 0 
0 0 0 0 0 0 0 0 6667.883366 9480.632762 14790.29416 15193.26204 16240.82978 18119.27724 19166.3357 20466.63547 19486.1447 20784.37248 25397.44353 23417.90022 23806.72235 21262.38488 22570.3511 21535.75539 21973.24093 21843.06806 20470.15084 20799.59171 22273.42165 21957.26998 23544.84122 20802.07566 19817.46588 21539.71392 23678.68134 22308.87301 20629.71942 24370.5798 19816.88201 25250.94222 21547.26913 22136.47591 23277.80096 23952.13974 21675.95714 23131.99957 21081.93814 22409.65986 22575.61804 21255.57246 22854.80844 20794.18293 22163.7351 22282.87005 21382.60451 20432.42507 21248.4614 21217.8171 23135.23066 23713.56939 22717.31876 23818.56761 23544.93909 22848.72492 22859.68052 22122.4014 22425.0293 20153.00456 21694.20709 21386.23213 23133.80643 22577.15662 21830.24024 22556.89482 20632.85028 22595.73276 23670.89739 23691.88476 23266.42228 20798.71016 24350.75104 21250.10524 23537.38189 23400.12267 21223.93427 23851.50723 21562.43641 23141.17638 23959.11687 22713.02488 22856.58368 20622.49513 20783.83435 23552.90825 22170.00088 22877.89545 22139.73088 21696.46515 22105.31904 22852.61259 22272.34907 23272.32188 21392.0783 22000.95583 20463.57743 24610.44868 23120.46244 23404.07469 21240.59783 22416.4188 23268.74225 22136.45636 19491.05454 18496.25299 15223.20936 17961.18912 14131.19634 12924.83725 9820.235752 3590.775351 0 0 0 0 0 0 0 0 
0 0 0 0 0 0 0 0 8000.484168 8023.483548 16023.08904 14112.97751 17573.74242 19994.20384 18305.22482 20143.91542 20637.15068 21842.32816 23968.80942 23271.91989 21705.27176 19843.36715 18491.06868 20939.38657 21553.22538 20477.87851 20946.95405 22436.37498 22150.99479 23836.47633 21534.59997 23977.06554 23951.52216 22700.86355 22573.08162 21669.33719 22989.46264 22983.76357 22000.69183 23813.68551 23574.72898 23819.04728 20931.96258 19506.90655 21407.95295 22281.12801 23001.70785 23977.10604 22274.56708 23011.2832 19691.2654 25132.81937 22730.38701 20613.7519 19999.56813 22979.27136 21551.89383 21987.01577 20637.26841 22989.48156 22863.66362 23272.38679 25155.8239 20942.87624 22987.07064 22133.50173 23946.61733 22270.1714 21864.73307 21528.7495 21841.78421 22706.62803 22876.79374 21548.77999 22139.37178 20799.40564 22125.30694 20611.4148 21217.41997 22873.16872 22136.71322 22030.11157 20447.84436 23273.84869 20631.83286 24603.18777 23533.95958 22449.03597 21078.40352 22443.16574 23670.88968 22414.48446 22870.21691 24387.54714 21998.6173 22273.99399 22167.72813 20185.51578 20315.15845 19992.83826 23412.0714 22997.85978 22570.64701 19971.62028 23839.58941 22570.5786 23542.01272 21980.34094 23274.92314 22574.87938 20946.48624 23267.78484 22426.20581 16854.67043 17593.06806 16259.48422 15184.1988 13202.31925 9797.853353 5628.867043 0 0 0 0 0 0 0 0 
0 0 0 0 0 0 0 0 6699.988699 10131.26511 14578.18172 15837.07728 16462.13388 18488.11956 21697.45619 21409.83867 22842.29853 24765.8926 21096.16608 23135.79129 20781.57805 21984.61738 20943.00507 22134.79937 22714.74748 24125.26042 22729.31684 20469.33723 20310.08335 22306.5922 22874.14466 23427.36626 23715.14338 21986.00148 24347.85907 24746.87053 23119.42524 22593.63545 23703.75431 22835.82701 24353.36945 22008.65983 21708.0763 21548.10968 21118.59181 23957.83835 22436.85724 24377.22261 22719.08595 23815.63592 22973.03077 22575.32945 20787.02046 22986.94109 23837.84418 22154.24315 23298.62318 21239.96971 21411.99486 24336.76091 21393.54235 22733.08613 24625.03428 22133.06525 22006.18067 25644.8718 18996.82566 22283.08914 20172.37517 20313.78386 19327.40734 23135.94034 22291.37085 22994.7072 21694.99597 23404.86258 23827.78006 21548.81228 22860.02388 21270.56428 22990.75078 23814.11885 21690.89453 24227.47154 21851.47179 21537.09539 21227.82243 22590.7368 21258.52694 20779.08763 21237.1959 21424.10772 19159.72789 22842.83487 22852.61751 20625.60218 19672.1347 22977.20686 20942.3638 23278.40506 21099.26172 22711.11945 24866.29986 21242.20409 23955.43948 21563.32209 21408.48465 20803.08214 23260.31005 20492.88265 25129.90048 24226.07539 21717.78819 19182.13966 18495.73723 15644.23939 15220.34515 14592.31704 10437.27285 6688.850555 0 0 0 0 0 0 0 0 
0 0 0 0 0 0 0 0 6200.471919 11331.19079 13170.48831 15853.95733 16248.77309 16827.72975 21703.77963 22718.28239 22151.50842 24611.39035 22415.26212 22420.51109 23409.62543 21700.69666 21855.98363 23406.48613 19992.52262 22003.82542 20480.69778 22578.08973 23964.4006 21249.4933 24360.77263 21851.19712 23131.68095 20456.01879 23688.2407 22131.91953 22288.05023 23549.75023 22451.90555 21382.6739 22143.76279 21982.88674 22716.85971 21098.02719 22566.83363 21255.49835 20003.7156 23695.42551 21541.43957 21257.32615 23250.9334 21540.6667 22599.06507 23287.55675 24222.49725 22993.81772 24092.30738 23025.60973 23527.27795 22600.19413 23421.48339 23569.11711 22702.41501 21723.12269 23797.59544 20945.06037 23676.16922 19191.00228 22289.45147 20168.67753 22850.58672 18836.77548 25147.33377 23143.06324 20156.17788 19864.06221 22573.87415 22297.75245 22442.01604 21825.14318 22575.44376 23979.4771 23130.84299 23004.28491 20011.29216 23558.20604 22594.08933 21260.9444 21838.92354 20788.26282 21705.70073 22000.01693 23845.37749 21974.85287 20788.69953 21390.34654 19982.20859 21821.80621 23140.02566 22845.71133 22436.37016 19346.76363 23687.24531 20943.4081 24873.31592 23130.62107 22578.94892 22134.94165 22855.84605 23688.24376 23000.56554 23535.23339 23813.43963 18666.14906 19822.66913 18667.96992 14339.84164 12434.4745 8414.400368 5633.413305 0 0 0 0 0 0 0 0 
0 0 0 0 0 0 0 0 6693.206042 9794.683532 11897.98267 13202.66213 18813.70195 15866.59105 22425.57562 20622.16667 23157.18344 23282.56295 21707.63786 22134.26305 19496.51756 22706.68268 22001.57137 20785.72602 22305.0355 22425.2758 20804.68744 23127.67264 19348.00821 24073.68941 23553.7806 21820.98765 22445.58953 19974.35431 22425.53656 23281.61944 22428.37596 23552.19315 22287.57491 21977.79509 20476.74347 21568.07209 20638.62085 20968.38506 22979.09117 22307.70885 22724.19822 23422.70595 20171.79394 23549.28534 21716.62392 22576.49077 23141.25093 22864.9431 21110.67048 24381.21149 22860.76265 22434.03284 21714.01976 21428.24515 19006.52091 23536.72216 21532.18521 21679.72641 23568.91149 22727.18814 20927.92974 22118.13991 23562.29782 22280.25696 22708.04474 20954.64321 21080.55071 23957.3211 24759.87652 20951.0692 22414.89761 22976.07552 22588.30693 22592.96617 25119.01697 24239.70568 21408.07495 22138.84237 20813.81557 23145.73926 22718.69022 22576.03385 21558.36616 22847.85333 19347.76745 23421.73619 23704.84499 22856.56002 21067.73501 21582.44904 23554.12758 22869.63598 21533.09716 22722.43907 22730.51905 23149.72881 21287.58007 24077.43671 24234.2917 20790.33033 20486.07089 22568.08051 21390.78396 22735.97582 19009.80731 20968.27165 21411.89112 19525.93611 19495.42482 15203.607 11902.89552 12179.21325 8774.712449 5057.51396 0 0 0 0 0 0 0 0 
0 0 0 0 0 0 0 0 6186.771666 10150.82707 9150.869616 14802.39408 16836.58132 16850.86014 18663.76938 21399.3875 22853.37517 23018.3269 21702.30393 20954.35929 22001.74452 22726.44682 25037.74077 21842.28937 22449.20782 21842.11693 24242.24614 21113.52521 22131.24688 22002.96473 23128.27466 23266.93857 23553.68512 22590.51655 20631.35353 21252.12797 22564.17616 22449.50854 22444.50523 24092.08452 23681.24308 20649.61073 22001.38479 24748.29307 23559.45878 22297.49974 24765.17541 23130.40372 23269.59687 22289.78661 24751.68044 23010.69728 21567.81457 22001.66737 21999.93119 21687.12602 24110.01203 22563.02084 21109.35762 22568.29642 22865.57759 23004.78657 21850.71242 23412.03981 21405.81872 23966.80127 22004.25159 21253.54908 24214.45646 21401.77078 22571.31685 22889.83473 23128.37242 21849.20284 20631.52599 23705.01383 22155.18857 21547.89432 23544.55969 23140.19989 21252.58152 20807.3795 20784.25442 20148.71415 24782.40692 20164.30507 19683.33358 19660.16324 21711.54068 23689.78528 20782.93417 21557.25876 20642.12905 22155.1451 23551.12195 24615.70352 22429.17872 22275.25767 21851.98403 20944.27042 21837.86993 23534.11923 20620.54324 22147.15165 22424.04884 23573.61357 21116.02246 22597.62373 22721.88295 20496.78473 21997.45519 21837.96257 21997.88279 19342.46081 19835.82847 13905.55605 14579.3323 12159.21463 11342.67671 6207.431089 2548.895543 0 0 0 0 0 0 0 
0 0 0 0 0 0 0 0 5659.52375 10444.40755 14807.65131 14350.92581 14611.41594 19372.45626 18657.43352 20169.43695 22414.11379 24101.3146 20938.87933 20951.4949 22725.05754 21110.59626 22432.2989 24098.15326 20635.53695 21411.57204 22864.05126 23150.07925 23142.3994 23288.7798 24613.2657 23401.91639 21718.52787 21100.73077 23984.75594 23687.25785 21107.98305 24103.17433 21853.65936 23976.07501 21861.01695 22853.41377 22006.2643 23842.67715 22577.8712 21102.75712 22873.74837 22840.9548 21237.88996 22291.84551 23427.0479 21985.62752 20802.02884 20165.0526 21416.37678 24896.70808 21543.13232 22012.75575 21867.35304 23957.98929 21854.01361 23719.6471 23830.73301 23701.28018 23540.71541 24357.5658 22589.5312 23838.7447 20670.34383 20790.74523 21267.58191 21084.90162 20932.89535 22742.65338 23279.80286 22718.97766 20963.35806 21571.12632 21077.75329 22598.69468 22273.70144 24490.17267 23829.02461 23168.30743 23964.28411 22996.75651 23008.0927 21821.06148 20958.3467 21699.33012 21262.30297 21999.99604 24772.01921 22003.47845 23002.75441 18491.74291 20791.60681 21101.78424 23286.85144 21554.36384 21550.98524 23567.92998 22536.71377 23418.34043 21843.71361 25529.20291 23400.5441 22146.19516 23008.50287 23839.89204 25015.87385 22003.13419 22874.87642 20149.58159 19514.02549 17215.84196 14139.84132 12154.31656 7194.569343 7160.345689 0 0 0 0 0 0 0 0 
0 0 0 0 0 0 0 2534.159153 5053.670991 9820.958926 12668.01917 15001.16792 15234.51127 21872.67822 19499.32003 20470.92531 21716.95998 21714.9675 23154.20234 23562.54069 23973.32217 22128.78845 24521.14843 23709.70299 22007.92271 21265.22924 22292.55982 23448.22605 20939.52895 23152.11524 21694.54078 23412.40866 20945.03194 22703.85738 20782.07008 23143.09538 22572.946 22416.84133 22581.57614 21540.22374 21282.27759 22852.77853 22995.79511 21105.7976 22004.16255 24107.19626 24229.16151 24366.67202 22874.94434 20636.65932 23704.93415 21998.65474 22433.8798 23410.38521 23144.01383 20017.39367 21555.61039 22418.09789 23828.30224 22719.76637 24113.95359 22575.38293 22151.78096 21850.01893 23414.95796 21409.65926 20788.5731 24004.60389 22587.05319 22432.11518 23151.79105 22302.67635 23015.09164 23001.8516 21264.42941 24077.77811 23422.14127 22024.34849 22731.98682 20651.67238 23842.41083 19515.32141 21089.62206 20652.19645 20165.08629 21998.69786 21721.89572 23431.52118 21542.43747 24499.41657 22886.48573 19012.50678 20321.19208 23415.02907 22013.09364 22132.84693 22440.91016 20018.82792 22993.26849 25662.28371 21694.28154 20491.29268 21866.59492 23175.01651 22731.00574 21999.64605 23304.63761 20159.43967 21562.48566 20321.68577 23957.42635 21096.5745 21111.95872 23002.9308 17591.6644 15030.58289 15435.51047 13666.80526 13418.25647 7599.409097 0 0 0 0 0 0 0 0 
0 0 0 0 0 0 0 0 6209.223324 10166.50957 13872.77718 14380.73607 17393.65191 17045.7371 20622.00487 20641.07908 21578.91432 23273.24349 21403.41773 22873.57245 22844.93067 24649.83332 21691.1481 22008.9329 21688.01659 24239.75187 21260.25749 23700.00329 24228.11581 20185.19516 23006.29557 24779.82343 22585.00374 22578.39999 23298.67984 20011.2127 23695.14191 21867.3465 22148.93284 21116.57003 21108.48574 22873.12814 22575.85747 20958.15436 21558.21511 21100.02241 22595.52035 21255.73649 22156.47243 20815.30138 24118.34233 20959.18771 22865.75605 22871.96405 20475.56469 22449.75516 24259.2964 22722.12892 21106.02025 20648.82627 22438.21345 24623.66371 23817.24251 22022.64562 22586.54319 22014.35885 20310.90822 21976.08777 23424.13717 25274.09975 21992.16072 23560.0065 21255.46161 21256.31385 22445.37066 22301.38565 22581.48299 20791.50776 23273.57959 24106.66559 23022.26148 22565.48574 21727.94273 22986.97684 22290.86408 20494.42626 22304.39619 22455.98723 23006.6308 22600.29685 23848.44662 25028.34855 22140.07778 23441.84927 21997.21106 22005.70218 22569.82982 24231.78222 23553.57329 21266.31107 23816.35701 21695.03958 21376.92852 22425.27161 21265.44826 22856.11246 21436.03505 23027.60596 25282.1481 23838.70017 22570.9726 22873.15278 22156.73428 18474.10924 19351.19985 17777.12511 15428.09126 12949.74844 9488.300343 5663.406852 0 0 0 0 0 0 0 0 
0 0 0 0 0 0 0 0 7601.247836 9831.72096 13418.51279 14579.57185 14344.86231 17970.7354 19676.27824 22288.3429 24097.33375 23301.91358 22580.09995 21702.02557 23981.3569 22861.22019 21859.92087 22554.63788 20630.86631 22709.91162 20800.46362 22007.38952 23578.45512 22999.80851 23430.33543 23275.08078 21849.08432 23840.1671 21421.34893 22141.93857 19011.24443 22027.42826 21408.9199 21237.48053 21845.86798 22743.70647 23579.79357 23708.23604 23146.58213 22138.41686 22150.36159 22321.20248 20016.11087 20653.4475 21260.59068 21409.88722 21276.01565 22882.92832 23293.72777 23415.3598 24623.67346 24099.93353 22873.61996 23297.13472 24919.01271 21265.56606 22872.74742 22721.18793 23548.57446 19975.99694 22151.91424 22596.17211 22876.21308 23699.48287 23425.52786 22578.44946 21563.3656 20939.77728 20808.87585 23016.51371 20477.01501 19838.11272 23138.41817 21560.75952 23137.17437 22871.8633 20492.29613 22163.87662 24236.98322 22010.22458 21271.31937 22572.5967 21847.04342 22580.00752 22168.13602 19671.31804 22150.14162 22867.44001 24652.24716 22450.89866 21548.06249 20820.12161 23012.00347 22131.8607 21097.11938 21720.69794 23418.01957 21104.34705 22575.26701 23298.82793 20007.72039 20957.39072 20503.84782 20632.80941 22311.43494 21996.7279 23695.16345 18658.25621 17412.94953 13188.47756 13662.04747 11078.4262 9831.033464 6215.309735 0 0 0 0 0 0 0 0 
0 0 0 0 0 0 0 0 5672.628154 9804.983616 12432.03838 15444.3462 15650.98987 17770.26115 19009.43386 20660.38976 22441.07295 21867.42594 20954.26437 23715.06562 22863.17495 19166.3145 22297.39052 23150.76635 21425.99712 20490.40084 23166.91758 22881.16846 22581.0362 24246.00394 22741.37965 22454.69199 23838.06499 24906.80837 22871.86521 19513.73041 21265.96179 21545.89563 24095.1092 25026.32663 22755.91392 20792.18816 20505.95148 22731.7257 22880.94947 23143.83885 24757.24651 21572.46708 23027.13978 21257.79541 24261.63757 23303.19432 22863.38176 20492.46083 22287.29808 22437.21469 22167.84505 24626.60147 23831.46682 21421.07644 21855.49972 22431.41674 22756.47426 22011.33906 21283.46934 22433.12484 22720.43259 22025.76352 20651.87294 23697.62989 19833.27556 22421.25599 23155.73085 22147.01923 21859.75396 21432.89515 23015.57077 21710.17005 22464.20898 23847.07032 20157.05353 22443.60038 23417.01028 21417.73403 23427.76765 21408.36947 22889.29379 22175.66866 22443.02244 22010.64424 21721.90044 23154.22894 21722.62203 22303.29415 21703.53066 20169.36415 21989.54534 21545.48285 23004.17866 23853.58594 20182.92366 23290.38259 23020.38739 21246.86292 23963.89299 20325.41941 22164.16782 23016.96945 21123.23108 22721.60542 21686.99654 22144.59076 21263.93928 18836.77042 17798.31227 15654.5224 14791.39711 12936.30807 10769.62598 8766.02316 0 0 0 0 0 0 0 0 
0 0 0 0 0 0 0 0 6214.703865 10456.75263 13180.68315 15858.96211 15864.13484 17043.08262 20010.04984 19997.06847 23270.7649 21107.70242 22293.58124 22597.19079 20497.90675 23699.28342 24373.29319 20787.60929 23429.22108 22714.23655 21708.26721 24601.95888 22740.25581 20954.26146 20650.95235 19710.11391 23014.34094 22470.58582 21095.99058 22014.08457 19359.60392 21268.85049 23709.17469 19706.05098 23839.31944 23853.05456 21717.15639 22996.03126 22746.81389 22005.84067 22867.25158 23315.73518 23005.62392 20194.48852 23027.37646 23582.7757 21853.81181 21700.11556 20332.71977 20810.91749 22290.97348 22729.75019 23325.21279 23003.3575 21279.87848 22460.24589 20949.14493 20946.97202 21556.35568 22719.53761 22005.25694 22020.2159 21580.94604 23297.50793 23310.09254 22586.56724 21728.23158 22712.53065 20799.19155 22292.42653 23007.95549 22307.49677 22020.18823 21573.38939 20667.20117 22437.66259 22599.50538 22881.2965 23992.11454 22295.02017 19520.11074 22017.28225 20949.11876 24098.87671 21256.89539 24513.16 23275.52377 22999.35 22149.43629 22585.10324 23013.76684 23147.21047 22309.4171 22157.57256 24102.26691 23312.29284 21091.97701 19200.96245 22009.28391 22022.99114 20504.23305 21733.56498 23706.72605 21861.25653 22289.8013 20959.81702 21244.1092 21994.44761 17770.21908 17212.43283 13901.50278 13173.50007 9836.008077 7165.427958 0 0 0 0 0 0 0 0 
0 0 0 0 0 0 0 0 5670.203781 7624.560501 12181.13259 16258.69415 18500.3478 16258.03895 17958.8751 21425.0356 21561.78219 23708.49814 21425.51947 21557.17028 21889.82708 21849.96985 24648.19702 23557.84505 22148.86191 23018.33719 24514.57898 21426.54863 21562.93626 23435.98097 23865.46105 23825.90283 20165.07656 22743.70732 22285.57331 22619.77208 23575.88663 21101.40614 19669.02172 22427.9312 22884.90012 23585.35283 22001.80145 21850.06644 20508.74474 22167.51984 25320.5359 23962.63249 23691.68954 21861.84285 22877.72658 21996.50024 20653.88121 21409.47906 22141.05261 22447.22427 22132.87343 23157.08558 21097.42072 22740.4841 21849.31814 22463.62525 25419.93852 23709.07484 23573.05072 23565.22775 24777.27627 21704.64307 23028.75888 23696.4305 21137.85708 23422.09279 20811.63407 23701.9891 23448.77672 23847.06416 20488.6465 21581.70648 22873.07561 24908.31931 19850.92884 22444.75975 20642.25703 22599.09804 25549.26246 22161.33282 22181.29483 21277.42686 22000.42722 23291.18788 21278.54363 22739.02528 22857.48962 25681.94122 23417.909 21570.29499 21415.43828 20805.63588 23578.04276 22735.27771 22728.39992 22001.41891 23434.5789 24120.74118 22879.83044 22997.409 21859.62283 20491.32022 20960.15307 22168.72863 20804.27936 24391.36846 19840.58486 21543.6738 16273.58587 16679.58225 14364.56354 11898.96545 10153.41802 4386.952043 2546.256435 0 0 0 0 0 0 0 
0 0 0 0 0 0 0 0 5080.045412 11067.02352 11641.72256 14369.55544 17406.79191 19526.21335 20481.9524 22609.09008 22301.84516 23429.51907 25675.67177 23164.65731 21553.96404 22884.76714 19525.1502 22582.14755 23291.74366 20803.83463 23825.56081 20669.77846 21267.72818 23567.16196 22735.62116 21575.07804 20802.77099 21404.52548 22600.10612 22734.10039 24126.19423 22009.02131 23303.22801 23703.78108 20486.11363 22888.20286 20338.14735 21421.28473 20962.62531 20658.54242 23135.07176 23162.87795 22597.56939 21564.68148 24888.31445 23290.91257 22593.41435 22176.42314 22165.93234 21106.90184 22878.62499 22168.49234 24101.03416 20802.19136 21129.11935 23163.99062 22459.74162 23994.99643 23315.69219 21713.83875 22590.16887 23700.88939 23575.60445 22178.50456 23591.14048 20627.44732 22602.62155 20332.82982 21716.45213 24095.51124 22038.60243 21713.17864 20660.20951 22299.58506 22296.01202 21568.92385 23844.95528 20187.35796 22004.53857 22459.00069 20501.02848 20177.76797 24657.31709 22299.1237 20811.25326 21572.67152 22588.44399 24240.99164 23443.49928 22887.12826 22608.06627 21414.17842 21711.62179 21102.45892 23284.61191 22604.76029 23721.45943 22876.36837 22869.72436 23170.26264 21262.79723 22450.06886 23312.06202 23578.60724 24643.27445 22145.26663 21707.73159 22004.40629 18502.34282 17064.17503 14801.06625 12688.60464 11356.25808 5668.144083 2534.934084 0 0 0 0 0 0 0 
0 0 0 0 0 0 0 0 6225.494799 10151.73123 14807.19618 13697.52228 14832.08806 16864.63209 18857.8781 23143.52697 22726.37024 24137.10335 23022.45404 21727.25358 22745.32191 24395.80108 22878.9541 23453.78416 22017.20469 21120.27104 22325.15133 23035.49968 20487.74697 22299.21558 21259.41551 24524.56714 21875.84846 21418.09993 22024.16423 22749.06562 21587.97531 22022.71317 20488.29837 19862.709 23173.86565 23584.75575 22301.45762 22010.38796 23293.45408 20653.44273 21865.24402 23172.20744 20981.38684 23158.8019 21855.05487 21858.80675 20795.2916 19181.34253 23022.91321 23018.6361 21732.1444 22002.20806 23180.3634 24769.94771 22324.9369 22739.63316 22302.82888 23578.72982 21881.32656 22453.51683 20954.70021 21712.47639 22584.23865 21871.14621 23708.54514 23424.14634 22732.71195 22018.29531 24506.16808 20492.26029 23012.1209 22600.15129 20332.92044 22749.70658 22442.87134 22581.09407 21735.63934 23565.65809 24517.76831 23023.60814 21854.89683 20659.85687 20615.1604 22887.00746 21553.08286 21273.61757 21864.6278 22159.7782 21889.67115 22291.86621 21264.9373 20811.65882 23419.61319 21879.19582 23717.04051 20966.83681 20326.65133 20322.14204 21408.6992 22597.36709 19525.01221 23017.66058 23733.46112 22147.78627 21423.40132 20182.82116 20650.42838 19698.25895 17438.50804 17781.03354 14365.55368 13423.07648 9139.059664 8409.59829 0 0 0 0 0 0 0 0 
0 0 0 0 0 0 0 2531.630034 8016.910913 11325.79091 10150.71355 14826.62437 17975.23017 17450.36682 22022.08881 21135.32738 20802.75966 20965.87829 23030.98877 23016.49468 24268.98011 22616.75549 22017.21458 23002.39309 23175.35107 24106.63539 20965.61254 23440.70454 21862.80118 21550.18315 24268.06989 21739.73482 22750.11729 21411.93318 22589.02387 22746.63843 20495.59035 21415.47202 23850.15487 22465.554 22016.35841 22167.69132 21435.26888 21098.82916 22175.7386 22448.00542 24250.35915 22730.86397 22742.83514 22576.99643 22735.36135 21113.10406 23019.60086 21862.09621 25668.18626 22595.6081 21713.49281 23974.99426 23580.04385 24103.49137 22170.40489 20814.63444 22736.93536 21887.29521 22013.30532 21571.3048 22467.47876 21287.6361 23029.11071 23019.66155 21732.14267 19524.52037 24244.92777 24249.61251 22456.28453 24133.04782 21115.45799 21413.13094 22455.69023 18164.1225 22890.14648 22176.90502 24117.24148 24116.02075 21714.53883 24544.72753 22737.03441 23152.11398 23975.94827 22615.28418 21720.56372 22744.97382 23849.49002 22605.47571 22171.44027 22328.54753 23164.67182 22875.73899 23442.93703 23317.55528 20018.07372 22171.44488 25535.91916 21280.90531 22320.51498 23436.49926 25800.71152 23723.42876 23591.23609 21577.21251 24231.69152 21998.8601 21856.65907 19538.32351 17951.73309 15042.62137 15846.99923 12169.97085 11635.17978 8404.880718 0 0 0 0 0 0 0 0 
0 0 0 0 0 0 0 2546.251822 5663.668577 9149.279123 12432.25439 13224.04329 16279.06167 15467.32376 18495.31619 21448.87047 20655.26354 20657.86842 22448.45306 20796.02995 24260.38956 19348.79119 21100.04711 21416.39765 23719.78067 22461.60126 18677.25097 24523.69775 22294.13066 21876.69665 23316.86401 22589.55391 21428.72806 23156.20658 21263.03679 22019.83721 21714.74479 22451.71039 21117.42215 21857.8585 21869.88761 22743.80026 20971.00029 22589.72904 20814.91511 21996.30728 24914.15601 20663.23785 23013.26702 22012.41727 25016.71878 20513.29366 20185.30936 22291.77254 20171.06381 22608.5633 23848.76215 23836.64851 23440.33427 21869.75365 21276.90664 21408.37327 22012.4207 21117.65353 22872.23218 22598.03921 22317.03559 22006.51406 20965.79109 22761.11084 22444.71142 22882.11226 21569.03633 22576.90331 23562.48721 21419.70631 20351.09097 20499.4527 24533.05594 22006.9963 23715.08693 22140.57291 21870.9683 21557.54663 21120.29332 23579.58493 22448.10493 24655.81971 22888.19845 22753.25901 20500.63057 21262.37269 22751.02064 22033.53837 21724.23225 20185.25121 22438.8569 21260.47544 22759.54524 21281.36073 22597.17818 20978.31763 20504.84998 21720.4606 22441.25966 18693.75342 20346.09823 23563.17253 22727.52154 20838.15117 23154.25369 21881.27759 23022.7997 18315.30174 16671.57386 17972.83023 11653.86259 11621.07087 10143.14784 5687.502086 2541.908199 0 0 0 0 0 0 0 
0 0 0 0 0 0 0 0 5672.395944 12178.98137 14118.02511 14809.91049 12438.42444 17420.51238 18851.76269 20341.37197 23578.17984 22611.47558 22897.79031 24377.74378 23313.07034 22586.8365 22738.93197 25059.52868 22020.88787 22586.28227 23853.19453 25673.00894 22014.50723 22037.62499 22720.12516 19854.70884 23996.77457 23699.07158 23038.32696 22305.61453 21871.88987 21418.73056 22586.61704 23032.32814 22025.5645 20511.65738 22904.62078 23044.92322 23980.24738 21433.25813 22740.9547 23442.62083 21867.46585 22456.58876 24264.42395 22313.49912 23589.80503 22306.50698 19865.66562 23179.37301 23565.31152 22740.31652 22314.62263 21737.85352 21106.07677 22591.52347 24265.09888 22034.86395 22755.83725 20805.25651 24922.16467 22612.04826 22446.94266 22177.36816 24525.23766 21439.56248 22459.18794 23027.80561 23447.07921 20028.38227 20506.14786 24107.02421 20185.2059 23017.48701 21272.34716 22888.16272 21430.23437 23163.12581 22327.26128 20662.37037 21874.31975 26158.3755 22437.55609 23299.06452 22741.16667 23022.67492 24522.51232 23731.62446 23295.10161 22312.87553 20957.12139 23563.29206 22598.55046 19864.55431 23848.66748 23970.90308 24402.98402 21885.63673 22304.01172 22602.54487 22177.74046 21112.42493 23013.7129 24647.62941 23297.52311 22159.58813 20807.01392 20014.53962 16676.8402 17243.29191 14597.05237 13649.90154 8033.081653 6728.932479 0 0 0 0 0 0 0 0 
0 0 0 0 0 0 0 0 7168.078429 10470.02092 12698.09579 12952.85079 17800.79924 17426.22113 19878.17737 21587.23105 23708.76754 21125.89717 23718.54424 24791.36255 20650.41774 19851.2315 21553.94773 18322.39936 23422.83917 22299.23305 23297.24306 23018.07309 21730.12678 24373.12677 20809.53007 22323.56141 20811.65796 21872.91425 22456.67832 23316.55273 21734.86447 22311.59903 22743.13115 25050.24275 22024.46504 22875.48206 25042.22145 23974.52673 22017.34009 20186.90884 22595.97245 22165.8065 22743.75242 24506.95489 21576.98343 18510.29596 20966.85458 22881.32277 21430.52065 24115.77068 21109.96587 22318.13102 21575.74656 24537.14899 21711.48935 21269.95629 22738.19807 20190.72412 23180.70038 22746.18801 21280.98797 21131.62966 22760.94958 25671.47144 23579.29651 22753.64638 20972.20154 20943.75391 22718.92687 24515.65529 22305.8519 22183.22452 23167.02963 21574.51336 20958.77618 23869.235 23841.82055 21122.34022 21420.68296 24411.62194 23155.95996 20346.93494 23693.52269 23723.43723 21726.78548 20476.67073 26174.07764 20516.38027 21569.69783 21257.50645 20641.1043 22591.76099 23453.57189 21744.96175 19203.56554 23457.32604 23583.43809 21875.76899 21283.95029 22030.2139 21424.9254 21428.7526 23570.75725 23569.52138 22153.23024 21434.75528 21108.36178 21886.77759 17794.63493 17606.59119 12455.85029 13913.74581 8769.292962 7167.109946 2536.6254 0 0 0 0 0 0 0 
0 0 0 0 0 0 0 0 5654.121797 10151.54359 11650.34637 15451.18672 16477.85714 16670.09433 19025.25461 21124.22524 24389.25128 21265.09082 23840.02611 20022.5334 21140.42739 20186.5779 22475.67083 22324.83689 22020.09367 22015.82277 21722.43763 22875.77089 22605.34719 21297.02556 21117.80492 23575.76955 23583.79807 23017.31503 22151.69487 20672.79047 22590.34761 22591.01854 20504.32661 24385.17684 21131.57281 23166.55809 23871.9844 20205.37897 26419.6881 23006.54066 22026.78668 23295.75357 20501.41052 23021.36033 22445.0667 22740.0694 21418.66584 20339.6477 20651.227 22774.08967 21873.56853 21271.34482 20025.88311 21452.34243 22162.33246 21134.94463 20969.75194 20651.42129 20663.56262 20678.40319 23303.26166 24785.20122 24263.43543 20503.60615 20814.70191 24390.62671 22745.01644 23570.912 22599.98517 20827.19223 21874.47581 22451.43488 19868.43053 24391.01301 22316.17061 20344.39966 23308.73545 20660.26448 22179.81697 23293.00101 23848.46767 22002.6261 21123.40656 22311.32207 22169.49691 22308.8197 24654.46078 22308.7434 23447.74638 22891.85083 21590.81706 21272.13782 20187.35282 21295.90501 23451.89427 22158.26196 23460.71464 23031.77102 21423.35514 22883.43001 20351.66839 20036.27017 24505.34063 23161.76907 22756.35665 23997.26051 23291.35906 19034.02234 16270.61649 16665.25938 13666.38876 13901.4632 8789.011753 5080.331424 0 0 0 0 0 0 0 0 
0 0 0 0 0 0 0 0 5672.160198 9503.307526 11641.09434 14802.42391 16262.6451 18184.04186 20806.0427 20502.22532 23707.17126 23023.71472 21424.78072 23175.4448 24782.20237 23441.83055 23303.69994 24129.21064 20967.35015 23033.84726 22456.65248 23315.11378 22318.27297 21874.07446 21576.19098 20171.24133 22163.92035 23853.68326 23449.59337 23592.90627 23436.96001 22467.44151 21866.16356 22455.50137 20977.50619 21280.4468 23733.18787 22902.89451 22436.61702 23034.59031 21433.6501 23713.00848 23315.8975 22018.08327 22590.1905 20514.32555 22600.77955 23729.57526 21727.63396 22028.35226 22596.74755 23449.56021 22175.87221 21109.53043 21589.67101 22318.25208 22308.46835 20965.29915 21588.40827 22034.43446 22162.74805 23311.53171 23847.71154 22878.2691 24809.79989 24937.23514 22156.32269 24529.83273 19361.04481 22031.96633 23728.81007 21119.09868 21735.2363 20346.70991 21584.46297 21562.19641 22741.84493 23035.14952 21277.15296 23313.34196 23306.98491 22020.39908 21728.38192 24633.71544 21727.72421 22901.4511 24919.36769 23708.14861 21397.13515 21585.52282 21731.14625 19855.60699 20671.11775 22601.02932 21583.47188 22593.57596 24911.30037 20983.2342 22299.2222 23979.31686 20967.89775 22461.72999 22143.47078 24928.88769 23284.91331 24005.2614 21114.45616 19689.43784 15061.48345 16469.39632 14604.32155 9821.287418 11638.67761 2543.464762 0 0 0 0 0 0 0 0 
0 0 0 0 0 0 0 0 7614.92146 10457.68332 11630.77886 13679.86995 16877.69276 18681.8423 20500.7982 19713.32545 23027.79942 22764.69459 21566.17342 22174.31476 22323.75069 22743.43375 21712.46818 21713.87244 22465.36047 22469.93638 24381.21641 21120.51034 20348.64114 22749.32092 22159.43632 23168.41733 21142.5033 22306.09161 22177.59986 18342.72032 22887.9812 21738.86555 22596.70154 22023.00786 21874.05 22877.30233 21589.30563 19869.07736 24000.04914 22475.99381 24783.13633 23153.47608 20825.86173 21731.18837 21873.36288 21291.68345 22454.24132 24154.4282 21733.96512 21876.0619 22162.26402 23031.70062 22029.61086 20973.08285 21123.31943 21869.64023 20818.27943 22318.27414 20974.29666 22465.75837 19530.57724 22167.21809 21734.97594 23861.05934 23038.58438 21735.3776 22748.44116 22465.52877 21140.95606 23180.75727 22457.08151 22901.42244 21573.38794 20356.19647 23716.18469 21590.82468 21410.32345 22174.10896 22744.05057 23013.02007 23298.7899 21439.62221 21733.5555 22176.40399 20035.70435 22751.29928 20967.89063 23845.55936 23736.46809 22455.81694 21876.22797 23845.25836 23590.57565 23464.37595 21142.39473 20663.88334 22166.15765 21286.07905 20343.6092 20025.22758 20173.18532 23326.8944 23725.31286 20821.50936 22733.68186 21113.07676 20034.07994 19546.66839 19365.27413 13449.50011 12958.19068 11359.60032 10484.39985 6218.32035 0 0 0 0 0 0 0 0 
0 0 0 0 0 0 0 0 5681.155521 9496.669183 12460.35286 15472.11448 16086.78332 17433.59914 18694.61534 22172.99507 22761.05442 24390.57766 22741.36352 21875.32055 21878.42003 23044.67142 20821.87657 24009.23727 23860.54103 23049.51891 20827.43573 23458.57361 22319.85109 23015.25987 23177.88945 22442.07758 22612.39039 20669.7647 21138.44783 19214.78934 24264.43174 20829.68476 22610.85761 22465.2502 23021.21439 20833.80027 22896.15397 22608.93769 23155.05885 20806.50839 21873.70668 21763.70085 23727.98106 22042.5406 22752.36685 22757.00678 19695.40696 23163.39421 22044.98054 22873.40226 24793.03932 22467.24981 21434.88409 22183.97119 22328.00265 20340.92408 24784.32861 24132.54758 21436.96949 22618.11129 23981.9325 22588.3254 25313.28384 23030.58424 20344.53844 22913.78047 20982.91443 23318.02613 22473.50092 23732.54901 21877.98694 20977.17864 23571.71149 22324.06438 22162.66747 22024.89922 20832.31209 21439.44604 22166.89253 23184.20456 22172.20119 23301.10289 23305.19808 23314.39042 21416.83098 22741.25557 22171.05094 22905.88834 21434.18834 22322.39206 23445.35307 23032.16365 21878.84905 21110.01124 24538.30097 22035.41286 21442.87526 21137.38807 20812.77573 22890.2396 22606.94311 17616.22461 21720.04883 21593.81197 22320.20225 21862.81904 21292.67767 20349.46774 19192.8279 17060.15115 15026.86217 12958.45643 12174.63019 6196.551282 0 0 0 0 0 0 0 0 
0 0 0 0 0 0 0 0 7181.37007 11064.0914 11376.74112 15882.90961 15889.58941 17814.15477 22030.27919 20518.02271 23592.75584 22026.80161 22759.53529 21266.2082 21740.29084 20801.30908 22464.52889 21869.43828 21294.66816 23734.22261 22346.43154 22893.23498 20814.47536 22470.14769 21867.11134 21887.99011 20966.70359 22897.50528 23867.88477 24522.83477 25700.77289 22883.50508 23160.02783 20970.29468 23311.10017 23451.8729 21276.17641 20042.07532 22606.4837 21740.25808 23582.99043 20176.66041 23443.61422 23432.70582 22894.16392 23188.12831 21735.8758 22760.6337 21726.19249 23179.89843 22025.46981 22304.70827 22590.46228 22756.14691 20190.92578 20521.02198 23172.51567 23999.6007 23304.37854 21881.85825 22170.54548 22599.84806 21434.19334 23304.22082 23598.62393 20674.95454 23719.49973 21124.61996 20354.51022 21129.63269 23044.78026 22329.57883 22598.19523 24135.76169 25187.34263 24412.78092 23176.38565 19714.32442 22623.95686 22890.94167 23173.96666 21901.26811 21277.03852 21742.15699 24541.01191 22465.58177 23170.91845 22170.84073 24132.64613 21137.37951 21884.84076 23980.68886 22895.43124 20659.80712 20049.74572 22161.53285 21109.08282 24255.13854 22154.30563 21746.22874 21592.52939 21418.124 23050.13324 21433.92986 21289.09527 24516.18465 20970.3087 17988.52269 19201.46936 18340.27967 15034.42646 12960.48659 10140.56084 7622.363802 0 0 0 0 0 0 0 0 
0 0 0 0 0 0 0 0 5652.594109 10163.03125 11644.842 16279.88331 15679.77593 19874.09273 18170.32639 20843.61106 24138.60195 23018.19116 23717.40218 22015.93514 22598.56608 23984.84997 22322.29873 21729.43765 22311.68337 22746.31859 21896.99611 23174.98068 22605.95365 23021.80228 21286.61732 21885.77346 23315.85144 23316.29505 22609.67677 23454.05854 20664.74285 20665.63798 24669.66061 25315.28005 24391.80278 22025.125 23029.00288 23159.90438 21588.39433 23580.42484 23319.52996 21878.02356 19710.71714 21893.05182 22305.69855 22168.05035 22892.64042 23721.82933 23326.97272 24528.02471 23586.26259 23440.3034 23456.16148 22473.31549 21426.29825 24021.56164 21908.45443 24129.79252 23176.04056 23449.71829 22180.72595 21727.06402 23033.20889 24525.21326 22328.8941 19369.05169 20834.47517 23446.83289 22750.22347 22766.72285 20813.47461 19536.59135 20339.95786 24277.7433 22743.48398 20040.6011 23037.84553 20186.98324 22474.49925 21877.96272 23028.34881 22899.28854 23718.54733 22038.66486 20654.63623 22164.61079 22756.80533 22022.55979 23187.23257 23323.30545 22916.10427 22023.03193 22327.69063 23310.35904 23183.31572 23054.66381 24127.35822 22893.02985 23584.05715 22342.30496 22330.41968 21886.64608 22046.11209 22456.76804 20355.64031 22324.25567 20181.94779 20978.98191 18172.92146 17077.84286 12194.31203 10461.10083 9495.467502 7181.288837 0 0 0 0 0 0 0 0 
0 0 0 0 0 0 0 2531.438493 3592.725567 11354.33897 13451.87513 13678.45142 17977.1208 18510.70047 18528.13463 19205.16339 23032.90694 21728.18093 22901.62336 21124.02115 22767.4741 22198.75785 23996.44759 20828.24686 23870.91524 20352.57539 22885.09107 24261.23904 23452.12696 22033.93807 22041.48953 24007.06912 21879.90528 23179.16563 22763.07142 21445.91319 25692.24001 21283.07 24246.71909 22615.29694 23040.56983 23307.61907 19870.1763 21883.68504 22329.818 22749.4944 21115.22122 20815.87419 21877.1096 21585.80219 22020.41683 23305.99277 22894.77427 20822.89081 21738.00706 23459.39966 20835.60159 26918.20177 24928.43234 21290.50823 22753.42765 23188.31923 21885.80407 22898.53641 22190.57566 23734.27895 23465.54487 23166.35063 24137.59134 22029.86091 21449.4301 21865.65869 23022.39107 23039.04675 22314.00161 21289.20239 20974.34786 19532.03948 22907.47736 20968.78336 20810.523 21423.10929 21736.38627 21269.45839 23169.66058 19372.21194 20984.38243 24649.54954 20361.39202 22165.53271 22618.87201 23308.53833 22889.78996 21877.26287 22746.20146 22746.42219 22476.13376 22168.3579 21742.90146 22448.14323 24263.6768 22320.42571 23060.00016 24268.50949 23173.36518 23881.55127 22777.78673 23572.91591 22170.28803 21710.75408 23459.55029 21886.26148 17446.60371 19533.97181 19863.48743 17236.73258 14811.94977 11350.12142 7181.970785 6220.635199 2532.737191 0 0 0 0 0 0 0 
0 0 0 0 0 0 0 2518.602336 5077.455019 11073.80751 13440.60988 11363.05958 13707.53958 19355.56706 21144.67511 22307.27534 21415.94557 23176.63866 23866.19991 21747.72407 23187.66608 23611.20466 21429.52945 24391.53629 23732.97449 22731.72673 21439.43473 24551.67984 20039.79267 23455.918 23722.37643 21749.83325 24000.90715 25059.76837 21865.16084 22024.99668 20671.35157 22183.60135 23456.03897 22752.30134 21879.57649 22316.16238 21734.85216 22017.3467 23596.65329 21878.49645 21746.71438 22459.28421 23850.72038 18885.53196 20816.00482 23039.72909 21723.33378 24400.62551 23181.42253 23321.83797 22037.36569 21452.87866 22470.86444 21440.86872 23850.6055 21142.34635 22325.0534 21121.02243 24680.35584 23180.9907 22902.41525 21870.93885 23863.33398 23730.64165 22749.93373 23600.75918 19701.7428 23172.53079 22179.8586 22469.21214 24420.14532 23167.98115 23870.30112 22468.10923 20656.07234 22315.34138 21151.28736 24138.38891 21598.83855 21598.44408 22030.62336 21298.54789 23324.24477 21743.29692 20984.52135 21597.4059 22328.87948 23718.13523 21115.61333 23447.65564 23034.59628 22181.03762 22614.00721 21575.80583 24273.85782 22884.79273 22751.53011 22886.3362 22609.27786 21900.42532 25808.41533 22882.95789 22769.78395 23023.64405 22026.94255 23183.65311 21281.09261 20031.90584 18859.95207 16485.06293 14381.27846 14585.0093 9158.028517 6211.71855 0 0 0 0 0 0 0 0 
0 0 0 0 0 0 0 0 5083.00558 8801.962577 15446.81509 15656.01829 17245.58477 18156.67982 19031.59209 19710.73248 23026.67345 22464.38006 21128.31112 20364.6624 21593.00892 20984.79473 21576.51499 22177.89392 21597.41379 22026.84282 24807.32517 24920.28099 23990.10907 22025.91843 23464.38751 22477.54388 24807.54782 22180.98087 21886.3667 22036.54997 23168.73998 23735.02344 23855.59346 21590.19363 19375.57396 23581.49587 21727.15328 23854.25599 21733.99289 23313.97921 24140.68752 20999.48892 20975.71766 20519.08753 22597.60511 23859.52356 22030.19446 23040.39447 24122.91749 21886.64669 19367.12414 20971.37979 22765.62023 22165.75989 22898.02035 23315.81887 22631.56322 22614.82716 22032.0459 22046.65056 22317.13275 24391.63382 20982.50068 22044.08994 23316.60938 22880.82699 19862.03857 21271.48432 23737.17146 20045.22424 22897.33648 23738.77066 22617.81288 20665.04262 23989.47168 21460.89439 24808.66249 22616.9 22044.24287 21740.32679 23595.8845 20968.69593 22327.80216 20806.14521 22038.49611 23026.51462 21299.70645 21287.33946 24412.50258 23198.16351 22741.53336 22190.71427 23748.36379 24939.52719 22615.27938 22753.85259 21894.11762 22612.82161 22915.17876 21875.90429 22318.72004 23596.61023 22306.21006 21582.00165 21583.40019 22895.92563 22171.05855 19536.1494 18705.2531 16289.28208 13457.85241 10767.81336 8797.026749 6223.973699 0 0 0 0 0 0 0 0 
0 0 0 0 0 0 0 0 5068.00729 9502.119259 11639.14723 15467.5468 17809.54856 18877.54342 19219.11722 21897.94692 22756.61518 19393.59771 22032.61614 21125.50042 22764.52224 22324.58886 20662.14611 22469.09925 22894.56913 20025.52132 21727.60126 22609.51768 22322.69597 21883.04817 21125.12512 26548.33746 22184.45005 21447.83107 23585.36061 19384.53978 23583.50343 23322.70945 24397.9396 22322.75133 23580.25053 21873.97565 21880.98038 23171.17228 24399.93034 23179.6101 22752.00248 21411.91645 19043.02046 21890.67745 22339.9362 22898.7225 24533.70402 22610.42897 22177.02212 20983.48307 20345.87748 21741.51925 20981.69319 22022.75296 21749.09343 20167.60078 22746.49077 22898.71726 24523.57901 23318.1551 22769.70103 25319.07808 22903.62161 20523.06885 25049.75723 23589.14216 21743.76444 22324.55364 19541.86204 23735.75746 19387.5424 23748.20476 20674.78593 20662.34673 21438.21678 23319.9901 22486.23003 23591.45297 22314.98389 22610.96673 23601.06726 22627.48045 22626.80702 23037.71399 21868.22141 22187.78102 23172.61078 20989.42591 21439.07965 22462.83928 22475.82779 24132.57689 20674.36094 21135.59965 21431.47678 23157.51481 22615.86757 23721.61739 21897.14865 22467.38119 23616.14153 21127.0761 21139.46127 24142.41695 23590.70944 22475.63589 23202.83156 18876.39678 18154.89703 16679.40977 12959.66538 11079.75119 6207.564927 4400.119444 0 0 0 0 0 0 0 0 
0 0 0 0 0 0 0 0 6213.787076 10160.42938 12952.37085 16461.55384 16275.00732 17629.58403 19537.47098 20195.54741 23048.27421 20993.75022 21286.76838 23052.18164 24265.26301 24530.49675 24264.83056 24268.08139 21576.30964 24535.77866 20359.37403 23720.26381 17813.5461 22477.20688 23600.33428 23866.09579 20982.17965 22903.702 22881.67907 22749.39772 22183.06321 20515.88555 20689.53034 25326.33028 20039.50892 23450.32012 22180.07181 22768.86026 21437.30338 22612.26307 24677.20024 21286.57817 21437.48619 23605.23545 21430.47416 22047.59685 22166.70319 24683.19163 22038.10841 24795.39683 23464.58443 22611.52047 21897.35134 21588.7183 21442.76438 22483.57353 25060.67831 20669.07866 22751.14841 21432.13099 21737.41709 22624.14153 22034.13977 22612.95802 22040.38316 21305.08537 22045.41743 21733.5867 22037.9118 21291.03576 23727.92795 23868.14079 24142.8866 22480.27098 23317.53473 22466.09329 23038.3651 23320.70543 22750.03816 22607.26375 24014.05107 23044.69163 23744.17976 20513.4153 22338.19232 22613.6875 20047.74851 20830.67017 23461.18482 24144.96862 20526.54064 22911.23019 22025.97794 22481.35753 24549.16479 20513.65232 20980.3193 23865.98685 22051.50774 22757.27421 22155.15829 22918.4413 22769.08426 22171.93188 22885.78621 20364.54802 20352.01893 19029.4452 17806.4967 14829.25134 16471.91293 10777.15142 9156.135187 5683.09592 0 0 0 0 0 0 0 0 
0 0 0 0 0 0 0 0 8010.052763 9163.866483 13179.32727 11361.44329 17068.12639 18869.25788 22188.08795 19039.67084 21290.00395 23052.50471 22327.20922 20989.0021 20832.62911 23869.69873 22601.40269 20986.56078 19202.7681 22912.08982 23579.76141 24283.93879 24542.91082 23724.49517 23876.43509 21131.19963 22762.03652 22749.3754 22615.83286 21895.94978 22760.93432 22890.91349 21739.13563 24534.07271 22895.94661 21306.29369 21584.72161 24008.63578 21434.94899 21898.33057 24018.55994 22334.29254 23036.58389 23860.06083 21591.8078 22768.48096 22479.76745 21888.096 22178.80536 22029.60257 23054.93847 22331.42166 21723.44237 24672.05309 23057.44392 21455.23215 23708.25113 26080.99407 22340.23057 22623.51543 22888.57392 21425.23009 22456.80965 21584.49102 20972.68076 24005.2413 19869.74735 23192.31902 21430.11142 24802.33317 22039.25274 23725.57836 21130.37559 21579.17801 23044.6418 22468.25382 23176.68376 18706.00606 23866.91943 23721.51984 19711.83039 22314.18644 21884.45263 21746.97901 21157.40427 23317.26052 23040.42414 19204.29559 22480.66002 22764.89087 21137.40663 24283.25399 21444.58826 21293.89216 19555.35235 21738.78622 23997.46111 20681.37278 22753.10623 20976.87348 20681.02774 23047.79524 23873.2695 21304.45496 23588.28344 23456.03418 21882.86699 15893.32361 19383.03634 17975.46393 12185.47302 11635.04679 10787.91962 7178.404959 0 0 0 0 0 0 0 0 
0 0 0 0 0 0 0 0 6218.279438 7611.942584 11925.48486 13692.13065 15046.43686 16289.8246 20831.80799 21601.0808 20827.16673 23037.42169 21896.44523 20983.68606 22614.9189 23464.02109 20672.13448 19040.8244 23042.10057 20177.01673 23724.44222 22187.37902 22598.9051 21912.20136 23052.79207 21119.72435 22476.32911 22480.49304 24424.36507 22472.92709 21140.12334 18686.56212 22906.04074 22330.60577 23328.28387 19378.1267 21280.75024 22184.57076 22617.17907 21891.47499 23041.16268 23472.02631 22461.01159 23870.25068 22913.44947 23591.68849 22902.2987 21447.82633 21888.33544 23198.64251 25808.17311 20510.43799 23194.72034 22324.45511 23047.7645 21428.97239 23729.78854 22188.75757 22165.32743 22470.55936 22297.76432 24001.70031 22766.19711 21747.09707 20676.26907 20847.45602 20836.13577 20525.94333 21438.88073 22770.45054 20359.1002 24936.50159 20675.88607 20669.94814 22614.71696 21595.67562 21887.07468 20970.81544 22766.01607 22333.8682 22196.2219 23039.29687 20350.2426 20993.60678 23614.28461 23734.31191 20833.52463 22479.34208 23746.45641 22467.24817 21584.06512 21739.3473 22906.59703 21297.47515 24674.8206 21746.0686 22751.2096 22330.41573 21885.37784 22178.64949 22888.46189 20828.35088 22347.26928 23600.64663 20506.9046 21127.74149 23587.51284 17072.28783 17644.71072 15879.69927 12943.70422 11073.03353 9859.287762 5068.711486 0 0 0 0 0 0 0 0 
0 0 0 0 0 0 0 0 5690.246186 11056.27045 12695.77998 17427.2859 17071.39678 16883.16998 20359.48214 20995.99262 23590.73511 23591.53054 22482.32178 20984.62074 21132.85582 24144.60114 20834.77687 21446.02593 22600.60105 21889.75126 23863.99518 21447.0237 22032.31494 21304.36888 23860.96916 21732.49383 21903.67835 20684.70081 22205.14497 22766.95298 19873.29596 22325.65586 22904.23712 23607.09023 21756.25498 21748.36784 22465.09999 23183.99548 21295.08155 22199.11361 21877.36174 23735.22026 24274.45415 19555.82798 22325.0567 21748.19649 21000.95053 23337.63637 22182.49785 21905.41837 22179.89362 22631.32906 21888.28251 22613.32484 21890.88643 23048.88734 22182.1476 21889.75755 22324.96687 20833.00335 21600.69172 23319.28029 23734.92962 22761.30762 22898.10088 21741.13892 22894.85857 21135.48192 21125.21035 22045.97782 23601.20222 23034.35139 21293.45816 22474.09939 23865.38446 20353.85861 21880.17843 22753.25994 22471.18501 20982.57287 22756.27455 23732.8489 22331.34426 24811.21391 23871.82437 24520.5126 25825.00874 23184.53265 22331.02147 22181.75405 21740.48096 20994.43875 20669.53809 22615.3384 20355.91844 21596.37443 22469.52848 22626.98851 20989.77866 22327.56854 23603.17947 24541.29867 23461.19507 20356.05915 23324.83236 23319.73881 19206.98309 19689.99583 14825.66065 16294.97254 15036.0306 14585.43074 9841.575356 8025.50281 0 0 0 0 0 0 0 0 
0 0 0 0 0 0 0 0 6733.162156 9505.631075 10475.35829 16473.71736 16288.79109 18876.12662 19542.92922 21293.13085 22343.49694 23315.96312 22760.74806 22764.11949 23464.11946 22625.9137 20826.84081 21448.69184 22770.63898 21289.98081 24010.62248 22766.6302 22034.71793 20038.77735 22467.42804 24003.53325 20825.10753 20365.5201 20352.96172 21004.8095 25046.68107 22046.87451 21740.19423 20684.46432 22905.70515 21295.89962 22478.75832 22197.4567 23471.27554 21589.15845 21888.90968 23726.66748 24935.39641 21892.63568 24538.33856 21604.97819 22906.57103 24131.63378 20678.46401 20834.87779 23474.91179 24000.98976 24276.76948 21740.22215 21296.79685 22776.27157 23329.11876 20835.86603 22175.08921 21306.24114 21599.06778 23872.84798 20700.17241 22029.35602 21583.58523 25056.49625 22452.14187 22466.97675 20676.78643 19717.47776 23329.08322 22048.21693 22477.9744 22329.07754 24805.83039 22613.83077 22034.96674 23736.24222 24279.22966 21756.10565 22625.06846 24008.18036 24143.39968 23735.35486 21141.18295 21596.41532 23185.40147 21596.86793 22766.84466 24797.84657 21751.67487 19874.07988 22322.63013 22462.52687 22186.65246 22624.22352 22616.36817 20988.05436 22914.03387 21741.96986 21742.62507 23869.39031 25586.99616 20975.49021 21571.63789 22183.7736 21904.60389 20027.10632 19199.95239 15889.49357 14590.84761 12451.77469 8427.349839 6711.800636 2546.860307 0 0 0 0 0 0 0 
0 0 0 0 0 0 0 0 7607.40378 8413.991942 12175.04425 14146.12279 15678.57522 18351.13686 19382.82252 21303.36333 21603.93983 21445.04107 21594.08168 23989.72788 23598.25353 22190.22186 22180.55068 23048.80528 22192.45388 22773.12732 20045.36055 22913.71321 20841.0362 24133.94028 21898.9254 22906.39909 20826.3968 23176.1238 22614.118 22340.54228 21596.71273 20191.0238 23314.68505 22608.53028 22039.68532 22911.20518 22904.74886 23056.67522 25943.84922 22028.75782 22899.03478 24403.38744 22328.40772 23464.88488 22190.70469 22471.414 22193.00176 20676.62523 19552.91265 22631.50525 22487.84564 22915.65037 22906.40219 22619.20965 22905.98298 22052.01524 24652.01731 21897.69305 23609.302 22610.60959 22032.82087 23312.62979 22328.01571 22773.72318 21438.59211 23048.0284 21736.73497 22187.54653 23871.62425 22342.04126 22171.33909 21737.93371 24405.76855 22906.89457 22196.82732 23876.46632 20352.74341 23749.69261 22774.31121 21128.82313 21154.23672 22335.84432 23040.77583 21456.08669 20998.15547 21748.13172 23601.84737 24417.91158 23452.73393 22051.85095 19717.21976 21890.3904 21889.64794 22618.56328 24551.32446 22175.13269 22189.76036 22182.73253 22613.76397 23999.21372 22470.94371 25701.41087 24014.11011 21887.94439 23187.23022 21298.06627 25459.6144 18704.80141 20016.50687 16285.18035 15683.85717 10176.25236 10162.5549 8780.267774 0 0 0 0 0 0 0 0 
0 0 0 0 0 0 0 0 5667.287874 9145.096351 11652.54633 14598.51777 15478.65827 17079.56354 18363.95165 20522.52061 24673.38538 23032.2449 19547.78511 21735.12702 20999.14224 20677.5541 22044.76178 21127.15587 21897.61056 20682.61077 20206.16198 20531.38073 23190.26747 22625.89242 22182.49096 22183.99892 22051.60873 23039.01876 21444.57319 23462.64808 23715.88043 22188.57597 21448.76731 22333.32894 24161.74977 21585.4563 20360.85407 21737.11014 22607.49382 20975.44308 21442.34095 23739.6889 22765.16267 24810.70846 22323.72944 22763.77889 23047.04207 21286.74018 22911.55223 22035.21868 24393.93909 24274.67773 22625.47406 24148.54662 21139.20909 24418.30328 23881.44711 23179.9946 21303.84759 23452.43657 22029.03405 23183.86651 22191.99757 21142.07415 21900.08884 22332.57605 20671.66477 24398.00096 22319.95008 21890.55929 21593.29252 19880.48879 23188.24294 21747.70749 25194.42712 22597.54561 24536.21527 25823.56327 23046.96993 23191.56139 22046.413 21127.07688 22614.54748 23480.27254 22348.50723 22911.68628 22471.02229 23463.23186 22484.62335 22769.62642 20989.61957 20365.57974 20362.46823 22191.9845 20827.33654 20670.28918 22186.05409 22906.98455 22762.4929 21595.38467 21298.423 22035.46186 22034.47854 22331.16877 22179.93496 20999.71167 21154.53982 18012.93091 17072.2968 14595.18785 15461.87812 11363.00876 10162.84495 6221.097817 0 0 0 0 0 0 0 0 
0 0 0 0 0 0 0 0 5074.63629 8792.63667 13692.66771 12712.70503 18007.84928 19384.43689 19716.7674 22047.04053 22047.00029 23320.23314 21298.38968 24669.68133 23472.56238 22753.30895 23482.86221 24011.41643 22340.4174 23446.76856 25073.47101 21575.48762 22768.38972 24016.41658 21149.98987 22628.18924 21896.60647 20672.72607 22035.293 22764.40549 21733.38567 21288.6025 22324.4393 23323.97642 23186.02926 20042.96631 20047.13888 23179.72893 25825.31102 25060.10595 21443.93225 22193.86254 22910.56817 20523.00782 21140.23609 20990.01432 21143.82026 24675.3902 19717.98199 26335.45144 20360.80709 20205.20306 19207.78072 21446.04523 21000.13734 24011.63547 22355.94768 23594.04677 21137.49325 22461.17508 23737.97236 22760.56093 23324.79211 22634.61781 23332.31511 23744.84172 21139.29113 22035.78402 23062.17202 23308.01472 22774.45566 21886.01114 24812.86266 22911.13426 23459.11788 21744.65286 21891.81464 22482.89529 22908.34349 21895.36727 23040.225 21892.84787 22320.2783 21139.93045 19548.99185 23038.46031 24408.25905 24546.31967 24669.92423 20828.7239 22462.74014 23051.09468 20840.08834 22472.75112 23059.14462 21890.28374 21454.27216 20832.28669 21577.62047 25057.09518 23596.90413 20537.71421 21746.06876 20842.24708 24943.84248 22619.18692 19541.94293 20520.45445 18359.64997 16477.67435 12447.1932 15661.02295 9503.028196 6201.405868 0 0 0 0 0 0 0 0 
0 0 0 0 0 0 0 0 6211.368931 9831.142266 13211.93296 14819.65063 16691.36424 18516.72926 20683.98035 19388.76631 19552.91487 20823.82464 22328.53022 22761.25605 21305.83918 22627.15628 23052.11506 22335.25729 24426.04291 20693.6724 21887.77188 21300.51384 21901.0811 23049.76145 23063.21842 22485.83023 22620.24401 22757.17222 23057.29639 21302.75609 23317.09343 21302.64717 20838.80852 23191.10232 22483.81636 23048.33196 18372.19771 23739.78283 23604.25155 23197.91802 23756.81497 22330.65666 22473.91814 22343.80103 20191.47834 20978.04683 20038.90073 21146.6435 24005.87316 23873.38299 22478.88739 22481.34896 20027.83936 24148.39452 22036.56669 22183.90122 22613.37245 23873.26461 22335.79293 24154.63209 22050.28368 22483.5709 23056.98532 23459.24235 20212.88061 24933.77547 22041.53344 22336.15847 22344.53284 21002.57979 20839.9535 19556.27652 22756.14863 22759.38395 21439.93322 22029.57873 23048.7514 22895.78493 23053.64289 23604.87818 21733.54877 23606.92382 22337.57945 22923.36649 24282.68541 22904.89669 22484.93781 22188.00411 21883.58243 21606.51493 22914.89989 20667.51354 24679.10545 23882.98541 23458.55603 21292.03968 21125.77602 21137.19819 23053.70495 22036.58569 20665.98164 23194.83735 23056.69574 25454.78562 23747.85949 23735.66121 21138.93315 20367.94191 17633.59383 17058.01977 17248.1485 12960.72993 11915.28328 6213.072443 2537.092533 0 0 0 0 0 0 0 
0 0 0 0 0 0 0 0 5674.288164 10476.00966 12192.57608 16870.55943 15060.39975 17983.37454 18540.49061 21138.12101 23608.70692 21913.11588 24410.14982 22206.35128 19874.01152 23882.42204 23604.48482 21591.7692 21595.04949 22042.98364 22198.54067 20997.6243 20693.75924 19882.27715 22175.41496 22905.57891 24804.73146 22328.16156 19890.34383 20054.60904 20033.42565 22620.02695 22758.82626 21291.56825 23052.69169 22627.37106 20840.8128 21448.62325 22780.42531 24280.16967 23329.30952 20522.9046 22622.84 22614.2844 24421.74314 18873.52124 21300.58414 22908.74672 20995.65253 23041.15574 21900.89926 24287.04033 20526.03186 22908.54102 20980.01832 22493.23746 24549.59809 19881.03069 23178.98912 23606.11659 22623.66819 23461.37077 22342.06867 24016.52261 21596.37658 22624.75411 22617.08242 20357.48831 22198.02052 20836.99217 23474.38168 22042.12915 22620.15407 22624.45885 22903.82501 23883.385 21154.84663 22043.20185 19723.83963 21763.52824 24019.0266 21884.69448 22027.26472 23053.35014 21744.99023 23591.42752 20997.32873 23332.62096 22622.86691 22188.15065 21588.41019 22182.42035 20686.0928 19727.13006 23999.66691 22492.53123 23871.24772 21895.91541 21749.53798 23038.90075 25067.06017 23482.41699 24149.68207 23453.06 23042.1455 20212.89379 20831.02468 19550.87865 17261.68961 15492.77676 16292.89327 13208.8698 11373.96277 7186.100582 0 0 0 0 0 0 0 0 
0 0 0 0 0 0 0 0 7614.8265 10149.33145 12721.77089 17256.60606 17059.68227 18711.98303 20184.67972 19548.23411 21293.76329 22327.90674 22621.64519 19737.1563 24017.97568 22043.98797 22344.44883 23043.72696 22334.20299 24795.59916 23609.61114 23185.90048 22627.80517 21597.18399 22774.75739 21750.03624 22036.57884 22491.26968 22899.57791 23883.3887 22034.83298 22195.49013 23192.45677 23048.00426 23462.35918 22762.85841 23736.07766 21606.74496 21448.76842 21603.76403 21446.52947 24004.90266 24691.17371 24289.95381 21295.9456 20527.9007 21746.87241 21438.44691 22050.56817 22330.04138 23055.7833 23067.00274 21594.28359 22614.05925 24412.18751 23871.48882 22036.30307 23989.76919 22762.2426 22623.79816 22771.79825 23056.47944 24270.59105 24543.86591 20512.33738 19533.15049 22460.84223 21763.78944 22334.94684 21743.3562 22178.08968 24551.4087 20029.75884 21143.36535 25059.66487 21897.83731 21755.07529 23185.01488 21599.11214 25196.30593 22907.27591 21433.52839 22335.33839 20985.79609 22048.57512 22920.74135 20983.81947 21452.21239 22182.22057 22474.8834 20047.57998 24796.50945 21891.85428 23190.62491 20997.98839 22764.24304 20995.65567 20366.65823 24287.93061 22776.34728 21439.51714 24809.91298 20832.23515 23730.08836 23202.12533 20531.42697 20983.02668 20826.86832 18707.22198 17066.27788 15673.35975 10772.61411 9507.309783 6211.870638 0 0 0 0 0 0 0 0 
0 0 0 0 0 0 0 0 7178.815861 8798.843859 11668.38873 13926.31248 17259.01534 19045.04836 20815.79756 19715.2311 21750.12883 21583.9349 22041.52106 22898.03237 19868.94107 23320.48877 19542.90772 24680.16847 22472.52708 24270.78075 22905.37537 21747.66115 21746.67824 21907.83271 22066.84993 22488.58111 21150.54683 21603.75779 23880.03413 22047.44826 22034.83009 20997.40736 24015.66658 22191.85618 22756.17238 21736.70332 24408.42484 22753.506 21463.8006 19887.53937 21899.19404 23206.45973 22616.24464 21306.40197 22479.65162 22636.38506 21143.20142 21127.25818 22335.8153 23739.81012 22462.49953 22328.64142 22922.36117 21760.70184 24286.47384 20380.47622 23319.14105 20837.09625 21140.87935 22204.68531 22180.08435 23054.68279 22332.16543 22769.42265 23187.5873 21462.75244 23742.94168 20673.30709 22903.97415 22487.76201 23328.93165 24149.8688 22336.09877 20515.39493 21899.30807 23048.73331 20364.87701 23046.68504 20822.15592 23203.1882 22333.94977 23184.77656 23740.71136 21893.54036 20361.38987 21459.0357 22778.86695 20666.33279 23877.26791 23881.92503 21303.85938 22195.09251 21747.15568 22206.7226 23599.37391 22335.9856 21902.32719 22186.28917 23034.04045 22061.61432 20824.89007 21459.26566 24799.89714 23184.4059 22485.71613 22033.25738 21457.6517 22193.88925 17989.86778 16492.95556 14604.00946 15050.87036 7185.769104 8035.304398 0 0 0 0 0 0 0 0 
0 0 0 0 0 0 0 2544.971482 6718.936002 12446.54504 13210.05549 16866.80821 15477.91423 19884.47161 19047.3571 22056.75413 22189.2303 23465.51144 23463.70153 23617.06597 21146.40613 22192.06664 23183.21586 19887.70634 20837.12469 23336.27681 23869.34306 24276.14264 22037.67923 21752.58719 20370.00662 23611.83029 22335.96816 23325.0049 21604.97825 22335.22124 20367.8496 21743.75986 19881.64999 23051.60032 22334.28981 20989.88701 23322.09673 25323.33589 20521.77175 23045.18501 22478.35739 19370.19358 20206.91097 20990.54016 20841.29417 20835.78353 22647.95898 24030.40003 21886.68255 24807.14315 21899.52773 22324.3224 21888.209 23468.81541 22339.80178 20668.17923 19552.15491 23606.58808 23186.55418 23191.42176 23748.23951 21756.69091 23741.40023 22335.52198 20690.14106 24142.88902 23745.60636 24025.56829 22770.62466 24673.16289 22334.7766 23750.80301 24014.92574 21460.27853 22198.98893 25573.8153 19729.93318 22037.35793 22484.9251 24810.80073 23471.74631 21919.78645 21914.04749 22340.87492 23053.43375 20994.54922 24012.34892 23471.71001 22480.05558 23602.35836 22471.46529 20669.54865 20048.51877 23198.84998 23200.56928 20204.24232 25201.41908 22913.54105 21144.41885 21900.20123 20360.6222 20521.73549 23053.20716 21895.14804 22773.31737 22187.7485 22913.41915 21143.13715 17086.00853 17071.21741 15039.52741 12186.78875 11061.58435 5078.28442 0 0 0 0 0 0 0 0 
0 0 0 0 0 0 0 0 6211.499571 9152.534838 12956.36222 15255.04063 16496.2852 18351.80104 19394.24261 23321.28591 22618.98158 20674.80694 22339.2941 22901.84465 23186.36741 22920.27844 23601.57926 19730.90547 21000.79107 22769.66634 19377.07712 18182.57961 22613.25742 20687.77353 19720.35202 22042.12498 22899.43599 22779.8859 21139.21795 21449.81715 23604.82889 22912.28475 22628.42066 22766.75634 21153.05383 21294.6336 22043.66821 24553.42287 22623.02273 22767.46906 20367.98491 20682.3516 22334.53675 23875.45085 25457.65375 24024.1452 22192.58856 23466.91946 20518.66576 21896.47879 21457.79671 20843.7267 20688.14108 22188.95601 22625.30328 22614.70752 24684.63042 21463.05974 23759.86776 23193.28545 22042.18067 22183.05601 20521.06997 24303.15623 23333.11362 21004.22224 20359.41484 24011.10524 22762.86599 21750.84599 23054.63463 23750.86872 21149.40728 21149.8483 21302.33799 22623.90665 19891.36664 23188.35092 23063.55329 20371.21268 22197.43146 20519.87601 23044.29967 20994.8208 21888.70185 23600.06328 21755.55021 22470.80905 22194.11717 22346.65 22483.73803 23185.91457 23876.0571 23186.77873 23874.12196 20991.91309 24562.00476 24283.51001 21136.3029 23052.7425 20693.55119 23739.75085 24021.673 21600.46247 23476.74534 22786.78844 20705.96404 18012.23109 17820.94389 17621.00863 14159.6123 11920.88926 9163.675507 4391.940117 0 0 0 0 0 0 0 0 
0 0 0 0 0 0 0 0 7618.683711 10472.77908 11936.47181 15474.83967 16875.15474 19550.73577 19062.03808 19227.10115 22626.64763 22323.59722 22197.34564 21743.46429 23045.33614 21296.12897 20525.2234 20693.85199 22351.00518 21439.12079 22468.01023 20985.81804 20524.01459 23046.35056 22194.47569 22773.87493 20686.23708 23058.06621 21594.6127 22630.20435 24538.65156 22918.61554 20997.98291 23055.87618 24018.90206 20840.01776 21453.08056 20836.77113 23750.5058 23613.56083 24413.3568 22627.63654 22326.65084 22045.31046 21300.54087 21897.62592 23329.26392 24422.51811 21881.72233 22900.90704 23035.8802 23055.92552 22469.27982 23740.37963 23335.69165 22335.49027 24547.8933 20531.75047 22637.7159 22622.07141 22039.57298 22055.67845 21590.7857 19397.42541 23322.58461 23334.24855 22050.02085 20682.74711 24157.95512 22484.92195 24556.75804 23194.38411 22908.15146 22339.04263 21451.01753 22203.40082 21450.83687 21600.70608 22773.77809 22200.72713 23045.88155 23331.50126 21302.06264 22051.35674 22043.04288 21594.66867 25200.3135 21599.34577 21901.05051 20834.19282 23062.99643 22624.80901 22913.12392 21745.42882 24679.32855 23470.92724 22031.58288 19876.49649 19235.54783 19885.20512 21740.64159 22184.49228 22047.4993 23338.4605 22486.11909 22330.90649 21609.14772 20990.59178 17804.25465 13701.39187 14150.40185 12729.02895 9515.911508 5668.743265 0 0 0 0 0 0 0 0 
0 0 0 0 0 0 0 0 6219.575425 8798.920274 15459.69941 14616.5444 16489.21426 17628.60307 21745.794 22349.24144 23476.87763 23751.33451 22630.39052 23330.48257 20525.08495 21596.13786 20057.98879 21898.83832 23465.13364 20208.23235 22328.44183 22908.67048 21285.75173 22503.67079 20991.76231 23334.16516 22051.44287 21904.54889 23205.80295 20046.0176 20830.52719 21301.67114 24686.77002 21302.07311 22476.05299 22476.13996 21749.22839 22907.42427 20690.63749 23753.63884 22055.03211 21756.68882 22350.07152 21456.60434 22630.81326 22491.68744 22485.47813 22348.41535 23188.67325 20046.5868 22335.4991 20680.20144 21300.6226 20972.21839 21143.7519 23879.89703 23605.59153 21759.73898 20678.21899 21905.05795 23601.81017 24149.74028 21154.36605 23877.24625 21754.8292 22774.62437 22766.14122 21744.30871 22773.72764 21734.76482 22193.77246 21446.68859 23473.01798 22477.72888 24672.94848 22351.44633 22197.48756 22349.43623 22490.4238 22049.33531 24154.51969 23619.17566 20044.58992 23330.90187 24687.81654 21597.45922 21156.0172 21590.0594 24158.62245 21145.29865 20839.11932 20222.33168 20695.07781 22638.39391 21001.94868 20995.94088 23336.21278 22340.31233 21615.40745 22479.11775 22052.72136 22616.18882 21303.41376 21001.66953 22778.44288 22749.07055 22341.06499 20847.29559 18543.25936 14621.30425 15268.92601 11358.53919 6227.22156 5071.02072 2546.929391 0 0 0 0 0 0 0 
0 0 0 0 0 0 0 0 5674.604795 9849.6078 13437.74579 14607.14004 17261.75418 18528.8627 18014.22213 21302.5125 22911.86596 22336.57484 23202.95342 22478.35165 21889.7489 23052.17499 19880.46207 19561.85882 22626.47659 24686.83353 19552.95328 19049.81437 23322.60223 23171.06327 22906.30151 22773.88592 22908.69206 19719.2927 21899.12359 22481.77439 20998.23445 21288.25039 23330.51999 22053.55596 25314.26388 22621.58871 21147.16843 22901.91767 22897.44153 20209.53278 22331.68421 24152.85145 22631.77697 23057.31656 20047.97978 22351.04306 22476.09384 21908.95823 21452.37568 22195.81645 22208.78323 22051.29367 23886.46651 21455.13933 22193.31524 22205.30799 22770.39426 22774.90348 23060.96235 21142.09174 21584.71498 22186.7189 24151.86615 21450.82677 21599.84546 25470.73645 24424.34641 23047.95809 21755.83395 24926.32372 21604.61274 21442.52357 22628.77835 23467.3879 23340.64433 22331.74684 23463.36684 23741.20741 23049.95512 22479.50891 22055.28232 20998.09572 21450.14556 21452.62832 22901.7543 22190.39544 22348.58349 23187.68792 23468.05323 21751.23671 21293.52684 24150.6348 23317.6919 22476.30376 22186.74924 22329.43248 22917.82307 22905.31215 22050.68944 23180.47056 23471.99198 21597.34527 23741.99268 22913.45593 23193.82881 21291.51839 21604.36367 17448.72596 18356.12998 15280.32412 15471.24381 11651.23624 8040.164645 5678.193791 0 0 0 0 0 0 0 0 
0 0 0 0 0 0 0 0 6216.650848 11361.71447 11373.61473 12984.61151 14622.16735 17272.00598 19231.53843 23065.66863 21600.47283 22912.34264 19395.16602 23199.77607 23615.11317 23060.69566 21598.40737 21893.55891 22346.55943 20210.16013 21746.7361 22915.28789 22477.88231 21747.45373 19895.11676 22347.88103 21447.18349 22338.46062 22916.68337 23612.06701 23753.82613 21146.61453 20665.76811 20678.11028 21907.88983 22475.16994 20670.10602 22197.16662 21903.95864 22485.81517 22190.86558 22622.14409 23065.15036 20989.29485 24025.49322 23881.08969 22485.36839 22183.07998 21612.55418 22630.51033 23456.68618 21460.50877 21899.26383 22770.10915 22785.41194 22915.78598 21149.12464 23604.7386 22188.13936 21605.04377 21914.77029 22908.33906 21146.34912 21745.94036 22332.6343 22764.1323 22765.36281 21149.10411 22631.1467 22627.85197 21298.54608 22915.92226 25071.26018 21452.36511 20994.02422 22197.35732 20197.8478 25706.79741 22194.86527 22910.01631 21461.6261 23338.63716 20839.44363 21299.6832 23194.48762 20991.77282 23057.39695 23730.6415 25563.41089 22628.54171 23747.7166 20050.30649 22639.59204 22634.80975 22463.52679 21289.7383 22190.6235 24688.16198 21744.71769 21303.79841 23872.28477 22637.80691 22485.41187 21598.98785 24017.79741 21894.39248 22336.49688 19554.98004 17624.66345 14835.36769 13445.63773 10784.62406 8800.179537 6228.594493 0 0 0 0 0 0 0 0 
0 0 0 0 0 0 0 0 6710.777491 9157.364552 12960.24314 12975.07468 15478.29106 16495.28267 19394.06171 21907.49346 23887.98263 22783.53898 21152.6581 21143.2185 25200.33822 24948.14399 24278.17295 22194.09505 22483.29835 21447.7628 22910.97975 22480.06872 22772.70071 20214.79855 21592.02533 22915.18779 21299.21468 22061.59622 22637.6338 23599.14098 23189.31201 23322.37093 21452.32214 21452.44256 24816.16046 24804.18305 19722.86693 23480.23584 22628.21444 21762.20174 20838.13496 23471.84095 21899.81827 20988.71908 23190.00977 20208.93473 23482.30713 22910.06535 24566.12357 21001.90413 23199.82959 23063.95334 21735.09714 20358.09311 22483.53695 21298.9688 23339.76374 23183.43775 22190.46515 22485.95728 20831.56112 20526.39502 22337.12742 21301.72126 23594.00758 20526.7171 22774.84917 23595.61696 21596.3335 20538.79176 21754.25215 23053.70706 23205.31976 21454.40876 22774.4532 21001.91703 22066.78263 23467.71072 22202.72233 22210.60473 22619.40738 22469.72559 21143.29762 23882.81332 23188.96475 22620.44554 22481.19083 21149.5911 21899.82575 21909.52993 22041.45997 21460.60852 20208.45943 20997.78166 20675.03832 22052.70316 23336.75282 24427.56336 21453.91021 22627.54744 21293.84656 22923.1325 22181.41859 20996.81069 21150.30058 21460.98656 21151.89877 20669.64052 20205.52652 18870.1369 15251.57746 13215.98791 10486.48698 8034.255683 0 0 0 0 0 0 0 0 
0 0 0 0 0 0 0 2531.698721 6220.382878 11069.52034 13216.32194 15683.33979 14404.82292 19059.61644 18195.42906 21301.22586 22051.72436 22899.62134 21307.991 23874.61163 22031.8877 24298.36032 22201.50514 22922.02355 18177.73267 21447.16309 24951.48871 22051.15073 22770.46887 20369.73342 23190.25842 20210.54548 20844.18085 20676.38712 24292.39613 25329.17877 21139.24787 21752.98894 19875.29113 21300.77732 20987.86275 20042.28195 22485.54374 20359.55964 22620.75638 20681.29465 17827.37793 22187.4975 24282.38244 21748.23828 22477.99532 22646.54709 22335.03834 22493.75076 22774.44447 22923.32381 24814.32658 22917.4859 23063.81764 23751.9572 20535.28222 23066.83244 23867.02382 24818.98531 23877.01923 22774.58951 21288.03209 23186.79289 20050.53566 21917.00098 23734.62288 22345.91059 24023.13653 21159.46894 22208.3269 23463.09692 23211.26948 23606.3022 20519.33307 25849.08469 20214.01209 22329.5388 24693.77003 25062.52665 23478.99858 22914.61518 22334.70694 22770.77306 24151.61471 24421.05918 23897.33869 22341.21655 21749.73407 23877.6539 22339.50534 20695.5047 21438.2437 21463.2831 23605.14009 20368.00438 24420.24308 22345.15173 21765.10722 23479.54232 25584.24735 23616.94192 21453.15757 24671.4766 23198.84453 22478.28249 23335.91086 21885.17051 23462.88079 22476.19993 14828.39162 17443.22354 15669.45851 12970.41463 8800.580418 5084.56034 0 0 0 0 0 0 0 0 
0 0 0 0 0 0 0 0 5672.939809 9502.091288 12459.01413 13217.76894 18528.53753 20509.74719 17469.23063 20522.39284 23465.96315 21743.88313 22622.72831 21295.30717 24156.97098 24144.42668 22046.26268 22348.81584 20840.23529 21892.24202 22489.38818 22616.00887 21302.06422 23191.82393 20355.87081 22644.32227 20852.70641 23052.96207 22346.26129 23334.78448 21004.49589 24032.641 20829.03956 22358.61585 23188.15827 21293.28431 22482.05747 23206.38187 23470.66212 21748.41083 22775.97058 22183.47258 23056.9054 24412.96417 23062.11329 22197.77457 22490.92595 20998.51595 23606.84456 21470.69437 21150.25569 20197.14946 23332.79274 25586.3249 22615.88396 21299.45373 24692.26148 20995.95306 23894.54048 19565.50416 22343.34901 22641.36849 18887.84872 23193.82131 23193.34338 23198.49793 21605.76641 22483.74225 20687.49529 23609.31812 19884.26494 23048.42892 21742.26193 23747.24067 21751.0042 19554.20451 24030.72712 21305.98652 20513.6832 21611.46555 22330.3152 23207.74631 24685.03182 21607.87476 20673.96927 21912.13151 21138.62723 22770.48608 21159.71069 22053.17198 21748.90891 22915.71088 21910.33837 22488.07343 23341.54519 19742.3065 22775.91129 22205.164 20694.53433 23876.93749 22490.6472 22628.73885 23047.68545 21605.58538 21451.54716 21902.72673 20366.31581 19555.89522 17817.93599 17631.33357 14838.05437 11090.82375 9177.371413 7179.517948 0 0 0 0 0 0 0 0 
0 0 0 0 0 0 0 0 6710.163682 7185.330222 12464.00347 15678.64764 15063.02006 16302.42668 21469.27197 20538.59442 25069.1298 21746.01039 21743.23735 24558.69 23346.87017 20844.58373 23740.58916 24011.27767 23061.90493 20672.20631 21131.99279 23881.79768 22782.68449 22342.22433 23333.42905 23339.29746 23062.39661 21909.73399 22495.77604 23329.69012 22481.71128 23046.14511 22913.75773 24556.04087 21754.38069 22639.03208 21903.4781 23472.96232 21614.57746 22779.65698 21458.47735 21594.70081 23474.84462 22353.12366 23214.56042 21146.71444 21895.0118 23347.13935 23748.10311 22047.57729 22187.1269 20366.56904 24682.10621 23623.56142 21917.0026 23331.58052 22485.93885 20688.01872 22210.12995 22644.93315 23471.24668 22916.72757 20998.48589 23750.70599 22336.11775 20220.84132 26460.21391 20829.62875 20372.53253 23887.05641 22772.44857 21757.71468 20839.77338 23476.64166 23064.37592 22769.16934 21893.57925 21598.10287 23473.41395 22626.02061 23622.8547 21758.73534 24024.06223 20987.30233 22626.49223 20841.08354 23065.23671 21606.58499 24284.3862 23197.53357 21315.98066 23603.93811 19219.269 23597.20112 23470.87367 20841.2557 22051.28611 21759.80344 22479.88399 22049.88278 22490.1067 22478.39508 22184.13725 21156.68605 24162.35781 19880.73635 20694.62967 21453.42709 16888.3701 15879.89609 13924.58183 10773.94465 6716.869119 7176.098369 0 0 0 0 0 0 0 0 
0 0 0 0 0 0 0 0 5069.229668 10158.75354 12192.62018 14606.96793 15462.64255 17815.328 20385.60368 20533.05294 22918 24690.66803 22916.46454 23191.83868 22194.58543 23615.54893 20533.30441 22342.158 23047.57108 21463.22976 21461.17514 24939.17994 23474.52282 22769.4225 22351.92773 22776.86635 23744.39082 20370.89543 22639.94069 24163.79949 19395.45858 21443.70791 24294.58098 21304.92808 22350.05488 21460.74243 24817.73535 22911.69508 22343.01378 20208.5963 21459.17908 24029.78875 22200.34253 23746.77751 24550.66351 23340.95424 23335.36851 23876.70174 21745.55602 24690.80257 21146.63969 22628.77013 24441.05018 20376.88043 20688.93081 20368.90149 20689.17835 23060.90718 20524.49017 21759.49195 21612.23037 23339.92005 24158.0281 24011.61832 21143.11192 22198.14812 23333.60947 21453.47823 20683.97314 21761.13432 20361.77913 21596.28512 21756.97854 22188.49645 20680.87525 22480.81261 22484.87115 21894.54636 22910.6764 22327.93639 19545.27368 21452.19757 21609.55474 21904.56723 22497.01773 20690.37913 20686.46136 22339.11209 24945.05062 24284.62841 22933.88447 21454.95764 22626.60994 21290.83551 22912.77892 20202.38241 22331.54525 22923.63887 22626.31127 21754.50773 22780.41026 21596.91493 22347.67319 22200.14773 22467.49253 20992.87878 22480.5009 20045.09465 19396.00283 17078.05619 13690.38897 11080.474 9846.919834 5078.195702 0 0 0 0 0 0 0 0 
0 0 0 0 0 0 0 0 3587.257928 10481.22629 13443.97578 15885.69983 17250.72029 17072.55994 18362.30974 19725.89773 23620.20543 21901.77962 23199.69358 22904.67715 24004.56324 21605.33879 25202.69649 21000.64559 20991.47143 19398.14443 23189.41349 22342.20289 22634.80734 22192.27308 22490.2529 22348.15898 21310.45723 21295.45412 20846.3795 23875.9408 22776.69195 20689.12783 21003.10136 22209.88575 22910.25946 23334.17909 23340.60015 23338.30056 21450.72596 22349.35353 22640.73065 21002.14082 23206.157 20832.97237 23047.93395 21752.86431 23200.07972 21453.93789 20384.89417 21463.95666 21907.39253 22186.90606 23752.1706 22632.00134 23197.37643 22627.17165 21897.64337 23891.8622 22488.68055 23740.36728 23202.96459 21605.63226 22778.45273 20372.7444 22493.7488 22783.8961 21898.29843 22182.8149 21142.51262 21603.33923 20994.21528 22778.35042 23062.23951 23884.12374 24281.36917 21898.12694 23606.39603 23745.20168 22042.48702 24288.96021 22643.18516 23478.70518 24020.33208 20363.2901 20527.75691 23622.85184 21605.41809 21606.78601 22766.43979 22775.23394 22905.16137 21591.65591 23054.83919 23188.77678 21605.64429 22774.80726 23603.78499 23885.04455 22901.7402 22331.79403 21756.32179 22472.14828 22916.80741 21601.90115 23487.75891 21166.28268 22047.86617 21755.09194 16492.51993 17644.88189 14160.57247 13204.57122 10475.61965 5679.086699 0 0 0 0 0 0 0 0 
0 0 0 0 0 0 0 2538.78533 5691.588511 9164.153146 13450.76103 14833.56419 16490.27254 18004.27001 18366.49757 21463.72795 22773.60626 22041.71278 23046.06753 20847.53786 23333.94357 22044.72377 23193.16305 22203.18569 21139.99766 22044.69115 22050.4109 22627.5407 22185.90538 22040.71365 23180.85216 22194.73061 20989.27528 22194.15707 23752.66934 21907.6441 22189.46489 24807.46404 21601.08419 23613.6277 21295.08376 22486.95644 22766.34004 23745.33147 20828.01779 22184.94463 21461.83058 20994.47435 21149.88162 22203.45028 20210.47461 22782.57116 25463.24355 24163.66893 22055.28916 22055.00496 23483.34301 21438.04178 23473.42517 20838.19631 22200.16799 23604.53687 18538.00702 23891.49013 22047.50062 22479.67942 23477.88243 20043.75655 21152.07404 22057.67034 19394.27558 22330.48973 19225.29752 23471.10166 23338.32757 21445.64379 20054.76441 22044.74532 22923.0918 21751.52386 23468.42073 22767.01758 23334.57885 22628.52688 23344.52661 21299.03296 22343.78077 21306.75385 23606.95098 22485.95883 22045.75466 21753.60022 20998.98953 22767.38943 23056.30767 21307.8609 23462.52367 23193.54501 20994.89188 21309.9609 22194.11481 23476.19373 22039.72141 22764.65158 23052.52165 22621.78579 21462.46983 22192.09502 24028.27816 23464.53914 23208.71152 23320.67482 21141.91859 19400.94614 20200.26793 16478.48117 15472.89595 10793.97235 9828.367616 6209.205344 3585.669804 0 0 0 0 0 0 0 
0 0 0 0 0 0 0 0 5670.949638 11068.27995 12470.45451 13224.44665 17450.27241 17634.61876 19559.1237 23343.63512 22917.17168 22922.18264 22779.72546 25215.259 24944.24247 22197.97958 21752.40873 22332.9635 20835.44493 23332.44917 24542.96689 22926.54574 24563.76832 20376.12348 24020.63894 23192.22288 21752.42805 21301.12181 23062.32017 21459.92829 22494.44046 23336.28472 22184.40483 21767.25898 22921.5272 21895.26111 21749.78035 22633.94176 22337.64966 22903.19761 21915.7172 21287.40439 20368.37173 20995.38084 20990.7626 20686.64682 21919.37818 19724.25392 23071.98523 23196.57285 22200.88475 23758.05227 23204.12861 22774.74648 24557.39938 20684.78145 24819.17207 22200.63677 23611.24311 23614.8352 21463.57319 20833.27566 21455.80509 22055.4468 24809.63132 22490.8158 22056.01955 22345.91184 22341.76353 23189.13072 22054.80212 22344.82586 19393.83197 21307.40472 23470.23666 22621.36311 21168.50055 22906.00106 21606.27788 22632.03258 21606.81571 21458.46381 20365.13383 22059.01422 23049.92998 24163.0575 23749.77095 24292.9225 23737.76332 21607.56241 21304.85079 20688.33268 23203.93758 23199.29031 21763.79137 20526.31011 21288.32642 23883.90622 21456.44442 23877.5521 23746.71546 23324.17178 24415.18392 24149.72175 21000.94132 19223.3166 22497.51591 21305.57209 17996.32154 17256.82812 14829.51163 10480.5555 11076.74978 7174.900899 0 0 0 0 0 0 0 0 
0 0 0 0 0 0 0 2533.959649 8034.202 10155.87052 11918.11661 15882.86912 16294.22824 19724.86301 18704.38183 20838.12159 25588.33571 22194.7192 22346.11583 21741.9242 22777.58148 21750.22663 24011.65442 23885.3225 22053.06905 22493.35826 21746.38867 22908.73707 21899.47966 21607.72599 22913.84423 24409.74612 21745.97204 22049.1918 25843.64446 21758.74294 21903.0878 25718.78322 21301.75216 24026.00054 22923.78134 24295.77128 22773.85709 20684.5807 20687.59215 25201.47239 24026.77707 24427.44893 20691.45179 24428.39781 21004.84859 25205.64147 21760.53016 24284.39851 23181.82498 24815.40067 20991.92698 22777.74897 22343.02757 21303.31123 22920.27842 20694.23221 21304.79348 21453.95032 23475.29933 22033.47044 23183.42596 20839.09091 21450.40403 23052.57561 21896.27536 21320.20167 21914.8355 22043.40688 21009.84188 22636.93129 21764.91824 23754.6742 22192.63776 24555.66524 20847.33373 23882.53254 22631.06886 21752.4382 24288.99641 22773.20709 22775.72793 22913.39833 20371.37908 21759.17724 20992.37108 23754.05133 22062.17792 23191.77374 22912.86238 22043.9197 23474.57457 22341.19086 21598.52716 20684.94295 23742.92114 23328.57027 20352.46622 23063.34115 24146.07293 21753.79262 22190.89603 19893.74606 20526.59603 22632.0372 23750.60346 20843.38601 19882.49844 17637.61534 18883.59436 18360.19012 10484.69174 13447.06799 9165.934526 4402.796715 0 0 0 0 0 0 0 0 
0 0 0 0 0 0 0 0 6727.339119 10161.1094 12193.82921 14613.60321 15270.95813 15259.03706 18879.66702 22197.91378 19731.33645 20523.51618 22186.50422 23054.99752 22632.26478 22493.00426 22777.07209 22639.10641 24678.87236 22626.69046 23877.50886 21307.99769 22916.21724 23189.91533 21590.07225 22910.56586 23472.57458 22490.89842 23199.06371 23062.58532 23761.9443 23054.47743 21456.7351 21763.86712 22635.12582 22345.4369 22917.62342 21137.01697 23467.28304 21299.32798 23613.55523 20200.1874 21760.62917 21304.40608 23627.17572 24818.18423 23211.3696 23196.9326 21770.87054 21898.68754 21896.96842 19877.62796 20528.55954 21165.59404 23191.12753 24016.26932 21915.47819 22772.54638 21897.62537 22048.1433 21009.65396 22190.81487 23063.88071 25330.4098 21295.06216 22478.43065 22489.46207 22911.30163 24823.06812 23480.80849 20210.32694 21158.52358 22909.39771 23205.38671 22498.75131 22493.60518 23746.86574 24823.59717 21604.90929 22063.74268 24292.85025 21306.50829 20528.75564 22774.14968 22491.78477 21599.88041 23624.89019 21756.30136 21309.15773 21755.76157 22490.62812 22492.60564 23048.30138 23049.93028 22491.67166 21605.58012 24284.83713 22911.05078 19713.85564 20693.94703 23470.70021 23327.36284 19902.47012 20529.65085 20995.15607 22627.59391 22645.92535 22062.09109 17809.81772 17621.22152 16678.33206 13218.33453 8423.139711 6214.305336 3595.105975 0 0 0 0 0 0 0 
0 0 0 0 0 0 0 0 3600.776645 10477.1998 10781.31112 15480.12876 17070.99222 17990.25389 19883.13557 23044.2484 22778.68276 20356.78177 20682.6163 22913.4035 23203.90731 23599.23551 21146.07422 23052.31833 23058.01038 21464.34331 24018.67947 24423.10435 21152.99846 20681.18799 23894.52361 25072.3193 23336.42274 21472.79493 22046.40099 23888.87953 22341.77368 21611.27386 21909.13202 22191.53618 19389.06352 23344.7339 21755.61824 21450.76019 22477.86299 20992.7811 22058.78293 23342.17534 21145.33895 23614.3365 22500.26551 23186.03112 22491.61831 22627.98164 21464.31771 23048.02471 22637.24992 24694.3975 22065.26579 21146.24544 22617.0972 22059.10636 21616.48511 21455.27231 21743.85658 23881.37392 22339.55719 21449.7699 23337.33711 22191.40512 22485.53284 22490.79905 20062.43378 22917.95257 21457.62854 23334.31133 23492.75442 21459.07244 23181.23417 21299.41205 22198.28334 22500.61484 23343.94239 21312.29039 23210.51075 24013.09038 20533.91078 24429.58844 21302.09533 23336.80265 22486.32962 21297.66701 23478.05783 20831.39032 22347.4064 23347.56081 22340.7415 22488.96285 19895.15011 21763.93727 23601.10971 21610.70982 22051.80201 22066.47267 22492.6993 22640.33501 21009.00819 22915.38288 20695.1755 22348.32011 22487.78526 23052.14641 21598.96211 19890.07382 19378.38539 15059.65921 14611.10701 11652.46654 9504.025868 6719.6434 3586.674761 0 0 0 0 0 0 0 
0 0 0 0 0 0 0 0 7625.092934 9508.596667 12194.1384 13214.99136 15052.58869 17833.03044 19400.72067 23484.40249 22042.83284 21894.9868 20042.23837 24675.03977 22916.05667 21000.05698 21602.65035 18195.18632 23345.75142 22906.88161 21755.53733 23197.38853 24288.34366 20685.61392 23887.42354 21458.12197 23326.13791 22781.75048 21003.54606 21597.54084 21608.19155 23196.16979 21605.54807 19050.83059 23472.45199 20201.02629 22211.34836 21748.90843 20681.36107 22763.89441 22766.35569 22925.96768 21312.76887 22047.59742 23332.79375 22934.37157 21598.97927 21465.79927 21599.7854 23345.61095 22501.66754 19893.98706 21899.91372 21457.82687 21898.9351 21002.65838 20846.26098 22905.85469 21455.95291 22772.48989 20849.37326 24812.93092 22047.7139 20210.40404 21452.04651 23330.40358 23187.21097 20839.09703 23626.27117 22340.01762 23482.97219 22197.52675 22202.75691 22204.71538 22484.20753 23337.06852 21601.42681 21447.24574 23197.90505 22504.22157 23333.7921 21454.06595 20837.27981 23334.46439 22474.60499 21757.98676 23063.83333 22620.49896 22623.71809 22063.12069 23071.52745 23353.16778 20843.3993 20361.21594 23338.12821 22045.52934 23609.40375 21591.43022 23193.11064 22775.15486 23469.52888 23880.23138 22037.34236 21613.76935 22636.19798 24557.5432 21456.03692 19558.92433 19055.11756 16305.00872 14376.92044 14156.863 9841.10961 4397.21997 0 0 0 0 0 0 0 0 
0 0 0 0 0 0 0 0 6217.924328 10494.75733 10176.77975 15884.57829 16499.54891 19719.1593 19226.81854 20990.22348 21899.39295 23063.52437 24017.03646 21754.11696 24937.09922 23750.13577 23890.81377 21301.18698 24294.95512 23744.75375 22624.2541 23073.98008 19226.37269 21592.49753 20204.77045 21907.96459 22338.84607 22039.95117 21761.24858 20207.25855 24416.94981 22341.33925 22210.51041 21756.47046 22632.04756 22193.44905 21756.75265 23614.02936 20678.33338 22627.24181 21916.06637 21897.64084 24018.02178 21759.02329 21917.81907 22217.82385 22771.79703 24568.3569 22913.2557 21601.75509 22487.58388 23758.07289 20838.62582 22054.08762 24819.25976 22485.73647 20679.9548 23052.75758 21904.74635 22201.98433 23203.96127 22343.02782 22193.03691 23341.38497 22477.78157 23346.50557 24156.81719 19890.15318 22776.10984 20535.79427 22916.30459 22196.03625 23596.24804 23481.79655 22199.98293 22635.78006 22339.95257 20050.82792 21452.38787 22054.62083 22347.15354 20989.36456 25201.23018 23604.61439 23342.73636 21762.4994 21753.46911 23479.06322 22766.42692 21313.73499 21620.283 24006.59007 22491.94054 21466.07717 24694.12009 23481.07566 21745.98384 24810.85817 21307.04617 22348.52598 21607.93921 21313.32611 23603.28225 23335.98484 22920.71821 23060.08162 21004.59143 18529.82589 19384.57681 16875.30136 15476.49734 13215.76627 10164.03334 5089.633322 0 0 0 0 0 0 0 0 
0 0 0 0 0 0 0 0 5671.989926 8033.740356 12445.49595 15060.79942 16497.56522 19047.95696 20200.1658 20533.10013 21739.15587 21603.32758 23338.2036 22915.95262 20847.27056 21006.6874 22638.80444 21458.50077 20683.15778 21296.93485 21002.46815 21899.77076 22633.0687 21900.73752 21750.09787 21757.31404 23882.28511 22931.62676 21601.70461 24672.23471 22488.28337 21600.56069 22487.75972 22915.35091 22350.2443 22036.57424 22346.69031 20843.9274 20375.15581 23333.89355 24693.67327 22490.53177 22047.64124 23201.92979 23484.06524 22767.5189 23604.51678 22492.17399 22648.85751 21460.83258 22485.78999 22216.76263 20213.52464 21153.2781 23052.05644 21898.84593 23338.13412 20994.39977 22915.26319 22051.78822 21161.57068 21612.47712 24025.85282 20848.04852 22341.50051 24675.66664 19219.69898 20685.65222 22054.10815 22201.87654 22192.68673 22195.74107 22647.25308 21758.44638 23485.33505 21461.71465 22918.48006 23188.79147 22485.50936 23335.59334 22492.18789 22781.62803 21751.55113 22912.48908 21911.61287 21148.5968 21920.42117 21295.54689 19565.56279 23209.02773 24431.16286 21457.53566 19892.66965 22193.17256 19566.47086 20689.29649 21910.34969 22912.78063 22057.92181 23469.09253 22187.88651 22640.49004 21754.0537 23336.3958 23607.6519 20372.51691 23478.91634 20202.75557 16879.3689 17254.70962 15267.27073 13688.45905 9151.738407 7177.937482 0 0 0 0 0 0 0 0 
0 0 0 0 0 0 0 2525.475426 7186.846548 9162.342183 12450.2125 14827.84584 18528.91214 17257.89193 18366.15546 20051.38883 22634.42092 22908.91215 22635.31767 22775.60749 20850.19507 21754.15374 24940.02386 23464.57671 20999.09051 22634.00071 21464.07734 21757.60804 22497.44178 23469.60394 21906.78869 21304.18159 22339.61994 23601.49801 22326.41784 23746.77971 23203.50538 23204.86549 23061.41026 24678.78461 23337.16557 22922.12712 21461.93054 22628.69605 23475.9279 23196.09652 22198.40958 22637.01642 21742.82844 22771.9989 22047.84072 21759.59354 23059.66493 22638.73799 21615.48301 23330.80289 22771.50661 21762.07791 23202.19098 23201.33292 22206.33357 23189.863 21603.51334 22342.4631 22503.61063 21164.57298 22624.4857 21456.1711 24547.83121 22336.65376 21154.57858 20217.99881 19049.70506 21603.74261 23608.31837 23206.26357 22480.36612 22339.77803 20996.04219 23331.79224 20210.6313 22048.00317 22915.40195 24156.08883 22633.43174 21756.9702 21749.5018 23064.01209 20836.22669 22909.04759 21911.13565 20996.99488 23057.4017 24283.48555 22770.47637 22778.35402 23869.81429 21160.46991 22626.19523 23326.15371 20838.06174 21911.89969 21894.40603 24814.09824 22775.1453 23201.17734 25327.98774 23603.65645 22774.35068 20679.38853 22214.58591 20537.4403 23762.79422 21610.2114 17458.17879 17625.86102 15685.25402 12714.32233 11907.97488 5078.471123 0 0 0 0 0 0 0 0 
0 0 0 0 0 0 0 0 8014.236546 10476.53133 11670.32582 14610.93843 17079.18989 19387.93973 22628.3347 19047.67703 23749.726 22053.37259 23331.89284 23202.03413 21902.9342 21747.03578 20517.10197 23469.38094 21606.93349 22194.64113 21451.67349 21302.73873 22494.21255 21299.3318 22052.42066 21292.4753 21004.33757 22497.12237 23884.31052 21740.76841 21306.00223 21899.01499 20382.03881 22042.73209 23061.53084 23185.63991 23058.04741 22349.81237 22912.37949 22766.96627 22633.28783 21150.82539 21759.66209 21898.07382 21897.59132 21754.76417 22771.74604 19721.49982 22057.14147 23188.84512 20048.20355 20830.35759 22052.65825 20539.89517 23612.27136 23759.2888 21902.44366 23748.05082 21601.00172 22789.93193 19884.95654 23608.20542 22344.56351 21916.40449 25334.6678 22052.28674 22643.9221 22353.46639 20223.78817 23464.85434 23192.98614 22192.46689 23877.38927 20689.76267 22339.59944 23072.69204 22486.90587 22763.85546 24551.83093 20528.25377 21753.83029 23053.59901 24685.91512 23878.90127 21908.47948 21900.72077 24676.38821 21458.1684 23334.25638 22177.80373 21755.72232 22331.67243 21002.44487 22625.1627 21605.40772 19396.3366 22911.51593 21148.8848 21455.47391 23061.65189 22480.59064 20059.48724 22485.53794 22340.81227 21608.8568 22636.96085 19898.71669 18355.74882 17266.79626 16089.67539 11661.06149 12973.94035 8038.097213 7618.509118 0 0 0 0 0 0 0 0 
0 0 0 0 0 0 0 0 2546.240906 9170.797866 11082.87293 15683.81374 15271.12546 19054.38238 18171.01232 20044.80247 22347.62286 22184.29087 24028.57377 22186.92104 21910.60102 22185.57712 21308.66226 20528.13354 23899.85694 22913.77844 24165.51151 22338.95642 22201.40227 21301.32302 23053.62133 23060.43711 20210.94048 23740.11584 23068.53759 22916.84809 23885.11251 23479.74206 22631.69508 22337.83018 21598.88843 22190.14451 22922.32836 22774.8096 22050.62114 21758.91194 20692.95758 23194.87152 23058.36921 23754.809 22907.77484 22625.4924 23198.08073 23058.92287 23599.63117 21903.07099 21164.11007 21307.63462 23194.97817 21902.08802 23058.43117 22623.61351 24951.04367 23878.34317 22923.43387 22630.23294 20213.29449 20042.82082 22335.10213 22047.76317 24286.55829 19888.27001 21754.02135 22052.10251 22190.00876 22923.42481 20999.63621 23061.20016 22478.86864 23466.76054 24538.04117 22497.07765 22190.24263 20369.19705 23051.90551 22338.75616 24290.05051 22042.96743 22354.89149 23186.44647 22777.4968 23883.33766 20987.30685 22049.742 22647.30019 22058.57504 21909.74197 24690.12902 22773.02877 20690.14434 20834.1372 21455.49351 20845.69547 23625.15644 22060.00499 24408.61943 24292.64808 24022.94722 23878.77447 24154.45496 22921.77569 22493.70774 19881.04264 23050.46609 17267.5481 15684.75299 15262.18651 10797.98451 8799.156814 7615.507057 0 0 0 0 0 0 0 0 
0 0 0 0 0 0 0 0 4407.954399 10161.12281 12706.07199 11092.14587 17065.56367 19053.05344 18003.3658 18894.84425 21002.26065 22774.06626 21593.96666 25334.72188 22787.48556 23204.55488 23743.22563 21457.25505 21899.11919 22196.35852 22340.58037 21448.50305 21760.20214 23322.37172 22052.46709 23052.22978 22636.42107 23875.4381 19903.97695 21603.21229 23196.64923 19560.96393 22473.28777 21000.33494 23608.5541 21454.96113 21909.46344 21455.19966 23482.79972 23474.0099 20069.08205 24150.63937 24013.96528 21759.00611 23064.45131 20838.02253 20523.02932 21150.13566 22766.02449 23748.21919 21760.15318 21453.65063 22195.01615 21753.32048 22907.51662 23473.00465 21600.20027 23744.31245 23607.24886 21903.32233 20682.28809 22193.19632 21601.975 20836.57422 22923.36238 22766.50209 21919.96269 21742.44577 24289.8116 22053.59386 22911.38966 21151.7673 22339.92897 21755.00387 23608.10264 21893.65426 23064.99526 22639.76294 22056.12238 22198.1681 21298.45856 22191.45699 22621.22007 23479.03179 23058.27906 24153.7284 23882.86817 23051.65836 20840.15889 23190.13095 23330.70172 24024.39939 24158.20493 23052.79334 20841.42981 22353.62689 23612.60006 23210.36042 19892.46265 21609.64439 23191.8414 24817.36578 20369.32953 20840.12155 22769.36326 18535.24892 23066.58346 19721.20463 17996.50246 16484.71841 16093.96747 15235.25381 10475.51415 4404.387053 0 0 0 0 0 0 0 0 
0 0 0 0 0 0 0 0 6709.874161 9167.251314 11086.67417 13455.61947 18697.52752 16877.49161 19554.23617 23742.04977 23755.42593 23051.4425 20207.74466 23616.96136 22629.01525 23878.97175 23880.8503 22641.59841 21150.13466 20841.54894 22778.09917 20835.53385 22625.44886 21617.46349 25079.67559 22480.87245 24818.52303 23476.82254 21152.69351 22772.54498 23337.88138 23202.29231 22203.50196 23889.02592 24285.14152 23742.19101 23063.257 20203.55074 23193.0773 22192.2386 23337.2785 21754.63052 23471.8872 23612.8505 19881.49813 22925.39075 23192.31338 23606.78198 20992.78463 19561.47569 22917.91951 23186.33439 20841.82646 24430.99126 20685.37147 22912.04543 23335.90288 22335.01393 23053.38082 24146.73312 22034.76369 23208.37972 22337.63721 23486.36017 21750.67066 23346.92413 22918.05727 22328.85352 22777.60551 25460.44747 22776.35683 24694.76845 22195.05851 21900.5983 24292.0724 24158.34643 20834.63986 21158.28289 20362.56796 21908.94408 21456.4133 20989.85128 22774.03862 19048.97463 23189.1631 23460.93521 21303.39389 20997.37757 21141.96416 23616.8429 21451.05716 22345.32924 22768.58735 21145.16564 25201.87613 23625.79489 23471.64963 20694.69809 22632.63454 22626.5007 22634.5511 23469.37099 24159.46367 22775.74243 20199.75803 19721.65323 20687.79365 19387.72761 20032.05817 16099.42351 15885.9722 10489.68073 9833.474734 5083.883511 0 0 0 0 0 0 0 0 
0 0 0 0 0 0 0 0 6715.980941 8790.18672 11915.12186 14391.65708 16694.88149 18361.13341 21305.52111 22184.27713 24809.80452 24419.97778 24293.70725 22633.7443 22192.4246 23340.75201 21296.70784 22491.86524 20052.46868 20684.54392 23048.74383 24943.87933 23181.63672 23746.52925 21899.30309 23338.65402 22767.96014 21597.30072 24429.77104 23475.6603 21747.60512 22771.75352 19553.46323 20836.82364 24002.06988 20682.72753 22775.70283 21751.62037 21763.27385 22911.08797 22052.98309 20687.82003 23051.40782 22490.24404 23053.88128 20994.1965 22347.77935 19226.20957 22905.95407 24945.57278 22195.26434 23746.22631 24013.30817 24563.25413 23330.1011 19881.92055 22906.35949 22907.53569 22050.38036 23206.62494 22189.43973 20209.33768 24694.37109 22636.31112 22626.53561 22771.37863 24687.30566 23611.84812 19728.25844 21462.42796 22483.67303 20523.6067 24820.87496 23874.34646 23200.25792 24284.8631 22778.34996 21608.80274 22491.98633 21449.65137 23204.02283 23887.60268 25320.89938 21895.75912 23755.71173 21305.62087 20211.3613 21601.31112 22325.16119 23754.70429 22916.21511 20838.72566 22758.96749 23190.64025 21303.52441 22336.67351 22632.92932 23335.1256 23887.33596 24169.43879 20989.72956 22347.89805 20359.20159 21001.8406 23194.70335 21895.9701 20675.997 20836.58364 18701.44359 15491.50334 16299.56257 12724.76884 11641.95223 7174.826697 2534.011783 0 0 0 0 0 0 0 
0 0 0 0 0 0 0 0 5080.429761 8028.922513 12186.82033 15039.55083 16686.61714 18549.63185 18012.95237 20373.27739 22491.86728 23192.91826 23196.33101 23332.78213 24012.46027 19882.23281 23335.75655 20999.23611 23473.15862 19392.97684 22042.99954 21452.78634 22775.96916 22768.54735 22044.38231 23332.00015 21305.61322 24149.54202 24697.80161 23604.93565 22482.55934 21142.87813 19391.45769 21459.09307 22782.954 19719.13117 22050.93419 21908.68779 22645.10797 20990.52276 21609.03231 22034.79366 21302.6564 22498.71536 22060.13021 20989.54918 24022.14463 21603.50213 23049.48215 21750.72734 20526.26207 23482.13419 21760.56749 22498.64023 22060.57228 22191.51434 21909.37761 22787.36751 24154.52189 23069.12072 23737.9043 23486.58679 22920.03799 22629.698 20833.46139 20371.86621 21604.92613 23068.30869 20999.28977 23197.03322 23617.98781 22630.6267 24018.57798 24154.25897 23601.37714 21457.16996 21443.66903 22056.8802 22063.00036 20995.96697 20698.24954 22644.29616 20047.11539 21898.25585 22773.46748 22049.35727 19217.95297 20361.32738 21595.84986 21895.59779 22050.98927 21296.28889 23199.06018 21149.40157 22192.16339 20998.03356 21747.98589 22181.19323 22909.58797 20849.85142 20994.31465 24296.96071 23462.71214 24811.16634 22623.05278 20849.22003 20204.28638 19393.52922 17452.01745 15472.05736 14847.23775 12191.51931 8044.767789 6219.865546 0 0 0 0 0 0 0 0 
0 0 0 0 0 0 0 2530.782996 7182.58728 8432.326696 12453.8828 15050.45857 17070.32522 20341.7885 20210.77829 21758.68913 25201.37603 23060.18868 21142.52977 20689.70938 20046.77207 21155.56309 21760.32308 22203.7669 20682.41822 19886.27898 22763.03575 23054.8497 23187.34413 22919.31207 21151.52111 18887.78521 23333.04062 23734.54132 23482.50402 19396.73807 22912.40748 21763.6562 21758.16998 24825.43627 21900.5395 23344.30646 21143.2171 23053.8718 24012.50542 20367.54879 23198.4055 23483.11809 23195.45927 22349.49212 22767.00932 22337.68126 21001.23198 23469.27709 22198.16399 22627.57098 23880.79131 22062.35362 20680.42364 22193.45271 22064.93862 20209.98375 23205.11771 22761.42026 21448.7365 22625.09605 21296.27205 22196.13742 24687.33442 22771.35976 23050.02424 23043.80671 20048.27784 22774.26665 21752.89656 24022.77566 22625.0167 23604.5662 23062.38004 22198.55301 22198.32374 25201.25643 21142.27936 22203.69238 22203.95791 22915.10424 20995.0077 22908.07081 22334.3975 22347.41301 21161.60031 21454.02536 22491.8055 22049.82204 21895.6685 22185.12561 22770.31852 22912.66373 24167.24776 23602.98327 22474.11295 21447.59221 25707.71334 23333.16383 23620.94332 23192.08912 22767.13463 23764.99759 21597.92579 22636.06681 23737.93779 22332.81751 21452.30412 19569.4903 19550.23771 16878.00643 15268.60352 14824.21709 10480.64203 6721.238545 0 0 0 0 0 0 0 0 
0 0 0 0 0 0 0 0 4400.922664 10774.65126 12961.65734 13705.77292 15891.65474 19544.05357 21149.08421 21902.92243 23051.88069 23890.49135 23330.887 23183.48601 22051.17564 23743.2125 22041.57291 22627.97065 21137.47214 22059.0126 21757.7178 24147.89131 21000.7594 20208.04637 23335.78285 20524.02818 24429.89404 22343.39496 21903.80045 23610.5331 20209.77462 22778.00828 21147.22916 22209.43519 23327.5511 23879.54401 21743.61766 22046.64376 23048.18784 23612.02855 20676.31704 22333.86489 21745.67144 21739.89646 21000.63862 23332.50333 21300.34547 21441.45001 21607.35671 23879.82169 21154.92134 22772.31027 23190.49673 21750.27472 21443.61314 22348.48724 21311.7021 22213.00132 23192.69664 23047.52015 22913.63223 21156.22948 24147.41107 23874.57234 20995.76355 21300.32227 21451.64389 21754.75677 21600.89838 22923.60055 21741.09957 21293.62893 22054.45539 23340.38588 23212.02308 20846.59157 20204.18943 21599.90395 24549.10848 20515.97839 21612.09053 22335.76767 24414.03469 22047.38815 22213.05108 22487.1365 22768.52108 23329.36312 23481.52126 21735.18502 21900.80863 22340.81659 22350.99704 22195.25547 21608.74965 21301.34335 23617.6412 24016.85172 20516.91548 20532.96112 21616.06604 22907.48793 23198.37407 22195.79777 21296.10271 21747.7559 20693.38582 18693.37755 17450.54509 16301.14203 13221.78148 12461.12241 9845.604592 5678.814116 0 0 0 0 0 0 0 0 
0 0 0 0 0 0 0 0 3580.143929 8023.042027 11365.50392 17075.87405 16488.45149 17459.07015 17449.5074 19226.7626 19884.67253 23614.34362 23615.10183 23613.46546 23191.91956 22908.75537 23333.78617 23201.23865 22477.49978 22906.85234 23462.34068 22777.19858 24691.6737 22345.6405 22771.67602 22053.77114 23337.83213 22059.82186 23203.30931 19384.75585 22194.95693 22480.36999 23476.84215 23614.4588 23746.22569 22192.10254 20363.70781 24288.78585 23887.46217 22619.46412 23896.21706 23192.52032 22348.94969 21895.27469 23757.14912 21303.11216 23752.10501 23060.64328 24411.53312 21602.16924 23469.21814 22196.96727 21748.17034 20371.62486 20845.88527 23196.62041 22189.50691 24433.11483 23186.17307 21001.20178 24013.57095 23335.88874 23053.25111 23340.44683 22784.49561 20533.64102 23457.32261 22915.91425 20984.89943 24545.51841 24287.81071 22622.8975 20680.09837 23050.91612 23203.25996 23338.53734 23342.77558 22622.44842 21448.8918 22633.2945 23602.22408 23614.17273 22781.00761 23052.9017 20686.73621 22331.62018 21442.11751 22902.72325 22050.69534 22040.48077 22187.30712 24406.34827 21593.80066 22898.88851 20833.89828 21450.48781 24943.70919 22054.25455 22344.84559 21001.78524 22778.93503 22043.59551 25829.00412 20676.38968 22923.56462 22187.42085 21597.98488 19393.48745 17278.34046 15897.4666 14836.54963 13229.65149 8430.010309 5076.299079 0 0 0 0 0 0 0 0 
0 0 0 0 0 0 0 0 5676.921742 8427.60468 14822.66692 15253.3673 16479.86774 18536.18051 21307.43057 20364.69897 23057.82762 22201.6377 22771.51618 23602.56645 23063.23541 23738.59579 21904.75395 22194.44049 20830.15738 22041.41977 21745.65663 23753.87375 22620.81016 20215.29657 23731.21404 21303.13721 22340.84295 20055.99901 23056.46668 25716.8636 21147.68892 21756.05023 23889.21914 20832.96926 22353.17334 22338.30923 22057.35203 21292.40635 21439.67386 20992.78235 22339.56213 25080.92045 23746.0205 20691.27439 23317.56156 21302.12931 22040.73648 21898.56068 22493.62879 23885.08514 24683.94721 20991.00953 20525.15886 23618.23033 21454.32175 22493.06304 22914.64122 23051.57935 23054.96878 21601.02103 22348.02273 24023.50117 21599.58905 21751.40359 24165.36257 21602.84919 26090.33695 23483.51763 24935.24255 21295.40303 22627.59373 20679.17204 20998.48436 22628.32875 22920.64672 24554.6168 19565.69392 21152.50661 23614.36895 22336.19105 23611.32586 23472.18203 21446.72782 22914.58697 21308.1166 23731.43758 20996.40973 21433.43997 23059.25551 23046.50019 22052.37321 23187.5552 20199.63187 22767.36471 21597.63335 19884.80401 24808.712 22490.28217 21302.08666 21745.66819 23052.13912 20974.57956 21606.47216 24150.53324 22755.68957 21610.22885 20999.27614 21303.24649 20215.18693 16686.87078 13466.56563 13679.779 9830.888175 7181.972232 0 0 0 0 0 0 0 0 
0 0 0 0 0 0 0 0 5081.862882 8434.275001 11942.42824 16085.13611 16093.76575 18880.96629 20522.78707 23478.92865 21593.03485 22784.46274 24028.60057 23328.23628 25448.32807 23187.46834 23336.80047 20831.67023 20692.33048 23472.84204 23190.64667 21909.44958 22197.37982 22900.30234 20664.27174 22769.7233 19225.42756 24155.52523 22774.94288 22760.90097 22923.42979 22778.09938 21908.32987 21154.80108 20362.12532 22908.9764 19893.54312 22190.17713 22766.91789 24152.21686 20205.05547 22759.8428 21907.54061 21903.54877 23194.52943 22752.19013 22496.62436 23879.78875 21156.74011 25462.36494 23872.75146 22191.16364 20054.63621 25082.13936 20676.89291 22046.27303 23757.76434 20835.04185 23327.35393 22625.40569 21452.22912 21891.16336 21301.54848 20360.78725 19055.01967 21891.64864 23197.12905 21749.93024 22494.1149 21450.51941 20369.57716 22339.99312 23625.60044 22343.79854 23344.45999 20668.12727 21754.09528 19720.6609 22489.47682 23331.29221 20838.52105 24144.49921 21914.72942 21304.54572 22639.34064 22047.09674 20841.62505 21912.95031 21456.21968 20846.66539 23612.37345 23747.15155 19563.14263 22758.38817 22753.12005 22911.17045 21595.01733 22486.23551 22046.81621 24282.70909 19886.08277 20540.88311 23879.66234 22768.66271 22183.48542 20370.39092 22062.69552 19236.16015 17443.49582 15888.7393 12970.30038 11927.81347 8810.177654 2536.443177 0 0 0 0 0 0 0 0 
0 0 0 0 0 0 0 2539.49778 3594.277731 8031.171132 10172.72442 15685.35366 16264.15994 19222.22202 19875.99156 21156.35108 21301.42741 23872.89245 22764.30467 20999.62482 20210.25553 23878.20912 24949.95892 22773.50699 21884.69932 19531.76262 23881.69972 22326.12489 23041.30448 22047.33605 21132.84807 20360.59848 21896.85522 20991.11766 19888.00872 23737.60155 21003.48351 21454.89719 20055.37718 23604.00646 20851.10009 23337.73467 21452.95577 21447.6341 20994.27346 21594.32733 23326.50824 22482.29949 22196.34662 21909.51244 23338.75478 23339.11487 20373.55656 23890.82848 21457.93919 21900.72309 21005.1825 24557.14624 24431.6687 23196.10861 22031.25392 22051.19392 19885.66334 21303.35864 22198.09978 20981.48158 22047.58593 22911.36641 21589.4297 21304.287 23873.32867 22054.44696 23054.67288 22619.88334 26215.90687 21904.35605 22196.96545 22352.62462 22777.9324 22906.82198 23336.10416 20530.86906 22048.03453 20835.66546 20845.58853 22628.88629 23603.18895 21606.11659 22051.88082 21295.02237 23057.21862 22767.17204 22337.27715 20996.31272 23064.15699 21456.11441 22341.06881 22194.90971 24684.63457 22498.72233 19882.38955 22336.94281 23324.53242 22485.71356 23614.73671 23177.15103 23740.47815 22629.89098 19232.96945 22629.87265 24026.30509 22779.04528 23338.6584 20694.12017 17978.55126 17438.56681 14829.16527 11935.90169 9832.36045 6719.139277 0 0 0 0 0 0 0 0 
0 0 0 0 0 0 0 0 4403.272196 10164.60911 11919.21968 14386.3518 15478.45738 18879.31846 19387.39572 20370.823 23870.7268 22485.17897 21308.83637 20987.23921 22349.42685 22180.55236 21291.97488 24815.17433 24547.98693 20211.1898 22621.72966 22623.34286 20973.63726 23467.02858 24293.16202 23049.68473 22478.6964 24425.37549 21595.64405 21301.15638 20531.29492 23054.73911 22486.95089 22478.73998 21157.60947 20994.56368 23055.01137 21593.50693 19221.89199 23187.47817 24023.86532 21299.68428 22191.58692 22757.37672 23199.15372 21591.5143 21748.27543 23461.35609 22052.96173 21135.4362 21448.11853 23877.1194 24672.20494 21606.57682 22488.14764 23332.79057 22621.65989 23738.02349 21885.08433 21906.30131 22190.35198 22035.98195 22769.42157 19555.97768 21454.88969 24276.58957 22637.84874 22914.72181 23748.81042 22621.17645 22203.48938 23741.0328 19878.74872 20687.90166 24417.1342 23336.35007 23188.84784 21302.03659 21450.34657 22053.14113 21153.01145 23880.33272 23333.83336 23477.52632 23191.06061 21588.13837 23326.45433 22617.38627 22479.19882 24284.74207 22043.97569 22190.17542 21894.83304 22613.16253 24286.34032 23885.99766 21600.86374 22187.24526 24405.53133 23466.25727 21893.67981 21748.27146 20053.59249 21603.95963 24020.88851 22044.91692 19554.87318 19729.5212 17636.54106 18179.89749 10773.35859 13202.01256 10469.07573 7177.784367 2539.123365 0 0 0 0 0 0 0 
0 0 0 0 0 0 0 2532.481077 6722.673056 9500.303134 11648.96231 13696.83417 17060.39704 19875.55243 19547.67928 20382.15008 22042.7478 22622.58166 23333.41502 21603.88132 22760.72685 22032.27422 22622.50181 23334.64774 21592.73328 22627.94098 23195.62337 23335.72704 22624.55751 22033.68173 22480.67357 21466.08529 22903.6503 23191.41742 21753.76549 24165.85955 19546.05621 21443.21565 20837.42481 21302.92088 22766.4775 22046.65578 21606.15191 19713.55996 22349.56491 24673.51593 21738.70775 24011.16862 21298.02236 23606.36111 22783.39098 23882.48457 24288.38015 21159.26716 20363.15421 23036.00869 21293.56895 24017.29036 23053.73686 22343.85738 22177.00516 20993.33152 22464.06613 23476.44809 22750.77522 23476.41772 22050.25145 22761.96365 23480.15799 20210.57984 23758.54093 24549.2934 23046.52436 21612.67177 23337.96065 24026.60241 20351.4933 21146.95519 23197.44478 22908.53825 22333.3747 21306.73928 22917.57308 22200.3287 22196.56151 22487.10271 20205.24411 19550.87726 20534.55737 20370.23803 22208.56885 23734.19412 22184.82618 22626.97244 20370.86003 22213.36665 21892.69736 22327.81968 23747.46386 21745.23701 19209.78066 21741.37534 23603.41945 23465.27936 23043.47689 21456.36026 21301.81117 21903.76599 20985.78089 22190.66849 22625.80604 18882.21414 21294.86016 19221.19114 18014.40014 17258.53737 13222.82344 12953.15871 10473.87195 6717.304693 0 0 0 0 0 0 0 0 
0 0 0 0 0 0 0 2539.584617 6211.772915 9839.824394 13690.90951 14825.8546 15250.29473 20350.45362 19888.8657 20362.33292 25208.81467 24413.6961 21299.94636 24407.28681 21598.0729 21898.34409 23336.04355 23473.76067 24131.43675 20210.38049 22355.79108 22775.05549 22051.06748 22337.25553 23062.30513 22773.92266 22483.72159 24282.24834 23046.35796 23331.34709 22058.47187 21133.93565 25325.73937 21011.51268 23202.36994 22040.2684 21140.39786 22040.42354 24166.38628 21295.8002 23331.42323 22214.74452 23485.71449 23752.71225 24937.60209 22623.26098 25326.73089 23743.32128 21298.87265 24004.65387 21762.87919 21308.00814 20356.86903 24691.00717 22908.37767 21894.85021 23054.66543 24816.98646 23888.40449 21142.17547 24412.68713 20520.19719 22038.03691 21003.40109 21912.41792 22349.72214 21893.91991 25459.52249 21155.3717 23201.50194 20529.82835 23063.19399 22629.14011 22484.78627 22344.37507 23188.26021 22469.6334 22338.01678 23048.2597 20840.5817 22760.40142 23748.43905 20364.2538 20690.61724 20355.84406 23469.47975 22332.04646 20839.71303 21444.79522 23191.76607 19206.03393 22184.25333 20984.49707 22623.47612 23336.26104 19222.23727 22048.03859 23606.79655 24296.54203 23171.01058 22194.89876 22064.59776 23870.51449 23045.83762 20836.10702 21442.14104 20830.37552 18359.98451 17824.53528 16489.97372 14380.37663 13448.09088 8425.870764 5080.915712 0 0 0 0 0 0 0 0 
0 0 0 0 0 0 0 0 5664.495655 12705.85098 13441.83785 14612.20053 15048.45362 18350.97431 19544.83782 21449.46868 19564.46686 20213.1339 21446.29455 23875.73623 22341.8443 21454.40109 20040.78489 22901.84101 23742.87025 23055.6896 24943.30108 23057.33521 20988.27961 20494.82376 20523.59013 22473.98317 21598.81792 21892.93002 24809.54532 22337.53143 23191.36492 21143.20871 23875.61408 22771.18591 19548.99932 21446.4466 23062.26021 20836.28573 21888.93663 22618.36269 22486.21197 26817.38325 19879.56344 23466.29105 23881.29155 22913.21746 21281.21926 22904.16129 21454.79423 21592.06801 21606.29421 22197.85344 22631.19431 24678.77504 23186.22966 23196.75373 23060.02173 20982.81059 23044.02928 23616.4974 21150.79215 22893.43423 24012.40293 22202.0243 22330.48183 21000.03923 23049.74466 23996.99075 21289.85464 22050.07063 22913.55249 22898.86203 21761.03731 24814.8404 22339.9406 22642.68864 23613.08122 22032.29716 22188.39362 22930.96825 21592.43565 20673.28902 23201.42553 24542.21461 22765.26708 20049.14271 19717.41793 20350.35555 20680.10095 24143.12595 23479.4179 21736.02208 22476.32227 22477.94867 23044.468 23202.01573 23195.64638 24027.20301 23194.35154 22903.65973 24412.42599 19216.0715 22184.77693 22771.2856 22623.37367 22610.81227 22904.69413 21740.97231 19231.16169 14838.06135 14161.60413 13684.00937 11360.49783 6222.601617 0 0 0 0 0 0 0 0 
0 0 0 0 0 0 0 0 6737.398317 13922.27062 12973.24631 15878.4678 16292.16155 19708.16678 17817.85564 20680.67515 21443.52704 24404.00146 22468.48859 23462.75066 21144.33845 22914.64405 20981.17461 23336.09924 21151.70057 21008.00087 21760.80896 21441.86172 24693.38358 23988.71667 22489.99303 22912.27647 23467.99323 23181.09154 23194.72771 23337.20402 21145.29076 22898.74007 24157.32923 20208.29217 20533.3538 21882.04952 23193.34434 20517.99028 21300.63614 22346.5848 21448.42744 22761.51078 20681.49886 24551.36949 23605.40514 21896.54575 22775.05414 22198.91219 23747.80862 22204.46161 20988.90041 23196.35449 22625.9025 23590.26595 24552.50735 19552.09526 22767.10284 22060.81553 24284.00061 21288.49631 21447.68052 21449.37845 23185.39463 20995.25467 22913.3864 19886.59627 20829.77213 20990.00808 24666.87238 21603.69176 19877.41141 21299.63128 22915.77206 21443.40649 23471.90096 20205.88047 24140.20118 23741.89776 22195.96666 22041.68389 23051.32759 22483.95361 23327.25268 22769.20316 21740.73319 24281.20853 21581.40685 21436.55195 23187.19676 25447.09864 24144.03219 20829.74868 24812.40333 21448.88935 22326.58853 21595.1162 24420.25412 23735.24195 20526.05971 23480.2567 22483.74285 22906.72774 23047.5328 22627.5194 22190.20606 25070.57491 21743.82844 20524.68447 19219.11061 17987.75877 14393.13613 12712.16071 9165.407702 6214.532679 0 0 0 0 0 0 0 0 
0 0 0 0 0 0 0 0 6718.024588 13926.34578 11653.95226 15462.05066 15888.74719 18182.48329 19055.82653 20531.82831 21440.25299 21892.06085 22053.08136 22477.95546 25195.29441 22905.41943 22320.98358 22633.92253 23898.84447 21140.65005 22773.38834 20514.15961 24005.77581 22627.61509 22338.5796 23192.01224 23607.76614 22185.32292 20526.51748 22035.83153 22480.76588 23329.88725 23747.51183 23606.31392 21462.09043 20841.05567 23190.98562 21587.2769 23186.14653 21461.9813 22039.44428 20988.33586 23327.79557 20836.10536 22755.36005 23197.26758 24135.21602 23606.56 25068.58801 23322.50516 22350.57429 21752.44384 22907.37472 21140.4876 23317.89066 21291.37107 22758.06042 22336.42375 22185.12446 22772.47208 19870.954 21741.73117 22767.94557 22473.81414 21434.00122 23339.00967 23326.87335 21761.86537 23730.50892 22189.33564 23046.89908 21588.21528 22206.36515 21154.96599 21297.01432 21888.86022 23031.98098 20986.18762 22042.96792 17833.22002 21138.79255 21757.30079 22046.28998 22481.37594 23615.7451 20208.52334 20674.95822 21456.9396 23875.06192 20043.16298 23332.55006 23199.83012 22335.96768 21580.42364 22181.52515 22618.98091 23730.77652 23339.25662 22033.07533 23334.11104 21901.59698 23028.60278 22906.02703 23723.9362 24544.15126 21602.9449 21301.23745 19381.22752 17634.07149 15673.68974 15032.72478 10782.42161 8426.705943 7166.382069 0 0 0 0 0 0 0 0 
0 0 0 0 0 0 0 0 5664.950866 9497.250403 11655.72439 15688.02068 17252.5231 19036.87797 17422.17301 20978.41925 22035.95384 24680.76977 20043.63503 22899.61077 21465.66069 23467.44425 20666.40893 22496.5412 23048.33415 22479.50551 21304.65243 24558.73054 21748.23921 23331.69437 21756.20392 21606.04909 23467.21332 24548.07441 20686.11635 20362.19663 22625.35338 22044.89408 21743.67475 22892.33597 24544.69184 23174.09086 23050.94803 22621.67106 24143.13557 20984.68088 23608.44688 21304.1209 23606.72366 24281.06646 23334.28427 21890.06013 22194.62741 20514.39915 21307.28774 22614.89755 21598.3486 23051.80555 22910.67013 20672.81994 23059.13703 21290.4689 22060.1647 20520.67702 19558.4878 22481.52977 21441.61115 21902.09853 22752.46903 20997.07575 20364.6228 22768.10507 22189.41942 23331.36769 22480.71289 18697.57036 21141.35562 20839.54803 22907.1778 20362.52201 21148.36979 21454.75559 21452.2811 25716.37261 19710.91629 23324.03604 22338.69233 22189.90894 22180.32028 22639.37095 22186.66572 21598.37633 24137.91152 22326.13153 22055.25855 22027.70302 23473.40939 22620.58201 20680.1615 23337.52448 22473.26298 22187.73151 22909.28918 22190.447 21606.20359 21297.25648 21740.92771 24535.119 22183.1885 22626.69409 23319.38535 23049.47923 19874.85947 20516.69759 20370.98238 14169.96762 14614.07768 12967.45441 8033.907064 5076.874836 0 0 0 0 0 0 0 0 
0 0 0 0 0 0 0 0 7610.878861 8806.854895 11641.47365 13455.56336 15050.28407 17626.2797 18700.69048 22325.33397 24009.77363 23043.12457 21910.04011 22345.15158 24681.14046 20830.28273 22331.4763 22042.69196 23067.08611 22331.22675 23318.00312 22322.33703 23604.7417 21432.1507 21291.52399 21451.36259 23875.92437 23460.58303 24419.07479 21752.11213 20834.53513 23459.64226 21140.78468 22318.48399 21450.95605 21155.84067 21741.98635 22043.69467 22178.61466 23324.58001 23047.19875 20201.57779 24015.67677 23046.69627 21458.97158 22478.95133 22910.60767 22479.52455 23756.44822 20990.8103 21754.12653 21450.92353 22184.30713 20680.7214 22185.58842 23040.0846 22328.05065 24138.16821 22760.92199 23046.26827 23454.42175 24278.97654 22903.36404 19713.05906 23199.93163 22031.11596 22488.59344 21300.74318 21887.99342 22614.2329 22042.305 22466.16795 22330.36019 21159.9339 21437.50432 22642.06932 22185.19124 22916.5432 21896.02142 24537.31673 24010.21278 22187.01791 22910.59802 20834.89792 20993.88757 21291.61068 22910.75833 21883.77644 21613.96777 22032.47534 22039.06312 21603.22503 22902.58443 21588.78671 21148.65275 21751.59081 22177.46072 20503.83191 24935.60347 23469.228 23740.80271 23741.42277 23879.60851 20842.71962 22054.04319 22193.59472 23477.37513 19725.00305 17059.71729 17059.40796 13679.64216 14377.72797 10149.57765 5687.780406 0 0 0 0 0 0 0 0 
0 0 0 0 0 0 0 0 4386.721111 8021.977185 11378.27366 15452.67219 18333.90241 17636.81527 19719.06722 21453.44695 22911.53074 22471.12764 23055.13399 21142.34232 19389.88582 23338.75079 21893.04222 23757.84948 23732.8284 23184.58283 23869.95524 23871.57943 21147.62215 22040.72388 22913.14101 20357.35329 21592.85009 23879.0169 25706.34088 21754.5639 22909.94312 22472.81294 21748.60556 21756.60303 21455.86229 21748.20684 20836.87926 21131.57511 22772.67355 21894.65989 23037.25038 22049.2345 21905.50312 22902.57598 20674.84288 22621.13037 21750.11682 23860.47247 22041.35888 24541.37 23876.96433 21292.8731 22760.24863 21894.01443 24538.24735 21143.19052 22190.41685 21890.94997 24796.58974 19704.57622 22614.02704 25067.59052 22040.75897 21433.20387 23612.06029 20043.48728 23609.25846 22032.43483 22189.53206 23468.92661 24417.0477 19200.03641 22331.61089 25953.2429 23615.25228 22770.44975 20510.20196 21591.46817 22335.61923 22041.30919 23598.95673 22315.07386 23732.30028 20360.84092 22614.24158 24017.69732 22891.74654 21292.64441 23190.99759 20355.57917 22765.86713 22037.67506 23184.84939 22919.49234 21135.48473 22754.86885 21431.89524 20524.25461 19717.23712 22613.75771 22760.91044 23870.30119 24001.31151 21146.83506 21892.29959 22903.88712 20518.74446 20368.09658 18175.52708 16092.0011 11358.41173 11086.88372 9844.33784 5077.079181 0 0 0 0 0 0 0 0 
0 0 0 0 0 0 0 0 5659.786849 8428.101147 10172.0747 12476.35499 16279.63757 17626.44938 17266.62313 23876.7394 21277.79438 20523.08188 22202.59431 21742.09593 22901.88824 21888.20985 23188.45584 24272.6059 21593.02738 20976.22162 22193.47305 22627.49168 21147.43834 23740.50219 24017.56132 23185.73803 22914.42244 23615.07379 22320.53355 22612.77679 21443.26254 20194.81257 20661.41774 21762.44917 22192.08287 23185.03678 20666.29068 24286.02956 21581.115 23321.8818 20197.7804 23479.00493 20842.27198 20668.49489 21736.55773 21914.14916 22906.78307 19209.81788 22894.01366 18714.10077 20842.37395 20669.39834 21733.31716 21886.30779 21145.93813 21743.37112 23462.11073 21892.1425 22329.40558 23029.26013 22199.07135 22031.2803 23315.93159 21592.59056 20825.50245 23329.59628 21457.90988 20671.04654 22748.77392 20191.36329 24544.83842 22622.90428 20674.40745 20519.14099 22482.25303 21437.81646 22045.77302 22769.55357 22479.28937 19733.9372 20201.59999 23329.49969 21744.04993 22330.61451 21890.02082 22179.24285 21890.7932 20198.91091 22902.87508 19550.72137 21146.77581 22912.3161 22186.19822 23465.28469 22029.29005 20990.00258 21288.81761 24523.80385 21590.12095 24012.05407 21743.01866 22313.16902 22904.3253 21892.74219 24550.21474 21581.14754 20987.8122 19216.59164 18520.65815 15052.10767 13919.97227 12706.66371 8425.00222 4398.256938 0 0 0 0 0 0 0 0 
0 0 0 0 0 0 0 0 7184.399291 10143.28761 9515.404231 14377.08381 17452.27857 18864.7864 21147.3679 20366.62755 22196.58501 21594.5048 23182.67336 21747.62899 22045.49425 22899.95615 23458.48994 22766.45048 21897.34949 22900.7796 23461.8436 20355.68887 25446.82266 21436.71994 20197.4708 20201.09183 22902.49652 22038.29937 21439.69857 22619.51884 22041.48346 24650.23333 21143.26028 22615.7498 22613.80046 23183.35417 22913.28032 20977.62687 22618.76998 18528.70833 20661.89589 21763.87703 22187.03211 21906.88999 22052.73969 21734.87456 22761.08532 25184.53268 21305.4422 20978.81882 21593.48572 22756.3239 23325.56824 21145.54811 22193.13413 22326.89281 18884.60022 20981.50546 23058.66032 21141.78541 21596.12983 19884.75372 22770.03429 22629.87795 19213.88223 19553.08725 21128.84023 24010.45264 23598.23675 23313.59896 20803.46428 25186.88597 22751.00354 24407.56694 22774.63119 22910.12613 24811.46388 21138.50091 21444.23797 22333.23687 21448.0325 21302.04075 20358.87001 22198.06065 19888.91211 22897.80999 21147.04658 22036.21913 22617.98347 22194.33852 20202.43641 22182.88715 22029.48508 21892.78149 21591.94367 24546.70251 21737.63802 23878.81244 23196.8948 23048.96464 21147.24388 22906.15057 22186.24006 23453.28393 23184.35675 21134.9518 20688.93727 20504.18907 16292.8392 14147.44814 13694.58893 12722.88469 8796.70489 6227.450005 0 0 0 0 0 0 0 0 
0 0 0 0 0 0 0 0 5070.268405 9489.862661 10473.52805 14822.40526 15258.46618 19375.99072 19205.10257 20050.55199 19554.88733 20661.16094 22323.64723 20502.50232 23452.88018 22177.62491 23179.46657 23738.80372 24803.5238 21152.28866 21577.29468 21588.07154 22315.67245 21141.27041 22346.80814 23036.7409 21890.61824 21899.36337 22896.35682 23447.00973 24293.4527 23596.31109 22892.71747 20683.13794 21587.61076 22635.0927 22611.01423 22333.63153 24933.59132 22060.24389 18179.11871 20974.61136 22772.25189 20364.7416 23189.42443 23330.00292 23741.57919 23999.78395 21432.71859 22169.55694 21898.82474 21451.44373 21744.784 20369.07136 22474.04873 20205.34509 20054.9805 23999.21195 22773.73524 24278.49935 20980.21235 23043.1956 24149.30852 23736.40118 22618.03197 23612.06005 20830.31092 23041.1508 21447.55718 22899.74443 21600.96202 21594.73793 22895.1776 20846.67461 21750.23892 21133.17521 16875.21494 21737.15138 23873.06397 24146.34501 21736.4145 21896.17767 23740.79001 23328.84881 21297.55739 22049.13635 21439.93125 22754.90646 24005.30506 22750.51392 20678.35651 23331.27709 22032.61541 22614.39378 21453.98034 24140.81599 23875.52535 21894.13387 22178.55507 23038.69247 23596.81151 22757.65188 23044.99335 22037.90979 21580.87525 23187.79273 21283.66863 21899.6893 15049.58159 16866.99835 18151.49855 12177.29508 11077.25206 5664.302627 0 0 0 0 0 0 0 0 
0 0 0 0 0 0 0 0 5089.93166 12449.06023 11088.19452 14167.79908 15482.46546 18701.22248 19707.74184 22628.16386 23313.87469 24654.84981 23730.3809 23735.32155 25312.54559 19880.97823 22906.25927 19542.39111 22615.78088 25209.00205 21152.20403 18868.56368 21578.77028 19877.97876 23037.09077 22032.77939 25074.91865 22327.85734 24010.1361 21742.22741 20351.12209 22915.26885 21893.89809 22186.35263 20832.2453 22756.36927 22329.24513 23178.36057 22192.06133 22750.85615 22029.34944 19541.53142 20978.67105 24131.18016 20838.40672 21296.47107 22185.06405 21594.32318 22161.78438 20190.29915 23455.21848 21755.79954 22316.66598 20822.57433 23184.16628 23452.67721 24019.51645 22184.57282 21886.51241 22602.21574 22905.10642 21593.70524 22619.27283 24677.55865 22759.21142 22894.60819 20985.78893 23464.14534 22337.49535 20361.17023 22902.93477 21283.97224 23181.2784 20985.9916 20494.56589 23043.79819 21445.6675 22330.06914 22183.39587 20201.38976 22908.22642 21597.79641 21432.74747 20361.32699 19378.15625 21586.2329 23047.32482 22187.34125 22771.82672 20504.13108 27157.23243 24002.94242 20988.18106 24527.84629 20026.93162 22337.98551 22882.95951 24660.95913 22468.12241 20192.51359 21889.2167 23190.449 22606.30925 21606.90369 20825.44842 19202.05392 22329.25909 19888.64194 19377.99507 14830.00987 15035.03033 8806.555034 10475.24438 4402.469488 0 0 0 0 0 0 0 0 
0 0 0 0 0 0 0 0 6708.134537 10765.65467 13452.11031 13453.5458 15264.11688 20678.34868 18178.59681 22745.20052 23748.07554 23051.14143 24800.73133 21135.08391 22193.75824 22480.20434 22178.95162 20036.8595 20511.88245 20680.56822 23604.33857 23177.1196 21303.94428 20663.027 24262.47874 22756.00435 22469.91053 22765.69877 19719.76942 23326.08307 21731.07058 22601.40595 22478.76109 22909.23118 18872.50645 21288.75438 21583.58608 20819.1923 25054.36966 21294.65494 22182.66329 22473.01695 21294.70924 24001.64518 23734.47652 25832.20823 22476.75983 21898.06237 23178.99208 22906.61904 23041.69122 23170.35574 20206.0401 20379.59764 24555.39069 22901.16824 21898.45896 20348.77534 22033.99464 22185.95467 22603.91324 22777.09403 22184.5698 22472.07717 20524.75913 23600.93038 22462.86434 23455.1308 25586.34253 22897.989 21724.73444 21279.35886 21744.02333 23322.23775 22896.54907 21750.94192 20043.5676 22031.97766 22467.07802 21598.41993 21419.25125 22188.12636 22323.03793 22761.7775 21896.60276 24664.63691 20992.71567 22896.8121 23171.85548 21429.18026 23052.67172 20358.55411 22325.66945 21884.19828 22181.13766 22016.27632 23479.31869 24008.49921 22891.5172 22884.4864 23607.49445 23322.78654 23739.51408 21874.44246 23172.93694 20666.14768 23184.17622 18698.56183 17621.88906 18166.31532 11919.7514 12678.4751 11904.33019 3582.326718 0 0 0 0 0 0 0 0 
0 0 0 0 0 0 0 0 3594.880432 9508.045257 13202.86716 16491.39454 18516.26305 17994.38748 17630.45814 21291.76404 21138.99813 22895.26914 22909.20089 22198.10652 21738.38075 19692.90072 24416.83579 20828.25462 24014.46492 21732.41876 24131.95651 20355.98757 23587.10927 22033.19416 20979.17913 23050.55845 22758.69482 23861.79468 21578.25161 22908.08019 21883.02344 23601.71689 23181.20851 22328.5852 23724.33638 22479.21513 21745.40508 23862.8484 19541.15249 20688.07747 22042.03014 24529.57221 22764.53417 21131.69534 20341.02314 22176.9623 22608.05122 21599.08448 20977.9101 24804.66934 21435.22696 20967.4484 23879.25197 24692.72346 22331.51048 23182.09596 21735.52576 23031.99052 22033.61938 21136.24728 21126.89376 23599.25631 21883.69222 20535.37184 19224.40374 24393.38344 22479.03112 21447.34003 22324.07696 22616.49025 21294.22132 24135.59672 21733.5912 24671.63091 22027.12969 20509.59278 22761.90375 20814.26039 20346.82883 24547.65404 21132.96003 23031.35102 20813.19467 20360.42639 22343.90327 21455.22339 23335.18852 22023.30498 23324.04751 21452.98994 23044.41459 24809.43135 23320.66956 23467.94691 23035.3225 22484.57514 21879.5519 21278.30549 23589.03739 23046.26354 22166.89234 24659.36182 21737.06184 20972.08932 23311.91676 20831.27682 21127.87034 20341.39714 18353.64749 16463.56914 13676.36344 13214.05744 8414.269474 7182.606543 0 0 0 0 0 0 0 0 
0 0 0 0 0 0 0 0 3580.052462 9491.712592 10484.2523 14607.07827 12707.73219 18677.42076 19687.50366 21291.41144 20498.8286 23728.23844 23872.40379 22051.38032 22761.67141 24396.94743 20509.41945 22761.29091 22899.11383 21594.83881 23032.5831 21753.82478 23039.27483 23320.32979 23318.92454 23024.51415 23043.6078 18693.21168 21585.1462 23311.3498 20670.4078 22752.60283 22179.52703 23317.43046 21881.53136 22323.66684 23027.65401 22318.0279 22765.1783 21134.27711 21591.05802 22170.4377 22046.85603 23604.60453 20831.82954 24405.15747 23191.29998 22618.78781 22467.63282 20997.56914 22480.67272 22032.34314 21288.34235 23048.56637 22451.00001 20829.10136 21581.72976 22480.46258 22313.96431 23450.12936 23988.27364 21586.36224 21881.28249 23182.36613 24001.47278 20984.57866 22741.10428 21444.58641 23456.77347 20214.45855 22036.14818 22752.57446 20994.37779 22187.8107 22330.569 22758.73051 22898.30293 23728.87968 23317.52153 23328.53051 21286.07482 23182.08378 22321.81794 20836.98753 22163.90462 21903.85344 20512.32915 24407.43774 21903.28951 21437.55615 22065.03561 22181.96909 22192.12064 22319.89422 21431.27957 21741.42446 23194.30245 20037.99446 18519.07541 22164.66828 24000.35964 22045.00474 21285.89094 23309.65875 22173.97298 24275.3867 18859.36566 21440.03202 18163.89062 17420.92054 15028.87042 13452.43768 12949.31087 7157.472489 0 0 0 0 0 0 0 0 
0 0 0 0 0 0 0 0 6710.392324 9501.824192 13919.02617 14802.892 16852.46277 15667.28849 22041.05262 19047.02686 21416.83847 22475.74203 22902.2704 20989.2888 24796.7578 22165.37891 22039.96729 24011.96696 21284.53977 22477.45013 20986.76169 21575.21173 20842.34693 22761.20445 19210.2898 22615.59063 22462.72052 19197.31627 21295.34399 19868.89433 23452.56241 21891.28017 21755.57887 22763.47827 21869.05863 22175.84352 21139.97902 23020.30951 23324.98544 20354.36351 19029.19815 22329.38819 20834.35478 20348.6078 22890.33912 22625.87251 23321.03758 23454.298 21286.48001 23453.35514 20662.32946 22333.8588 22031.8221 23593.60496 25300.83406 22024.76605 25313.95472 21429.84101 24005.38097 22326.74209 20190.68766 21295.07107 21745.95175 22035.30301 21725.28491 21728.82555 20998.24625 22165.87335 23181.26995 21736.07028 20197.75618 22623.53769 22621.21473 21893.31128 23448.77051 22768.04703 23733.27334 23746.74768 21441.01473 21284.94466 22745.26068 22323.88311 22177.18757 22313.92031 22765.92201 21891.40078 22460.36452 22032.64312 22895.48827 22731.49423 20672.36409 22326.77355 22316.40183 19881.68272 21739.50566 20512.393 23585.13956 22460.15891 22610.36408 23043.34209 22176.40406 22488.76052 22316.8891 23592.57636 23187.97817 22754.3198 19551.32629 18674.23182 18357.40333 17053.12843 15241.62386 11626.0171 10774.87343 5669.586217 0 0 0 0 0 0 0 0 
0 0 0 0 0 0 0 0 6221.482895 9508.276845 11063.29389 14830.58787 14182.43327 18689.26513 20189.23597 19364.47668 21741.64453 21144.33317 24271.89339 24391.02336 22756.2684 23320.61207 22331.80776 24923.42654 21283.03672 23165.87204 21274.3807 21577.45369 21296.13475 21738.43005 25189.43867 21263.39837 23997.00996 20505.28877 23591.59897 22470.60325 22472.6926 22614.27675 22457.69773 20504.96526 19693.07206 19212.0105 22477.27314 22177.99147 22465.9871 23861.31169 18693.43174 23879.88398 21300.59584 21446.16246 21445.68622 25304.36872 22603.06793 21420.3954 19396.2928 24273.30048 23598.45335 23869.21279 24000.93962 22471.65624 22334.40951 21898.54162 22612.36708 23591.88346 21440.10829 23049.35399 24136.87282 20979.70604 22901.63194 22867.00026 23720.28849 20353.88674 23732.9645 21446.82923 22455.66295 22897.87458 23728.68671 22167.28496 23182.31415 21733.44725 21583.5868 22605.31545 21438.33755 20189.33842 21291.82177 22911.7545 22470.78928 22888.87275 20200.34348 23604.43573 24134.07375 23597.26713 21428.97951 21274.5237 24648.56073 23317.87892 23309.68471 22613.68283 20982.79043 23598.62092 22344.5525 22610.94502 23315.18736 24265.24666 23326.98293 21881.25048 21876.37029 21886.69586 21138.04532 22756.52049 21739.74856 22754.57005 21433.46016 19697.25796 19361.81773 16481.61357 17224.37773 14599.52465 11644.89639 6208.929739 0 0 0 0 0 0 0 0 
0 0 0 0 0 0 0 2537.347164 7602.872094 8791.445529 10780.07906 15882.62377 18337.28303 17627.11879 19869.15302 20027.90126 22477.81674 21291.46647 20504.47678 19037.59332 24285.8985 20649.54646 22163.37068 22746.87291 23988.73108 20018.86238 23030.49943 22313.51005 20983.13403 21270.36404 21881.31088 19851.41303 23451.84133 21738.32791 23318.69545 21581.29507 22323.45229 23320.54481 21308.83392 23728.07362 24915.56469 21430.99683 21128.52392 22171.11665 22453.07158 22305.82246 22465.22962 21578.13234 20957.90107 21425.9501 19866.34995 22189.67218 23297.96846 23044.67644 22878.22777 24265.67346 21746.21661 23182.83671 22911.14944 22323.65666 22161.02538 21888.76075 21874.61987 21580.58672 24138.25028 21271.09059 22303.04449 22896.37917 22010.30282 20981.41184 20815.3774 21735.33082 19036.64983 22181.72669 21734.69867 22027.13854 22024.64871 22618.66099 22754.69247 25563.79844 22038.88269 22181.77176 20521.03836 21449.95484 20844.47732 19048.52372 22178.15979 18682.76123 21900.04048 21130.41484 24139.19265 22469.10242 22887.93283 19533.18498 23047.04179 21733.63154 23458.29456 21736.27202 22461.05663 20991.10857 20350.16162 22883.63985 22899.55222 23578.54957 22035.73371 22764.07683 23021.72909 22468.12717 22603.6865 22016.35577 21111.95016 21436.71429 20816.47396 17450.15792 18169.60199 14835.53735 15885.56811 11906.80013 10770.32492 8786.415768 0 0 0 0 0 0 0 0 
0 0 0 0 0 0 0 0 5653.55261 10154.35069 12445.22562 14154.4475 18848.11021 18855.76356 19716.94142 19552.55646 23464.61501 24142.91042 23990.99763 24386.31292 22619.2624 21577.60325 22455.5822 22601.48506 22175.58552 19385.55799 19540.67281 24798.17054 20973.14723 22323.95636 20982.68715 22735.22103 22742.46838 20813.09686 21288.23307 25178.75601 19730.69978 21882.09288 21723.19027 21882.28367 22172.95351 22754.58307 21450.82612 22497.85357 21747.36314 22603.57333 23316.85402 23032.10122 22613.64159 22024.67643 20341.13948 23861.51526 22604.4987 23592.73395 21724.3051 23319.63639 21895.87079 23043.12811 21117.6411 21586.42376 24522.78246 23189.1151 23586.35356 21882.15447 25041.58695 24154.07341 24399.60484 21283.43898 20980.39997 20188.76284 22624.81007 23997.30807 20967.33722 23026.88143 22467.39729 24923.90186 22592.56072 20371.70635 21896.24586 20012.69369 23450.6341 21110.89254 23045.12298 23438.60705 24134.57641 20660.23198 23179.8854 21591.6951 24273.34077 21437.90174 23744.73439 23167.50057 19551.19631 20661.98169 22037.01655 23870.0229 22459.42065 23456.7814 24907.22636 23455.04346 21730.19406 23862.71062 21890.49362 19870.08304 22614.01209 22753.30513 21721.14205 23034.534 20979.13896 24665.78101 23319.20319 19868.97034 20346.55957 17066.86308 17795.06174 17056.29886 15467.38368 12437.12411 11340.70737 8030.530599 0 0 0 0 0 0 0 0 
0 0 0 0 0 0 0 0 6210.454542 8780.982876 11361.57409 15869.30201 17439.15007 17612.93594 19198.83233 22466.62761 24123.11419 22321.09642 19036.32393 21872.90915 21725.27423 24126.58389 19685.79861 21135.13661 23018.85369 23043.64496 24809.80679 23589.01768 21878.76545 22870.47238 20820.07072 19198.01811 22180.84515 22476.81739 20193.13723 21727.86643 21740.51049 22770.13618 23869.97081 20805.7213 23306.40177 22040.95491 23323.955 21876.01968 21586.40913 21589.77081 22455.25403 22609.50269 20828.70018 23724.33954 24136.97284 22606.01836 23730.14136 22461.59872 22885.11058 21888.01137 23456.04625 23048.62298 23162.34493 21126.86502 24540.43646 21427.27275 22172.9596 21285.42655 21572.24456 20175.61804 23579.37264 24532.60879 22166.59495 21881.70604 22751.03061 20975.55558 22627.3904 20373.23502 23009.2967 21281.59869 23856.45834 21590.41369 23993.83644 20815.59008 21886.96688 22469.87259 20665.60734 23436.34992 22746.98645 22753.19417 21871.37364 20355.11511 22444.35446 22185.67696 22743.13586 22899.12655 22612.88185 22342.98004 24800.89082 19679.33576 24521.6828 23720.83236 21138.9061 23167.94375 23037.70864 23569.9731 22175.0518 24394.71108 24278.35396 19044.95824 22323.29714 19206.6704 20980.69762 21714.5481 23723.3182 22182.19566 22180.07761 18525.45716 17430.38256 16679.43274 15252.74565 12680.72419 8424.399828 4377.387325 0 0 0 0 0 0 0 0 
0 0 0 0 0 0 0 3601.328617 6212.159256 9827.561617 10776.05095 13215.19642 16872.27667 17243.97467 18877.19395 23992.84984 21116.07674 22607.40529 20960.55149 20185.75444 21731.56725 22900.21222 22033.34246 22595.70548 21435.12354 23723.11393 22461.15477 22742.30954 23020.36964 23573.50016 23168.67978 20347.79694 21420.0949 24647.9793 21565.63001 23710.05826 22330.79837 21729.47141 21595.22715 22589.57031 21434.5755 23036.09797 22187.73723 23150.26548 20510.90905 22613.94083 21885.89422 23312.0556 22165.29301 23460.71605 22017.23344 20975.66087 21735.77583 20345.18902 23453.80716 24132.34769 22740.25943 19036.63009 21122.00616 23043.95911 23322.1619 20655.77626 21107.24515 24268.98557 24380.53094 22039.11145 22608.10767 22606.41027 23170.41861 21869.7619 20192.0732 21874.20148 17987.69663 23440.90999 24141.53383 20513.75782 24651.71228 21868.80885 22314.671 22021.96002 19359.52338 22041.10958 22891.20671 21876.33233 25950.13484 22448.79614 23733.51445 23456.53504 24648.08756 21573.57458 22598.25269 22745.81551 20829.986 22911.24231 23712.17584 22030.11643 20656.68573 20012.54607 22450.70886 23851.35179 20984.32147 22019.9156 21288.15429 19705.16024 25319.48307 22622.15218 22178.62502 22333.65257 22614.11825 19716.98892 22319.22881 23459.94913 20495.62742 19193.76635 18864.63894 16483.66039 13915.95584 10782.37069 9493.833358 6215.713858 0 0 0 0 0 0 0 0 
0 0 0 0 0 0 0 2538.38008 7166.027148 12173.50872 13452.45195 15454.62721 16277.59039 19548.83036 20831.96573 21274.29019 22748.12146 20830.75703 20814.70083 21719.51432 20039.36561 22026.91826 23581.96255 22599.05224 21441.85046 22040.07807 20972.5117 23305.01798 21428.66284 23187.81871 21443.65324 23595.0113 24657.38089 22034.92645 21426.98756 23585.41483 24258.89698 21738.20792 22158.57264 23963.79221 21878.07352 22607.98945 23325.39692 22599.7856 21430.52749 21874.83447 22892.2618 21574.58579 21594.3318 22325.13335 22905.68958 22604.90054 23328.61454 22311.54214 21732.81277 23591.05702 22161.0154 17801.11439 22168.52917 20024.56294 22873.44446 20518.96985 20663.09188 20650.13137 22454.8521 20816.19015 24129.72271 23844.24141 21138.14444 24417.02673 19706.25934 22746.13883 22176.14673 22459.08571 23589.95036 24782.71766 23311.31135 20514.88199 22459.73146 20499.07538 23846.65182 21426.64436 21572.81884 20341.58249 20973.37463 21573.05181 22609.07997 22179.1367 22029.66605 23030.37869 19203.68812 25046.2782 22179.03121 23720.44929 23300.68135 22184.01304 22020.7335 23578.17156 23301.59253 22893.43794 22451.70187 22007.7875 22318.3407 23459.39401 21144.81682 22168.81046 22895.0178 23999.07817 24146.59335 22466.60107 22753.7894 23014.98589 22161.0478 18510.54413 19380.71283 17414.06537 16077.12594 13663.38045 11329.51239 6712.716922 0 0 0 0 0 0 0 0 
0 0 0 0 0 0 0 0 6221.493786 9495.918293 10774.16767 13917.50152 15689.35875 20677.37819 17615.12429 19204.0974 21577.34116 22149.16366 23726.8853 22464.98033 22464.54075 23589.78892 23978.03941 24509.81811 22594.42258 23045.08899 23866.13624 22029.20504 22463.93378 22012.50503 19211.21916 23879.60337 17612.59263 22303.90896 22027.0245 21869.69327 23287.35652 21435.82548 24115.43585 23873.11846 21720.62214 22460.67808 23978.47693 21555.75975 22028.87325 21586.25768 19855.25104 21284.29539 19864.29249 22875.4156 22174.29703 21437.62264 22462.87768 23597.50363 21282.47069 23165.17108 23452.01098 22321.86362 22879.93814 23575.75115 23599.5876 21435.68223 21549.37723 20341.50743 23184.84899 21877.4827 20668.99706 22907.83662 23030.74119 20188.28817 20980.74124 22748.07761 23298.13756 24513.10263 20659.69443 23306.50458 22448.56413 19380.80183 24786.30678 20198.00071 22742.92171 22027.77347 23309.66551 20657.84805 21734.21179 24382.05347 20805.61498 21420.61164 21732.11974 21884.15491 22294.50631 21727.30173 24783.94117 22313.93714 23716.04002 23179.05025 21579.4101 22463.5878 23441.19296 23033.94254 21888.51037 21423.96539 21722.3107 23169.3225 22608.26299 22317.55484 22458.38347 21269.31386 22616.01147 22448.88717 23458.6132 21588.33578 21133.85867 22172.10423 16479.97382 14807.18634 16462.93635 12444.50897 9497.879695 4406.645603 0 0 0 0 0 0 0 0 
0 0 0 0 0 0 0 2519.68093 4388.209736 9152.725189 11888.27317 15444.34718 15440.39447 19356.59421 18168.86139 22865.75405 19695.4088 21718.098 21293.88115 20345.83277 22306.22546 20654.03264 23299.29445 24917.29377 22896.45912 23576.02105 21109.80763 22455.13776 23302.24892 21599.50843 21730.96254 23049.94041 19857.25437 22872.0084 22743.03105 22605.43482 22148.40604 20672.97244 23021.00951 23716.34734 23028.49591 22736.98452 22601.47146 23431.4587 21122.53387 21277.54827 21117.52318 21131.72196 19014.02919 22886.86809 22042.97713 22599.87797 22605.47878 21284.86949 22019.83843 23168.87576 22593.67644 23025.12624 22307.31633 22316.2532 22595.78708 21584.55234 21287.80568 22013.87449 20815.51596 20360.19128 22601.75647 25551.63151 23436.53992 22877.64658 21873.70367 21435.90733 22455.79602 20795.86332 23034.52221 22611.17528 20638.99444 19054.24634 22608.17811 24668.77106 21872.31954 22019.68658 22885.3563 23956.4217 21874.27643 23040.37696 19012.548 22183.93297 21577.64533 23726.49825 23444.83455 24387.95131 21277.16811 23704.88925 22016.65897 20656.33959 24277.66758 23864.31075 23980.79922 21721.6217 23036.54886 24638.00562 21121.27229 22312.49734 22028.02625 22181.43518 22169.4113 22727.03529 23306.47632 24648.18416 24114.67333 21875.02057 20805.68636 20507.62984 16854.47249 14610.94115 15447.00852 11933.62991 9149.923918 4406.323428 0 0 0 0 0 0 0 0 
0 0 0 0 0 0 0 0 6714.653827 11067.51281 12179.6109 12965.21025 15431.33595 19181.00593 19867.68732 20823.21082 20975.97022 21436.71834 22608.55522 23708.5283 20655.09176 24400.01898 22308.41707 23031.72536 22449.7942 22009.99813 21118.74072 23440.55686 23580.39699 20651.05384 22013.25309 21406.06732 21415.53 22606.84425 22616.26245 22307.90284 22746.27434 22466.47147 20961.11213 22876.92202 23844.86974 24009.26937 22883.48134 22023.47309 21281.8085 21718.62849 21719.17187 24659.71626 23001.28411 24005.30506 22588.93053 22048.85709 21274.79571 21585.49471 21583.25256 23172.51247 20823.97641 22451.50104 22865.59521 21263.90604 19707.90649 21558.10162 22466.60106 20327.25144 19029.8502 22570.07914 22885.50048 23288.87264 22740.89868 22752.64774 22161.88309 23445.44807 25035.20765 20350.11286 21730.29675 22018.39087 21119.83175 21714.73412 22462.99413 22025.47325 19362.82719 21734.5065 23581.0524 21284.32991 20980.82983 21289.88113 23569.95383 22468.93249 21868.36753 21731.39659 22872.82433 21722.91254 23975.51227 24264.20004 22022.83838 23854.30797 21580.07694 20976.80014 24921.26106 21266.64351 19381.38986 25548.07174 21108.91895 19538.44275 21730.01171 20343.27902 24527.42565 21265.56475 23856.52991 21267.86155 24000.74627 17972.52688 19348.68322 18327.45721 16675.98809 17039.92439 13221.96319 12163.46166 9834.171733 4391.250329 0 0 0 0 0 0 0 0 
0 0 0 0 0 0 0 0 4373.85072 10464.43266 13662.8794 13669.51418 14149.56037 18673.48699 18151.95271 21717.64588 23018.71725 22150.91702 22005.49933 21271.41635 21431.84061 23998.361 22889.49923 22744.33082 25168.62965 20013.30271 24115.39774 24122.88696 22749.28518 21870.68219 22881.69428 19999.71252 22458.48445 23860.43587 22737.7711 23580.49553 23730.10465 24375.31272 21273.30459 23580.61693 23047.74563 21422.61059 22888.35731 23722.36322 23027.68329 22014.73182 23315.09361 21282.79793 23322.37267 20980.11288 22588.377 21139.85132 23166.87339 20954.92905 21575.08138 23715.29679 21583.33936 23861.08776 22453.37606 22021.75421 20986.57547 22305.89539 24393.87245 22170.94322 24105.98501 21112.79915 23013.23342 20954.53834 24521.99384 22007.65027 21878.97325 22744.01692 23712.28663 23989.81262 23585.80216 22874.34922 24780.10279 22742.92668 23722.10896 23029.19444 21428.62254 22588.322 25812.30005 22895.16214 18520.77415 23996.07435 21714.30842 22454.66761 21581.32828 20973.74355 21570.25521 23028.14772 21718.91104 20970.96993 21720.38079 22593.73779 22746.41459 24395.41133 23171.92013 21424.03816 20818.52694 21730.29287 22724.64903 23435.56577 23308.56226 24014.08485 21133.33617 23976.45181 20973.89522 23021.08757 20036.8904 22429.34664 19846.35365 17961.37938 18479.56075 15447.92093 14383.35469 10787.70447 10765.59909 6717.262062 0 0 0 0 0 0 0 0 
0 0 0 0 0 0 0 2535.647373 6212.275815 8792.443667 12431.30833 12942.80102 14608.61215 16086.19938 20809.1394 20015.51054 21118.59669 21420.90661 23846.95919 20801.97864 24242.65874 23433.0365 23020.7919 24229.87874 22189.0455 20194.29397 20957.00936 22328.22368 21879.16871 21279.9107 21116.62362 22732.77875 20033.82348 22172.68798 22166.3035 25448.13496 20820.5934 23577.1788 21717.04958 21272.14017 23438.84173 21866.91356 22895.1043 21593.37766 21573.30419 23013.89693 21739.48207 22740.77416 22160.84087 22156.53183 21438.12165 24115.1149 22444.69373 20799.09222 23851.61824 23706.19499 18679.68374 23165.91823 22022.27361 22016.69123 23032.84996 25800.0786 20669.20788 23722.00406 22866.7267 23724.23186 25300.03562 21856.80265 24005.92395 24264.30895 22445.07878 18688.59266 20809.31339 21418.58198 20501.64648 24386.6667 20657.43546 22751.54798 22600.90825 21562.97925 21719.2079 22146.31107 24115.09892 23861.90368 21421.33552 23177.63419 24511.65918 19865.22908 22613.7948 23159.52819 19192.38336 21575.59201 22455.58609 23006.41829 21107.16906 23300.68702 24658.39586 20812.11472 21564.74318 23840.13166 23309.78344 23975.13511 21567.13346 21429.53168 22018.21768 21739.82104 20470.45387 24001.52861 21878.57199 20822.19562 22446.74433 23566.06438 19530.33275 17786.17518 20016.59502 16068.89995 14156.28843 13188.78379 9481.693767 7178.255462 2542.897983 0 0 0 0 0 0 0 
0 0 0 0 0 0 0 2544.806788 5076.541192 8028.418428 12930.60324 14808.39925 15027.86041 13703.61817 19177.44316 19523.73591 24397.03678 23310.31867 22462.92728 23162.22785 20811.5769 21701.74835 22734.76087 22731.78388 22735.591 23857.20448 20799.34182 22753.8504 21444.00366 22316.74866 24111.6748 22165.92104 22326.90558 23702.9067 22170.62254 23573.88459 23576.00398 21873.28754 23595.71685 20503.99517 20821.19225 20952.404 22461.77191 22303.95448 21874.97934 24663.75976 22446.07613 21402.58334 19510.50311 23730.02954 23585.19887 22009.12174 23971.6011 21292.80703 24130.21135 23302.08143 23865.33736 21415.42708 21712.35974 22016.32398 21264.4542 20638.7387 22157.24983 24107.71882 23016.88634 23689.3657 21438.88889 21725.10036 21586.47848 23440.40621 23576.52345 21281.71301 22449.05881 22299.82017 21712.76423 21282.02454 24122.28149 20171.50577 21728.51652 23993.78237 23300.27082 22170.38637 22453.09831 22596.78367 21717.83916 21585.33368 20508.79573 20171.54216 23444.13552 22896.21032 23715.9578 23322.33633 23288.55102 20980.36951 23847.17506 20674.59988 20028.61327 24265.02675 20958.29036 25167.20437 20634.45102 22606.45047 22446.34477 22573.81819 23294.65086 20951.92961 20493.99061 21585.73893 22166.48333 22448.91989 19522.91351 23966.35351 19699.46632 21420.19369 17609.67631 15870.19492 13440.07029 13441.82911 9138.606021 5658.725654 2542.400828 0 0 0 0 0 0 0 
0 0 0 0 0 0 0 0 7601.931342 9500.079535 13684.65382 15864.97263 16272.34552 17983.26995 16668.1726 22879.23873 21717.61375 22164.22917 22016.16089 20641.57012 21564.11464 21726.39929 23578.3431 22140.1235 21863.06978 23018.184 21115.93406 23569.17431 23281.8913 23011.58711 21871.3177 23431.03633 22457.75145 23310.16189 22020.642 21440.8188 21423.46209 22867.18021 24371.34269 24247.14425 21555.01141 23850.04183 23578.20326 21266.25661 22441.19942 22016.21684 22291.21518 24504.86357 22003.98376 22308.26472 23036.74456 19844.37839 22436.1232 22463.40776 20972.89026 24645.63666 23165.9484 22605.03687 24906.98136 22888.11588 24111.41673 22161.90636 19850.48923 21732.63538 22746.87478 21728.45152 21727.28885 21704.39796 22438.89065 22021.61916 21114.37314 22170.82357 23160.63559 22321.39429 20318.65638 23003.94832 22877.37427 24512.77227 22591.11567 22590.53297 23317.02882 22158.12365 20505.02083 21863.56111 23578.42677 22596.80399 22017.32793 23703.18447 22300.44321 23158.50345 23589.246 24516.95254 21279.18018 23850.26706 20799.30147 21856.75094 23439.32023 22874.46626 22018.06589 24789.24539 20971.99907 22460.35751 20654.61266 22597.20397 20190.15025 22598.86527 22871.31356 22449.37888 20349.49972 22455.75005 21582.05307 21558.29513 21718.24833 19177.19626 18332.62111 15244.31084 13431.15061 11639.2971 11347.55437 7158.894055 0 0 0 0 0 0 0 0 
0 0 0 0 0 0 0 0 5665.690481 7176.316035 13186.87444 14599.22964 16863.49531 19697.66164 20491.93414 20492.17594 24121.21135 23580.48588 19368.52562 22462.07568 23695.54208 21734.39827 22459.64479 22006.22714 22568.13482 22161.27972 22870.62691 22736.31178 20004.32917 22726.65095 24494.64248 22581.94792 23445.4794 24664.87194 23974.82407 22452.64164 21869.03631 21117.83711 24239.69607 22602.08969 22330.4496 24923.36192 20810.18494 22446.59735 23294.02939 23586.95144 22725.71669 23969.67271 21719.37349 23003.07395 22031.3585 20961.76499 20179.93296 23703.94568 24235.21438 22174.86377 22156.66713 21276.86574 22448.95115 23432.77092 22311.96491 20167.90932 22015.15994 22010.25564 22753.53985 20482.50107 22598.01348 23137.2359 22583.79192 21727.30231 21136.13258 21993.96847 24787.99321 20811.96072 22429.89441 22864.53486 23416.37161 23302.72192 22155.64843 21731.4775 22467.24449 20173.55491 23696.65678 23566.67028 21728.38274 25418.67491 21283.88209 17429.58388 20798.73828 21718.19331 23836.53505 23704.25566 20019.23509 21865.75496 24912.29275 20163.48013 20951.82332 22016.97599 22159.39917 21843.30198 21405.94629 21413.30213 20648.50818 22583.3778 20657.70442 20945.18418 21737.79448 20797.57834 22323.5281 24786.9961 22020.94099 23708.52688 23838.33024 17986.91999 15874.07042 16067.90237 15663.96945 15664.7922 11351.97921 6705.737168 0 0 0 0 0 0 0 0 
0 0 0 0 0 0 0 2517.169655 7601.071676 10772.88376 12163.71145 16857.94246 18660.47394 20645.9117 16873.51133 21296.60186 23428.64791 21273.81477 22885.74107 23843.00965 22722.70999 22020.41219 21555.64517 23000.98445 20830.67804 23453.00102 23564.87761 19694.76793 21863.3905 23567.09477 21417.03019 22601.02992 22443.74864 20967.94421 23295.9401 22159.67379 23699.47071 23443.89747 23971.84063 22290.28266 24240.95594 23006.54788 20951.89678 22596.12481 23723.86096 20337.15517 23288.10075 20320.95303 22443.02398 22867.32225 21702.72907 22871.26026 22297.50976 22861.25567 22011.31196 23435.40246 25426.57471 21421.75252 23970.63513 23989.55436 20334.07176 24263.56487 21105.34641 22176.49196 23280.89001 23959.20159 21864.04833 21113.05442 22448.94693 20965.95496 21590.64032 22586.21956 21419.68089 22590.10404 23722.05813 23571.719 21566.06922 21578.08335 22450.38441 19838.15473 23156.85965 21574.03668 22594.23927 21869.45788 20961.14309 22032.12395 22587.10274 23306.28522 23842.96671 22849.34337 20673.8761 22443.63931 22304.08503 22749.05063 22170.96943 23126.85623 22156.92708 23299.29436 24911.98237 20654.29806 23731.67358 21730.21594 20175.3412 21881.05557 21418.30014 22874.32024 22870.49832 21994.19261 20164.65821 22454.38431 22138.21967 24645.80142 23016.0729 20965.79487 17959.84118 17422.30283 14804.3312 14344.1582 8790.833641 6708.358511 3583.440224 0 0 0 0 0 0 0 
0 0 0 0 0 0 0 0 6715.882652 11901.23791 13895.29317 11635.21859 15256.92771 16454.87954 18840.75863 24110.75729 23582.47465 20953.42831 21711.38022 21572.61697 22436.41929 21560.78534 22743.16419 21691.87795 22016.32705 22004.58336 23425.01919 22716.12426 23006.88325 23169.54534 20167.88808 22153.6984 22861.76235 23423.1835 22601.46609 19677.82618 23969.51829 24114.05134 21722.5056 21247.9441 20802.36029 21703.5121 20805.9696 23709.67956 22012.68943 24095.56741 20813.47778 20026.84303 22156.77136 21107.49247 24128.05651 22591.59979 22016.97692 22864.64114 23567.35615 21725.54301 21713.55069 21706.04097 21873.11005 22727.1696 23583.97142 22290.1638 22728.799 19176.49604 21703.78183 22570.77294 21118.70343 22580.63741 24391.15363 23294.86613 22881.19923 22014.93093 20479.7192 22298.35211 24903.1091 22147.18919 22441.63198 23275.78003 23000.97053 20796.93432 23691.83144 21108.85266 24881.98888 21575.05532 22884.06555 23831.26024 21567.29423 22168.63774 20022.3379 23294.63995 21580.33721 20656.46229 22603.03798 21256.66515 21119.14329 21572.45717 21558.68929 22886.30415 21410.04239 23706.96529 19011.19748 21274.6178 21105.97891 22301.58265 22728.02307 21591.354 23292.83579 20661.31729 22723.26999 23157.56729 22009.92466 22290.35931 21579.06793 19190.87198 17069.6831 15880.90043 15013.34627 12929.84983 7602.975716 5680.737427 0 0 0 0 0 0 0 0 
0 0 0 0 0 0 0 2539.215047 6709.36514 11343.72221 11645.30369 15238.07191 17605.47877 18684.69102 19851.88451 22870.86294 22289.04229 19190.19568 23836.90255 23965.33051 23841.67023 21108.54485 21714.95897 22008.50003 23261.22323 20941.49377 19693.10567 24118.32721 21128.49144 23690.68271 23424.33142 23427.94721 24116.97733 21418.69092 22860.78692 22447.81855 23286.41449 24372.6479 21997.87655 19860.84105 21852.2191 19522.50316 23029.40883 23831.93292 23017.46966 23425.38979 20947.47322 23021.52755 24400.08306 21411.49982 22869.19112 22740.62937 22317.57559 25156.41154 23282.48826 20800.6857 23276.65082 21260.61426 22903.96117 22314.5555 24757.62708 23001.39862 21112.56974 21117.99847 21256.82711 23946.0418 23279.45327 21565.51385 23013.69133 22006.04368 21565.12546 23287.45413 21400.82003 22999.19893 22017.40463 21101.63412 22292.92781 21422.17393 23157.44947 20790.73056 23440.57766 23564.94151 20793.94575 24273.09911 21872.04907 20490.32538 22152.0972 22152.45794 23419.98081 23144.61528 23298.44703 23172.51972 22019.64607 21412.63381 23287.96699 21563.33564 21719.89724 20182.9411 23002.4809 23396.07979 22460.78405 23974.07592 22323.79975 22441.00065 24516.65585 23299.51061 23294.42228 21401.71016 23560.97003 23561.44199 21569.36901 21415.17972 21570.93116 19509.22019 16671.05859 16458.19046 16056.14415 12155.92361 7157.380877 5068.448391 0 0 0 0 0 0 0 0 
0 0 0 0 0 0 0 0 6709.534411 9497.521 11602.89358 12186.56346 18163.39675 17784.20201 21719.92588 20789.26782 20310.69322 22156.57714 22440.56595 21421.28094 23559.33757 18331.0294 23418.95414 20951.07838 23139.01274 22289.5028 19856.56233 20808.75578 21257.20307 21854.5212 21861.33225 23969.86209 21567.11925 22614.27528 22595.24909 21717.31994 22155.57789 23150.14551 20005.54511 22173.44032 21276.39569 22011.18979 22316.0745 22160.35489 22141.23227 23140.70431 21869.39669 24127.4356 20958.16262 20797.61366 21109.93941 20956.31445 20322.93766 19828.73051 22153.35554 23297.3923 22579.63768 20942.72715 23308.93871 20505.88698 25774.08115 22852.62837 20816.8599 20624.66925 23848.23633 21414.49846 21416.85613 22298.78846 23276.32264 22999.04603 22297.33744 22604.44801 23282.38912 20959.18133 22287.72009 18675.08885 22307.64357 23285.07654 23294.9152 20966.67752 20948.79001 22011.52823 20952.16897 19362.50931 21443.917 20954.12779 22149.97427 22022.67665 22150.69585 22856.27681 19700.33602 19698.66381 24510.04426 22295.11879 19194.31128 23409.40989 22286.8267 22303.47376 22870.76104 23977.22903 20490.12998 24235.06083 22296.59597 18654.46191 22733.67784 21852.20587 22585.46312 21119.30597 21859.99639 21854.19039 21579.07503 22005.31717 20160.87817 19690.5192 20788.73174 13458.08361 16067.17609 15223.25584 8788.25519 5659.026967 0 0 0 0 0 0 0 0 
0 0 0 0 0 0 0 0 6213.454822 10157.0519 12923.92706 14140.13504 17577.57804 16268.13074 18652.85038 21836.56479 21439.48398 22724.47938 22721.59074 22182.81513 23288.16668 19501.19638 22716.03506 19849.76909 23541.86881 21261.01643 25548.64366 22014.55419 22128.44433 23013.47289 23974.38577 22862.97443 23709.9277 22591.99812 21264.33732 21560.9836 23008.92254 21995.53205 20813.28857 23276.68924 23960.40661 23003.1766 20950.16433 23163.06884 22290.53532 22737.54984 22152.19608 22591.44036 22738.33286 22139.49777 22864.9659 23837.39386 22881.858 22447.03222 22296.06773 23147.7471 22720.55193 23288.12021 21708.93415 23561.51093 21124.21714 21409.77311 21831.77712 22449.11294 24383.07789 24373.37523 23163.63607 22138.73661 20959.7303 22303.54206 20805.18543 21560.9413 23294.90418 24385.59363 25152.5014 21706.50927 23141.09387 21569.55628 23267.01177 23832.56903 21244.88363 21418.7534 21865.30673 21406.09463 22461.62693 22023.49073 23845.92219 25025.99134 20972.62772 21535.55485 23839.64994 22868.75155 21690.09024 21718.0821 23434.74708 22723.14726 21569.06462 25156.43572 19510.99986 20958.51467 22858.33516 22877.94519 23022.99206 22442.71616 21262.96432 22311.31167 22567.05579 21436.92101 23429.12827 20963.75668 21706.29341 19516.68267 21402.32175 19502.10716 18697.74782 19009.83598 15035.02212 13887.50875 8048.921707 7584.804097 0 0 0 0 0 0 0 0 
0 0 0 0 0 0 0 0 6199.751372 10134.88759 11636.56131 13203.38936 13688.09915 19818.45135 18833.24861 23709.79655 20153.71162 22735.76288 23135.30758 21572.10883 21097.4554 19691.06686 22147.89502 21564.21644 21711.11779 23968.81846 22140.84644 23683.60858 22580.72659 22587.79788 19694.88845 23690.04427 22870.20342 24619.45886 22443.80331 23970.7216 24509.69911 26026.63353 22437.69284 24098.35335 23441.70683 23312.48369 20334.28822 20318.23845 22155.20333 21238.63305 22156.08489 22729.84733 22429.30528 23842.71145 22151.36036 21860.19674 20642.37633 22291.63475 22590.61473 22152.27473 22155.03293 23562.11665 23420.32338 22588.56763 23138.01222 24876.78138 22730.2247 23158.91611 25414.06351 19838.8524 22294.83517 22596.60625 24790.79673 22990.42914 22581.83939 24907.62383 21704.76442 20965.12677 21697.91752 22156.28565 25275.17139 23024.09761 20158.40686 20798.28356 22460.75442 21845.04865 22455.35319 21849.85606 22581.60077 20659.97053 24774.19439 23036.58152 20168.69977 22163.03105 23849.36763 21853.77784 20470.59041 23415.08566 23715.74612 25001.55698 23283.3375 21707.45939 20947.71718 20491.28704 20662.04063 18497.04837 22733.54524 21854.31734 25149.45426 21105.99739 24650.24935 21236.6327 23014.03441 20955.94822 20956.55294 21679.68455 20640.35783 19840.85795 18502.59677 14575.8245 14559.06569 11632.83656 8809.188196 6687.726402 0 0 0 0 0 0 0 0 
0 0 0 0 0 0 0 0 7999.890683 9473.597816 13880.55148 17417.00522 17762.69631 16256.01112 18131.52657 22604.77454 23548.05852 20649.19968 23284.57406 20632.58603 22281.27446 23843.27205 21572.22245 20802.60953 23706.90073 24773.11806 23416.65511 21396.266 24648.79208 22856.98142 20314.00082 22583.82866 22273.46005 22714.10986 22728.42319 20351.67346 24761.00725 23955.9155 21718.51599 21697.79302 21570.91168 22865.72827 23295.05027 20161.6043 23289.88891 20155.02802 23945.79768 23689.04919 23426.04079 20650.14855 22158.32701 22019.38891 22142.44337 23007.69708 21840.62659 22134.33861 23694.88789 22874.1839 22717.04648 19842.34683 19681.88094 22577.19204 22142.86142 22451.24267 22714.86171 20344.5233 22123.89648 23428.41104 22589.74374 21996.22057 23690.55301 22854.19659 22866.39893 21416.04963 23151.62184 21863.41693 21248.56365 21253.06131 21545.37626 21972.76667 22445.76341 21563.84513 20641.10437 21240.82013 23975.3249 22577.93325 21541.3653 22445.61098 21552.75325 23284.54111 21088.64829 21703.54385 21841.23466 22456.18878 20626.85702 22849.83451 21701.92634 21419.65065 24368.72499 21831.9604 22140.58421 21248.74794 23000.98025 22425.13955 21392.13515 21555.77473 23700.91125 22731.9281 22006.39073 22719.26255 21859.38889 23157.62021 22155.71309 18850.81388 17779.66639 14567.63947 15843.36036 12411.56748 8405.411093 6712.858223 0 0 0 0 0 0 0 0 
0 0 0 0 0 0 0 0 7161.093643 8783.743499 14573.40674 16047.54987 17420.79865 17936.07949 19993.11656 21714.13671 23400.24472 20823.73026 20632.80567 23401.05341 24136.19366 23829.04319 24089.34186 20156.94301 22989.51137 20948.95466 23288.3717 24100.54981 19696.62986 23140.40461 23547.58376 21693.16116 23578.3062 21852.99819 22005.91168 23299.60311 21571.49066 21868.71139 19509.18399 23271.03604 23012.53775 24234.70813 20950.74477 21385.86796 20493.1883 23148.12751 21845.248 22698.57313 24101.68139 21837.38403 22454.03555 21081.62375 20478.79646 23294.27218 24233.37359 23015.67561 22585.07516 21844.39346 22146.44572 23024.03462 20803.7735 22592.23331 22426.77532 21537.86947 23154.16601 20643.61297 25007.04568 22741.77102 23426.01363 20475.8704 20943.18761 22575.6276 23698.60845 21251.14278 21418.3485 21999.48907 21529.2891 20949.73902 24644.69123 21102.73571 23145.29415 22000.4867 23707.67061 25145.16952 21702.63749 24230.35738 22565.96073 20634.32757 22297.97126 22296.48788 22134.49894 21705.78036 21996.48337 24754.15198 21413.95467 23158.09908 20158.80668 23154.59631 22999.23654 22283.33305 22592.18691 22999.23049 20182.77431 20475.34907 21102.94237 22564.46988 21581.44706 20954.53718 21114.80103 23848.14011 19354.9161 20950.75685 20463.29661 17965.76417 19857.45701 16453.02636 13910.03399 12185.8981 10448.13915 6179.592197 2516.405943 0 0 0 0 0 0 0 
0 0 0 0 0 0 0 0 6207.439179 8422.440614 13168.83046 15826.4338 16088.51686 17233.61293 19983.89066 20299.71687 20615.03219 22719.4315 20001.1979 23964.7185 21858.20258 22290.74391 22278.91521 21111.44484 20801.47287 20938.46607 21550.8832 23283.7843 21272.20043 22433.42862 20620.43061 22567.10622 23255.80862 21701.56251 24616.66001 19336.6723 23002.55322 20963.05282 21859.08107 22263.91444 25780.68933 22437.48877 22130.54301 22134.92053 22725.24049 21996.96085 25908.24604 21258.65275 18854.41392 21551.41642 21714.01787 22007.65696 20780.09021 21243.1344 24110.52424 21546.23125 22153.61992 22735.11469 22455.75014 21419.11357 21989.96139 23131.57841 21896.00845 21570.7176 23287.54784 23697.93381 24628.95716 22576.98845 22290.21 22137.60872 20951.58388 22718.72819 21541.65015 22577.99724 21097.45704 24494.06988 22152.5783 23699.7557 20153.41659 22865.64379 22006.28452 23270.406 24527.27283 20448.72937 22418.59556 20953.87515 23117.5085 22440.30194 21406.57194 23274.11562 24357.52234 21403.74765 20486.23635 22455.06129 22008.63291 20629.32104 21388.78662 20481.07853 23545.9113 20179.3544 21530.15918 21398.99683 21844.58885 20185.27991 22734.02795 23696.02837 21582.81285 23423.3588 23689.65967 22269.49068 21103.06527 22431.69536 21103.32041 21849.15289 19990.90577 17760.33452 15841.08174 13657.53288 9803.761529 8783.233453 0 0 0 0 0 0 0 0 
0 0 0 0 0 0 0 0 6211.863617 8395.217622 13431.59603 11628.29329 16040.13556 18839.17787 19344.36301 20633.1096 23422.60337 21257.13722 26022.45869 21238.08426 23399.92702 20639.63937 22451.09674 22997.38596 21385.82144 20943.22225 22437.39135 23275.02336 19846.83206 23677.36533 21258.18765 22150.23697 22725.83737 20304.29861 22009.88237 23396.34917 21709.87228 24079.69218 19833.35711 23847.25408 19864.15992 23833.61901 22735.40298 23539.92206 22435.56988 22295.60051 22884.73582 24492.14112 20964.25681 22541.93925 19821.37102 22415.35885 22150.36014 24235.08682 21231.7363 20785.687 20625.37796 22275.46975 23412.95694 19842.90456 20311.23326 22436.49073 20762.47534 22398.50544 21395.12867 21864.51484 23679.50756 21723.69767 19184.14702 23278.22533 22860.45415 20324.7273 24219.45468 21549.63277 23007.5737 22588.8146 22996.40878 25417.21376 23417.74867 21687.24432 24366.81551 22278.88678 24354.47729 22285.77482 23975.55869 23552.26939 23410.78462 20923.49696 20780.75257 22278.97298 22992.07951 19864.29191 23687.02159 22979.1839 22841.48626 19992.03617 22719.07254 21528.75355 22149.37983 23544.52442 19828.1168 23156.47399 22416.09539 22728.15 20634.01782 22868.3879 22159.58066 23948.63505 22570.5434 20163.29519 21102.11169 21704.22944 21712.61218 20475.19241 18998.12582 15459.6397 12434.87121 11897.14513 9807.061705 6215.844804 0 0 0 0 0 0 0 0 
0 0 0 0 0 0 0 0 6697.765049 10458.11604 10774.21435 16835.22417 19011.54694 18140.08605 19151.0835 20488.58313 21255.70081 20319.90744 20946.26311 22851.2827 22574.20036 22424.16592 22266.26588 22130.35708 22974.9134 21536.134 19651.67543 19340.48943 20795.19498 21998.88158 22721.44963 22978.08494 21545.16762 19845.66491 20946.44266 21534.62266 23833.56572 21566.01906 21538.40298 21077.80558 23548.19842 22993.51931 23005.50414 24495.61751 23412.53492 22156.79143 23691.38249 22284.59751 21403.27606 23007.31484 22121.71327 23412.23908 21079.84865 21848.10561 22995.04078 21406.92084 22147.37404 22434.3658 21698.60333 23570.31914 22088.84831 22288.10362 21991.2152 22858.63262 22415.06611 18112.91616 21534.51916 20935.07701 21684.13103 22283.55851 23150.05222 22426.44675 20140.21652 20792.22372 23002.75015 22291.62705 22547.71216 24215.84206 22586.15083 21408.90896 23412.43537 22872.58407 22152.93453 23125.42997 20787.05518 21707.39505 22719.32705 23252.98681 20486.8599 22128.88744 21103.47574 20771.61121 18654.60988 25146.05472 24099.75435 22589.08622 22698.56119 20940.87944 23272.44829 22279.4365 19162.44735 23415.83163 23401.35444 22723.99214 22441.55476 19339.17469 22120.56878 21988.04752 21389.80893 22413.10713 23944.24066 19984.84661 22282.13679 19841.8337 19831.5069 15851.80597 18128.49743 12181.95585 9133.358779 6688.154975 2528.89544 0 0 0 0 0 0 0 
0 0 0 0 0 0 0 0 6205.849736 9159.298328 12702.74842 15222.60238 16419.01569 17017.55477 17207.78395 20465.54183 21406.87601 19992.10731 23007.18495 23812.70237 23119.77998 22860.47662 21414.18593 22285.51906 21381.1306 24363.21193 23548.26872 22715.34078 21232.804 22556.17433 22563.8829 19021.37092 21102.13542 21991.64457 22269.48972 22989.22383 21699.70141 21394.56045 20340.24786 22858.80675 21989.08617 22117.16956 19814.4717 23411.74702 23152.07691 23149.7466 21256.85729 23825.36829 23824.9796 24077.74692 22721.70516 21700.30421 23556.50144 22296.72286 20641.0668 23131.55588 22273.48752 22279.72893 21988.21726 23270.46242 22576.49227 22540.56524 21682.20552 22402.37326 21245.92608 23000.94046 22151.62015 21234.37724 21845.45732 21415.10928 21990.42019 20798.33076 20775.70932 21559.90053 23819.20822 21983.39209 23532.25402 22140.86643 22301.67471 21086.16698 22858.52482 21664.94462 20945.59574 21538.41238 21536.505 20777.82303 22879.14286 23538.88986 21122.30995 19818.41211 22136.52001 23130.58953 20308.66245 20935.47226 21070.98697 22859.44278 23133.23015 23561.33645 24102.31951 21825.54285 21985.21533 22148.01422 21854.93155 23945.32149 22720.35206 23423.15164 22842.76469 20956.01035 22856.72774 24489.27613 22983.8266 23682.28008 23005.23595 19337.73895 15861.27714 16642.12156 14569.1241 13186.15286 12938.69944 5662.495832 0 0 0 0 0 0 0 0 
0 0 0 0 0 0 0 0 6215.712458 9138.683004 10754.89893 13195.44978 16222.70316 19990.25699 20162.00575 19163.43022 24640.87143 21718.41966 23154.62409 22266.88678 21988.74743 24754.54162 20931.89212 21975.59778 23932.99036 23403.26224 23392.80187 22985.56791 23954.79026 21705.74702 21852.06305 24605.46523 23419.58351 23000.17616 22566.94826 22443.43641 21844.84176 21235.98478 22420.29835 22567.48249 24469.24961 23419.84325 22992.19869 21687.60507 24212.94123 23241.45244 23124.83514 19834.53452 22427.97393 23401.11425 19968.56766 21711.54709 22587.41326 23401.3347 22119.30993 21388.1534 25003.86603 24898.56283 23535.27888 21051.98431 20134.90921 23941.37452 22409.50004 21700.18677 22846.50038 22687.70623 23945.57164 23006.69294 22584.53402 21881.21532 19841.57636 23150.76262 24081.64445 21838.46695 23121.97919 19840.33805 21702.55677 21404.35323 20002.53475 23298.18855 22998.80429 21401.54093 23542.72483 23567.96678 20299.45996 20470.4412 21263.66438 22426.3343 22967.8615 23700.47592 21991.38549 22571.1447 21848.68185 22139.84808 21823.25763 22974.75554 23533.8775 23665.63567 23682.83548 21848.08178 20145.3177 20776.93946 19671.90442 19844.94028 24728.5299 20330.20888 22713.1295 20319.96019 21077.78198 20788.22978 23374.20041 20478.85483 19840.40903 19174.71143 15860.36558 17025.36867 15845.98213 11901.45387 10443.38921 3596.948165 0 0 0 0 0 0 0 0 
0 0 0 0 0 0 0 2498.717612 6723.764456 10431.0422 11609.73961 16850.92497 17928.03737 19494.38382 19851.19858 22246.60992 19351.79559 22152.95964 19665.30793 22705.1834 21965.01582 22851.92546 20148.73788 21090.9415 25651.409 20313.94622 22157.14615 22712.75749 19837.97133 23535.00938 22263.21875 23555.75506 22289.15942 23964.19851 21846.73912 23398.13399 21995.93625 22288.84825 23544.95707 21226.02186 23682.93953 20774.19698 21697.21059 23532.10941 19338.09272 21541.41183 22702.60289 21239.05364 22150.30889 22139.96633 20148.59504 22707.27961 20489.17463 22289.81819 23281.26427 25650.26121 21700.70675 23547.54412 21531.85456 21822.23886 24483.91933 19494.64335 22260.34823 24606.58156 23527.81669 21865.87657 21091.85349 21114.14054 22844.09599 22687.11234 21819.24011 19495.52054 24364.75894 21105.23081 21381.35768 19979.64252 24215.77069 24223.47263 21229.75336 23673.63952 20648.59568 21998.17331 22692.68347 21403.4127 24586.17919 23833.14641 21669.82932 23687.53301 18827.39589 23810.96032 23814.20866 23790.36841 22731.79127 24615.89331 21855.40204 22718.43607 24348.57308 25117.50698 22264.66926 22575.11037 23131.04691 21674.5502 22292.74154 22963.11111 22274.94232 23131.82343 23684.67729 23959.72058 21573.53216 22417.82859 19498.4234 21842.38372 20937.52298 19335.21964 16635.26901 18299.9467 13900.10792 14136.4758 12915.81724 5650.450988 0 0 0 0 0 0 0 0 
0 0 0 0 0 0 0 3590.253658 6197.043125 8776.213704 12398.85357 14564.38771 14598.08601 18633.96761 19010.80949 18638.39449 22715.98217 23963.97767 20927.66002 20774.50856 22394.89554 22137.40773 22151.06822 22278.23338 21845.52777 23945.59892 20631.50791 22432.25849 21240.11599 21690.85302 23971.42736 21683.78827 21686.05593 20953.3788 22831.53197 24738.36105 21236.93982 23154.54984 22581.4164 22834.07172 22145.6766 23952.38127 21089.35404 21520.68962 21234.02215 21401.14714 21387.96631 23823.78049 23135.43123 22429.49193 23940.0426 23552.07107 22431.19042 23286.27547 21538.26263 21087.21894 21253.93756 24348.1422 22578.49611 22570.69166 22580.8862 20938.55752 23825.68915 22709.49682 22567.5991 21396.78477 24732.99314 23810.3861 23818.89001 20490.03648 22409.84546 22137.87257 21545.23707 22562.4795 20773.29014 21380.12777 21548.34092 21114.04942 21409.81692 23682.06885 22424.21207 22843.55503 23267.14555 21978.18203 21524.35338 23923.61661 22559.07392 23258.17315 22286.80523 22131.03492 24951.25861 23539.76532 22132.67151 22539.81377 24235.47831 22423.62871 20485.69081 21529.00102 21999.14269 25652.14643 20958.60217 24628.45229 22705.99939 21086.1594 22874.30916 23950.64582 21991.99234 21560.87902 25131.05059 22130.94257 21081.68923 23527.18579 20788.36252 20798.67005 19318.84717 18128.34981 16038.57983 12936.83703 9495.701483 7149.7951 0 0 0 0 0 0 0 0 
0 0 0 0 0 0 0 0 5054.008582 9107.888032 11593.059 12654.82518 15635.85025 12936.19905 18812.9852 18628.48383 21211.44805 18986.91623 19325.83593 20290.75176 21486.21963 18642.19234 20430.29187 20272.68104 21670.43954 20106.75386 21689.27619 19320.19262 20746.1498 20753.79069 21969.58795 19482.10044 20766.91551 19325.73844 20903.99833 20748.76865 19802.64737 18631.95942 20280.37025 20445.09518 20307.6373 20453.85703 20755.80613 19967.28854 20424.32339 19810.2698 22698.09475 21363.20546 17756.18351 19324.46763 22818.00178 19483.91183 21527.45013 22410.6017 18113.7156 22945.17956 21064.62608 18961.9917 22269.86927 20443.00318 19493.57562 21216.51029 18988.6588 20282.04868 21519.40729 20615.39274 20447.23281 22098.65147 20590.39746 20134.47587 20151.62751 18953.19891 19840.72248 18978.48924 20921.93532 20153.57325 22233.02032 21670.64706 22539.84017 20903.40702 21368.42187 22252.53103 21528.31967 19643.74662 20606.77549 20454.62889 19804.30659 21517.30934 22394.61653 19629.13326 20744.73549 20295.39807 20127.58503 19331.66117 21218.11114 19988.5824 20912.2369 18991.85113 19788.63739 19488.71028 21817.73285 21665.81468 20895.68978 20106.1924 18080.77763 21512.37484 19830.46438 21809.23137 21371.58206 21954.35254 19974.48184 23391.11455 19825.59643 20001.03303 15856.82761 15839.04889 12669.83076 11325.79053 9133.655577 6178.218843 0 0 0 0 0 0 0 0 
0 0 0 0 0 0 0 0 2508.755821 6642.201109 5634.831628 10706.09967 10105.50732 13117.6656 10720.48677 12632.24412 13122.86071 11566.10552 14074.64565 13131.26371 11580.53468 13843.49666 15564.52664 12395.54729 13574.46221 14041.09577 15968.54333 12643.69025 13332.67209 13845.62161 15354.36827 14509.00334 12886.02383 13830.29113 15345.94416 14069.22087 14738.72922 12874.68325 14950.25303 15564.95962 13111.38409 12863.45873 13617.16267 15762.31452 15139.01123 12637.24986 14512.25004 12880.52412 15147.86494 13828.79537 13355.24206 13596.99919 13600.81019 14501.7615 13812.1832 15363.82535 13362.59728 14286.22034 14499.77788 14504.79027 13366.056 14269.29461 15142.60968 15780.03362 14510.79173 12891.38781 12367.99611 13344.13377 15140.99935 14078.13771 13131.48792 15779.86183 13372.88273 13131.01641 14059.74862 12899.45985 15980.61735 11582.33773 12885.70332 13350.85109 14720.69513 12371.33223 13858.78427 13834.75227 14299.76522 13606.95423 12372.34563 15569.97228 12101.12974 12364.80656 15785.26747 13134.97388 11313.07292 12625.05939 12872.95149 14935.63422 14938.0755 14303.21147 14732.26652 12878.0435 15161.29032 14277.54747 14273.09167 13120.41872 13843.54271 12634.81595 14046.48916 15572.61526 15568.38681 14718.98774 14503.31186 12862.52561 13600.34395 11009.09946 13830.88783 10070.95032 10117.5619 8725.778442 5625.010562 0 0 0 0 0 0 0 0 0 
0 0 0 0 0 0 0 0 0 0 4342.416803 0 4346.102148 0 2519.761219 4357.272846 2500.632109 2509.746088 4341.53564 3559.719701 3558.983415 4363.273323 3555.652841 2519.691585 4351.896747 6654.649885 5027.646094 2518.648869 3553.83014 5623.688535 3563.147476 5028.867597 4358.15529 5025.443528 2509.0587 0 3551.153833 3561.385066 2517.028358 4349.691501 0 0 3551.615052 3562.396338 0 0 3544.239207 3556.849555 4359.081295 0 4360.589009 0 4351.622517 2505.659074 5620.136323 2507.40103 4347.703485 0 5026.298344 2520.431587 0 2507.63433 3558.877736 4358.111913 3552.992516 3550.581698 0 2503.145808 3561.974406 2515.643207 0 4345.02389 5016.535451 2502.40942 2519.451566 4350.170342 0 3560.947919 3555.333459 3553.960626 3547.987135 4347.105981 3547.235951 3554.373598 5028.553819 3548.436352 3556.041483 2515.893929 5024.654316 4345.404133 5621.58829 5617.651901 4345.146238 0 0 3547.957586 4352.458351 3558.751501 0 2509.660108 5022.380869 4353.541913 3570.093307 2525.021484 2504.03376 3560.516343 4347.657144 2506.011427 4358.844316 3546.434001 3555.713857 2509.003669 3552.344771 0 0 3556.195906 3559.626553 0 0 0 0 0 0 0 0 0 0 0 
# Events [PSDmon/PSDbefore_guides.dat] N:
0 0 0 0 0 0 0 0 0 0 2 1 5 0 0 2 1 3 5 2 1 3 1 2 3 1 3 1 2 2 0 0 3 0 1 1 0 4 2 1 2 2 1 3 0 3 0 1 1 1 1 1 3 1 3 2 2 2 4 1 1 1 1 1 2 4 3 2 2 3 1 0 2 6 3 0 2 0 0 1 1 0 2 2 0 0 3 1 4 4 1 3 1 3 1 3 3 2 3 2 2 4 2 0 1 4 2 3 1 6 3 1 1 3 3 0 1 1 0 0 0 0 0 0 0 0 0 0 
0 0 0 0 0 0 0 0 3 6 9 12 15 11 25 20 29 31 34 27 31 21 29 26 24 28 41 30 22 35 29 32 23 28 21 17 26 22 34 41 22 22 35 27 24 26 34 37 22 27 28 43 35 23 30 37 29 29 34 39 39 19 20 31 30 18 28 30 34 24 36 35 30 35 28 27 32 30 29 47 26 27 25 36 26 23 30 35 40 28 31 29 27 35 26 36 25 28 27 27 31 24 24 28 26 22 37 32 17 28 33 26 23 28 16 19 12 14 7 2 0 0 0 0 0 0 0 0 
0 0 0 0 0 0 0 0 7 7 25 35 33 54 57 62 71 63 66 61 60 59 77 51 57 50 59 62 68 55 57 54 53 59 66 71 64 66 75 51 55 71 59 68 79 67 55 60 65 64 81 63 69 51 78 61 77 67 61 60 61 57 52 67 55 70 57 62 64 59 60 70 52 68 50 67 68 67 61 64 57 58 62 67 58 57 67 51 62 64 63 63 65 63 71 69 71 59 55 56 69 49 71 62 71 62 59 66 61 79 69 74 54 39 38 43 20 22 8 4 0 0 0 0 0 0 0 0 
0 0 0 0 0 0 0 0 7 13 36 25 42 43 47 71 67 73 76 75 64 69 90 85 78 93 85 73 72 91 70 76 85 77 65 79 72 76 83 86 70 69 68 72 87 79 79 67 81 75 75 61 89 77 80 92 64 70 87 79 63 82 80 74 74 64 86 70 78 75 80 73 99 85 87 81 80 66 89 66 72 77 69 80 88 84 90 76 75 70 80 55 90 79 74 77 74 68 85 65 83 94 92 88 80 78 96 70 72 73 76 90 67 54 39 43 37 28 19 5 0 0 0 0 0 0 0 0 
0 0 0 0 0 0 0 0 7 15 29 39 47 51 52 74 77 86 88 68 87 74 72 84 81 93 70 78 89 72 82 88 73 78 93 67 80 68 71 83 83 83 94 74 84 97 85 82 89 73 68 66 89 90 78 73 68 78 67 79 72 84 68 86 62 76 73 82 79 70 66 89 66 73 77 74 80 94 80 85 78 65 89 79 82 67 82 79 73 99 71 63 71 97 80 70 74 84 66 73 63 79 67 69 80 78 84 85 81 74 74 73 70 62 52 49 38 17 14 3 0 0 0 0 0 0 0 0 
0 0 0 0 0 0 0 0 7 14 34 36 41 51 57 65 59 67 100 85 88 70 79 72 75 74 65 67 77 75 86 67 61 72 87 77 66 92 61 99 72 76 84 89 73 83 69 78 79 70 81 67 76 77 71 65 70 70 83 87 80 88 86 81 81 76 78 63 73 71 83 79 74 79 66 79 87 87 84 67 92 70 86 85 70 88 72 83 89 80 81 66 67 86 76 81 76 73 76 81 77 84 71 75 65 94 83 85 70 78 84 76 59 53 36 50 31 26 15 2 0 0 0 0 0 0 0 0 
0 0 0 0 0 0 0 0 10 10 40 31 48 62 52 63 66 74 89 84 73 61 53 68 72 65 68 78 76 88 72 89 89 80 79 73 82 82 75 88 86 88 68 59 71 77 82 89 77 82 60 98 80 66 62 82 72 75 66 82 81 84 98 68 82 76 89 77 74 72 74 80 81 72 76 67 76 66 70 81 76 75 65 84 66 94 86 78 69 78 87 78 81 92 75 77 76 63 64 62 85 82 79 62 88 79 86 75 84 79 68 84 78 44 48 41 36 27 15 5 0 0 0 0 0 0 0 0 
0 0 0 0 0 0 0 0 7 16 33 39 42 53 73 71 81 95 69 83 67 75 68 76 80 90 80 65 64 77 81 85 87 75 92 95 83 79 87 81 92 75 73 72 69 89 78 92 80 88 82 79 67 82 88 76 84 70 71 92 71 80 94 76 75 102 56 77 63 64 58 83 77 82 73 85 88 72 81 70 82 88 73 91 74 72 70 79 70 67 70 71 57 81 81 66 60 82 68 84 69 80 96 70 89 72 71 67 84 65 98 91 73 57 53 38 36 33 17 7 0 0 0 0 0 0 0 0 
0 0 0 0 0 0 0 0 6 20 27 39 41 44 73 80 76 94 78 78 85 73 74 85 62 75 65 79 89 70 92 74 83 65 87 76 77 86 78 71 76 75 80 69 79 70 62 87 72 70 84 72 79 84 91 82 90 82 86 79 85 86 80 73 88 68 87 57 77 63 81 55 98 83 63 61 79 77 78 74 79 89 83 82 62 86 79 70 74 67 73 75 88 75 67 71 62 74 83 81 78 58 87 68 96 83 79 76 81 87 82 86 88 54 61 54 32 24 11 5 0 0 0 0 0 0 0 0 
0 0 0 0 0 0 0 0 7 15 22 27 55 39 78 66 83 84 73 76 59 80 75 67 77 78 67 83 58 90 86 74 78 62 78 84 78 86 77 75 65 72 66 68 82 77 80 85 63 86 73 79 83 81 69 92 81 78 73 71 56 86 72 73 86 80 68 76 86 77 80 68 69 89 95 68 78 82 79 79 98 91 71 76 67 83 80 79 72 81 58 85 87 81 69 72 86 81 72 80 80 83 70 90 91 67 65 79 71 80 56 68 71 59 59 36 22 23 12 4 0 0 0 0 0 0 0 0 
0 0 0 0 0 0 0 0 6 16 13 34 44 44 54 71 81 82 73 68 75 80 97 74 78 74 91 69 76 75 83 84 86 79 66 70 79 78 78 90 87 66 75 95 86 77 95 83 84 77 95 82 72 75 75 73 90 79 69 79 81 82 74 85 71 89 75 70 91 71 79 81 83 74 66 87 76 72 86 83 70 67 67 63 95 63 60 60 73 87 67 72 66 76 86 94 78 77 74 68 74 86 66 76 78 86 69 79 80 65 75 74 75 58 61 30 33 23 20 6 1 0 0 0 0 0 0 0 
0 0 0 0 0 0 0 0 5 17 34 32 33 58 54 63 78 90 68 68 80 69 78 90 66 71 81 83 83 84 94 85 73 69 89 87 69 90 74 89 74 81 75 88 79 69 81 81 70 77 85 75 67 63 71 96 72 75 74 89 74 87 88 87 86 92 79 88 66 67 70 69 68 80 84 80 68 72 69 79 77 93 88 83 89 82 82 74 68 73 70 75 95 75 82 53 67 69 84 72 72 86 79 85 74 101 85 76 82 88 97 75 81 63 59 46 31 23 8 8 0 0 0 0 0 0 0 0 
0 0 0 0 0 0 0 1 4 15 25 35 36 74 59 65 73 73 83 86 89 76 93 87 75 70 77 85 68 83 73 85 68 80 67 83 79 78 79 72 70 81 82 69 75 90 91 92 81 66 87 75 78 85 83 62 72 78 88 80 90 79 76 74 85 71 67 89 79 78 83 77 82 82 70 90 85 75 80 66 88 59 69 66 63 75 73 85 72 93 81 56 64 85 75 76 78 62 82 102 73 65 74 83 80 75 84 63 72 64 89 69 69 82 48 35 37 29 28 9 0 0 0 0 0 0 0 0 
0 0 0 0 0 0 0 0 6 16 30 32 47 45 66 66 72 84 71 81 81 94 73 75 73 91 70 87 91 63 82 95 79 79 84 62 87 74 76 69 69 81 79 68 72 69 79 70 76 67 90 68 81 81 65 78 91 80 69 66 78 94 88 75 79 75 64 75 85 99 75 86 70 70 78 77 79 67 84 90 82 79 73 82 77 65 77 78 82 79 88 97 76 85 75 75 79 91 86 70 88 73 71 78 70 81 71 82 99 88 79 81 76 53 58 49 37 26 14 5 0 0 0 0 0 0 0 0 
0 0 0 0 0 0 0 0 9 15 28 33 32 50 60 77 90 84 79 73 89 81 74 79 66 80 67 75 86 82 85 84 74 88 71 76 56 75 71 70 74 80 86 87 83 76 76 77 62 66 70 71 70 81 84 85 94 90 81 84 96 70 81 80 86 62 76 79 81 87 85 79 72 68 67 82 65 61 83 72 83 81 65 76 91 75 70 79 74 79 76 60 76 81 94 78 72 67 82 76 69 73 85 69 79 84 62 68 65 66 77 75 87 54 47 27 29 19 15 6 0 0 0 0 0 0 0 0 
0 0 0 0 0 0 0 0 5 15 24 37 38 49 56 66 78 74 68 87 81 57 77 83 71 65 83 81 79 91 80 78 88 96 81 59 70 72 90 97 80 67 65 80 81 83 95 72 82 70 91 84 81 65 77 78 76 94 88 71 74 78 80 75 70 78 80 75 66 87 61 78 83 76 74 71 82 73 78 88 63 78 85 71 85 71 81 76 78 75 73 83 73 77 73 63 75 72 82 88 63 84 82 70 89 64 76 82 69 80 73 76 70 55 49 38 34 26 18 12 0 0 0 0 0 0 0 0 
0 0 0 0 0 0 0 0 6 17 27 39 39 45 62 62 84 69 77 79 65 87 92 67 85 80 73 94 80 68 66 60 82 78 69 75 58 70 87 60 88 88 73 82 80 75 81 84 82 63 82 86 74 73 64 67 77 80 84 82 70 78 68 68 72 80 75 75 72 84 84 79 73 80 67 77 82 77 75 72 66 78 79 81 89 77 59 75 68 90 70 93 84 82 76 79 82 83 77 76 90 84 69 57 75 75 65 73 87 74 77 68 70 75 49 46 30 27 15 8 0 0 0 0 0 0 0 0 
0 0 0 0 0 0 0 0 5 9 23 41 53 41 50 71 72 87 71 72 74 74 94 86 76 82 93 71 72 85 88 88 63 80 77 79 86 69 60 78 81 86 75 74 65 76 99 89 87 74 81 75 66 71 76 78 76 83 69 80 74 78 100 87 86 86 95 73 82 87 69 85 67 87 85 88 65 72 81 96 61 78 66 79 101 76 76 70 75 84 70 80 81 102 85 72 71 67 86 80 80 75 85 90 81 82 74 65 68 76 67 92 61 72 41 43 32 22 16 3 1 0 0 0 0 0 0 0 
0 0 0 0 0 0 0 0 4 19 21 32 47 59 65 79 77 85 102 83 72 81 59 79 84 67 88 66 70 86 80 72 67 71 79 80 90 75 84 87 65 81 64 71 68 66 83 83 79 72 96 84 79 76 76 69 81 76 90 67 69 83 78 89 84 73 79 87 86 76 86 66 79 64 73 90 75 73 66 77 77 72 88 63 75 78 65 63 94 77 67 72 79 91 85 81 79 71 73 69 84 79 87 81 81 83 70 78 84 86 94 76 73 75 53 45 34 25 20 5 1 0 0 0 0 0 0 0 
0 0 0 0 0 0 0 0 6 16 34 29 34 44 55 83 80 90 82 73 80 92 81 85 75 69 77 82 65 77 70 93 74 71 75 80 72 75 65 61 83 86 77 75 84 66 74 83 68 83 74 74 67 57 82 82 73 75 83 95 77 80 77 86 74 78 68 73 79 74 87 85 80 75 93 65 82 79 64 80 78 79 73 86 93 82 74 66 66 81 72 70 74 76 74 77 70 67 85 74 87 68 64 64 71 79 59 82 87 76 71 63 66 60 47 49 32 28 13 11 0 0 0 0 0 0 0 0 
0 0 0 0 0 0 0 1 10 20 16 34 50 47 75 69 67 68 82 82 91 79 75 82 83 90 68 85 74 72 91 73 80 71 79 80 65 71 88 78 75 76 71 69 76 78 91 80 80 79 80 69 82 74 102 79 73 89 86 90 76 67 80 74 75 72 78 70 82 82 73 59 91 91 78 90 69 71 78 51 81 76 90 90 73 93 80 83 89 79 73 80 88 79 76 77 83 81 85 84 62 76 101 70 77 85 103 87 86 72 91 75 74 59 50 35 39 23 21 11 0 0 0 0 0 0 0 0 
0 0 0 0 0 0 0 1 5 13 24 27 41 37 53 71 66 66 78 67 91 58 69 71 87 78 54 93 77 74 84 79 71 83 70 75 73 78 69 74 74 80 68 79 67 75 96 66 82 75 97 65 63 77 63 79 88 88 85 74 70 71 75 69 81 79 77 75 68 80 78 81 72 79 86 71 64 65 93 75 87 76 74 72 69 86 78 94 81 80 65 70 80 75 73 63 78 70 80 70 79 68 65 73 78 54 64 86 80 67 83 74 82 52 43 50 21 21 16 5 1 0 0 0 0 0 0 0 
0 0 0 0 0 0 0 0 5 23 31 34 24 47 55 64 86 79 81 92 84 79 80 97 75 79 88 102 75 75 80 61 89 87 82 77 74 71 79 82 75 65 81 82 89 71 80 85 74 78 91 77 86 77 61 83 86 80 77 73 69 79 91 75 80 67 96 79 78 76 93 71 78 82 85 62 65 90 63 82 70 81 71 83 77 66 74 106 78 84 80 82 93 87 84 77 68 86 79 61 88 89 92 74 77 79 76 69 82 94 84 76 67 62 43 46 33 29 10 7 0 0 0 0 0 0 0 0 
0 0 0 0 0 0 0 0 8 17 25 26 49 47 61 72 87 69 87 95 66 61 72 52 85 77 84 82 73 92 67 77 67 74 78 84 73 77 80 97 75 81 97 89 75 63 79 76 80 93 72 53 68 81 71 90 69 77 72 93 73 70 80 63 83 80 70 69 80 102 86 80 68 68 80 93 77 76 83 72 68 88 88 69 71 92 83 64 87 87 73 65 106 65 72 70 66 79 85 73 57 85 86 74 70 75 71 71 86 86 76 71 69 74 49 48 24 30 12 8 1 0 0 0 0 0 0 0 
0 0 0 0 0 0 0 0 5 16 21 37 42 43 56 69 92 70 88 62 69 63 78 77 75 75 73 81 79 70 69 86 86 82 76 66 79 79 65 92 69 83 88 63 108 82 75 84 65 82 78 80 71 64 66 80 74 70 62 71 76 69 68 66 66 66 84 95 91 65 67 92 80 86 79 67 74 78 61 92 77 64 84 66 76 84 88 75 69 77 76 77 94 77 85 81 72 70 63 70 85 76 85 82 71 81 64 62 93 83 80 89 84 56 41 43 29 30 12 4 0 0 0 0 0 0 0 0 
0 0 0 0 0 0 0 0 5 14 21 34 41 51 67 65 87 82 71 83 95 85 84 90 68 82 78 84 77 74 72 63 76 88 85 86 85 78 74 78 68 70 87 81 78 82 71 87 84 75 79 65 79 87 73 75 79 85 76 69 72 77 77 68 72 75 76 84 88 81 95 96 76 93 58 75 87 69 73 64 72 72 80 82 70 84 84 75 73 94 73 81 96 87 71 72 73 61 66 79 72 79 96 68 77 89 68 78 76 96 84 89 69 60 35 42 33 15 21 1 0 0 0 0 0 0 0 0 
0 0 0 0 0 0 0 0 9 17 21 29 44 54 65 60 82 80 72 76 77 80 73 73 78 78 92 69 64 80 76 83 69 77 76 52 81 73 79 75 74 81 72 61 89 78 95 83 67 73 74 70 78 90 73 74 76 82 75 68 69 74 67 77 68 78 59 76 73 88 82 73 80 78 69 83 78 81 72 64 87 72 71 76 80 82 84 71 73 76 62 80 68 88 87 78 74 88 86 85 69 66 76 70 64 62 63 84 87 67 80 69 62 59 58 28 26 20 17 6 0 0 0 0 0 0 0 0 
0 0 0 0 0 0 0 0 5 14 24 37 40 47 54 76 80 92 80 74 74 82 67 89 88 82 67 85 77 82 83 78 79 66 69 57 91 67 79 78 82 67 81 79 83 67 74 73 87 75 80 80 60 83 75 81 95 78 71 76 77 64 95 90 71 79 89 79 99 82 64 81 68 84 78 87 74 68 86 77 76 75 67 71 76 83 76 84 84 84 71 80 76 81 71 77 85 82 74 69 93 75 71 69 67 81 79 48 73 72 77 74 70 64 57 45 35 26 23 6 0 0 0 0 0 0 0 0 
0 0 0 0 0 0 0 0 8 19 20 39 39 49 75 65 86 75 80 70 73 67 78 74 70 87 77 81 67 78 74 74 68 81 88 93 102 81 83 68 84 85 70 62 79 73 86 63 85 85 81 83 73 80 73 83 75 77 79 80 63 65 83 89 84 74 76 79 71 84 86 66 87 69 64 69 82 77 79 90 98 92 83 60 79 81 83 74 70 73 93 78 83 76 90 69 74 89 81 66 62 76 69 91 76 73 72 71 82 71 70 93 68 50 57 52 35 26 16 9 0 0 0 0 0 0 0 0 
0 0 0 0 0 0 0 0 5 16 21 41 38 61 51 67 90 82 87 75 79 89 77 73 77 80 74 83 79 82 70 74 84 84 79 85 66 66 94 99 92 75 82 83 72 86 84 74 60 74 77 76 81 87 84 93 86 85 85 78 71 89 74 90 83 85 76 73 82 93 77 58 67 85 80 80 67 59 64 91 80 62 82 63 78 74 82 81 87 75 66 76 80 75 83 84 81 75 77 84 83 82 90 81 86 77 77 74 75 78 64 77 63 68 51 45 23 17 14 8 0 0 0 0 0 0 0 0 
0 0 0 0 0 0 0 1 2 20 28 29 50 53 53 57 82 73 81 69 80 76 89 67 88 64 81 91 85 75 75 89 74 83 80 71 102 70 91 79 82 84 61 74 77 80 69 67 74 72 75 84 81 67 73 85 67 112 96 70 80 83 74 81 76 87 85 83 90 75 71 74 82 82 77 70 68 59 81 68 67 71 73 70 83 58 68 94 64 76 79 84 81 74 80 80 78 76 73 78 91 77 82 91 83 88 80 86 76 73 85 74 47 59 61 46 34 20 8 6 1 0 0 0 0 0 0 0 
0 0 0 0 0 0 0 1 4 19 28 20 29 58 69 77 71 83 88 73 83 86 71 92 87 80 71 93 62 85 87 73 89 97 74 75 66 76 85 80 74 77 73 75 86 74 73 78 88 55 67 82 73 92 83 84 75 71 78 71 88 69 77 69 94 83 81 74 88 87 80 86 60 83 76 78 92 83 88 78 66 77 69 90 72 72 75 70 84 73 68 72 77 87 69 85 82 76 79 72 91 81 80 81 79 74 103 81 80 82 75 83 70 62 55 42 32 33 13 6 0 0 0 0 0 0 0 0 
0 0 0 0 0 0 0 0 4 12 37 38 46 51 56 60 82 78 69 64 72 68 72 76 72 75 95 96 89 75 85 78 95 76 74 75 83 87 88 72 58 86 73 88 73 84 90 68 68 65 79 88 75 82 90 74 58 68 80 76 81 84 79 79 75 75 77 92 68 75 84 81 61 70 87 62 81 87 79 66 89 71 95 79 75 73 86 68 77 67 75 82 70 70 92 83 80 76 87 96 79 80 74 79 81 74 77 86 77 72 72 81 76 59 54 41 28 18 12 6 0 0 0 0 0 0 0 0 
0 0 0 0 0 0 0 0 4 14 21 37 49 55 57 74 80 58 75 69 80 77 66 78 81 62 73 79 77 74 69 109 76 71 86 58 86 84 92 77 86 74 74 83 92 83 80 71 56 74 77 81 93 79 76 68 64 73 68 75 73 63 80 81 93 84 80 99 81 65 97 86 73 77 59 87 58 87 66 66 71 84 78 86 77 79 86 79 79 82 74 76 83 68 71 78 78 90 66 69 71 83 79 87 74 78 86 69 69 90 86 78 83 55 51 43 26 19 6 3 0 0 0 0 0 0 0 0 
0 0 0 0 0 0 0 0 6 16 26 42 41 48 59 63 82 68 70 82 91 93 91 91 72 93 64 87 49 78 86 88 68 81 81 80 76 65 66 99 62 85 76 80 71 79 94 70 71 86 71 75 76 94 75 95 85 79 74 72 71 78 97 66 80 71 73 79 75 79 75 70 75 73 75 70 87 88 90 78 84 78 82 84 80 79 89 82 87 65 77 79 62 67 85 90 65 81 75 78 93 65 68 88 75 80 76 81 80 76 81 64 64 56 49 34 42 18 13 5 0 0 0 0 0 0 0 0 
0 0 0 0 0 0 0 0 10 13 27 20 45 55 76 56 70 82 77 68 67 88 79 68 57 81 86 91 93 87 88 69 80 80 79 74 80 81 73 93 81 70 72 89 71 74 89 77 82 88 72 80 78 74 76 75 82 77 73 94 82 71 87 105 77 79 81 71 78 72 68 89 61 83 71 95 75 87 69 72 82 78 83 54 88 87 60 77 74 73 69 84 82 57 78 80 69 91 71 70 59 73 89 66 80 68 66 82 88 70 86 85 74 39 58 50 23 21 18 8 0 0 0 0 0 0 0 0 
0 0 0 0 0 0 0 0 6 9 22 29 35 41 67 72 67 82 74 68 79 85 66 56 82 63 87 76 79 74 82 69 78 78 92 78 69 54 81 77 84 58 70 76 79 74 82 85 78 88 81 86 81 71 74 83 103 65 83 77 82 71 87 76 76 78 77 89 80 73 66 67 67 65 71 80 64 96 66 66 79 72 74 68 80 77 76 82 64 68 86 87 67 78 87 78 72 73 81 70 94 73 80 77 74 76 81 67 77 86 65 69 86 45 48 39 26 19 15 4 0 0 0 0 0 0 0 0 
0 0 0 0 0 0 0 0 5 19 25 47 45 44 64 68 86 86 78 68 69 90 67 71 79 74 88 71 75 70 88 73 74 66 76 80 61 77 81 86 73 73 78 83 70 76 74 87 91 59 77 73 68 84 76 74 76 79 74 79 74 82 76 74 77 67 72 84 87 80 81 73 81 69 69 75 86 82 70 78 88 64 74 80 78 68 80 87 77 95 88 93 103 83 77 76 73 68 66 79 64 72 78 79 68 77 86 93 85 64 84 84 57 60 34 41 35 33 15 10 0 0 0 0 0 0 0 0 
0 0 0 0 0 0 0 0 7 14 17 42 41 55 59 70 77 84 80 80 85 79 67 71 80 70 89 80 75 62 78 89 67 64 64 68 97 75 73 66 81 70 78 76 85 72 74 87 96 74 93 72 81 90 66 67 85 89 91 73 70 80 84 67 76 70 72 88 66 75 72 97 78 78 66 60 84 75 78 77 95 79 75 87 91 73 79 89 90 87 69 72 83 72 80 95 73 61 77 78 76 79 79 68 81 73 73 88 101 68 72 76 74 62 57 39 33 24 11 7 1 0 0 0 0 0 0 0 
0 0 0 0 0 0 0 0 9 11 23 31 38 52 58 70 72 71 72 89 86 76 76 82 76 80 62 81 67 90 74 81 67 83 79 77 72 63 84 79 75 81 81 82 104 75 81 92 77 85 76 78 76 66 59 79 78 81 81 79 81 75 94 74 86 79 75 84 77 80 71 82 73 76 88 77 76 73 92 81 76 88 64 87 80 69 69 77 82 71 68 73 86 92 85 75 60 74 74 79 93 76 76 76 79 89 78 102 89 74 83 70 100 54 62 41 38 16 16 12 0 0 0 0 0 0 0 0 
0 0 0 0 0 0 0 0 5 13 21 33 37 45 52 65 94 82 59 73 68 66 75 69 74 66 63 65 83 79 76 76 75 82 71 85 87 76 71 77 90 72 64 73 79 68 71 87 80 95 77 80 82 70 81 75 92 91 79 90 69 92 88 83 70 85 75 83 76 69 74 77 66 92 77 74 72 61 83 73 98 79 93 103 82 83 75 69 79 85 77 81 78 85 78 80 68 64 64 76 67 66 76 81 80 72 70 75 75 77 76 68 69 50 45 33 37 20 16 6 0 0 0 0 0 0 0 0 
0 0 0 0 0 0 0 0 4 12 29 25 50 58 60 75 75 84 70 94 85 80 85 89 77 85 97 72 80 89 69 79 74 66 75 80 73 70 77 84 83 62 62 83 103 97 71 76 81 65 69 68 69 94 60 107 64 63 57 71 68 89 77 86 69 78 87 80 84 79 84 87 69 75 82 84 80 74 95 81 85 73 74 78 81 74 82 74 77 69 59 82 92 93 94 67 78 82 67 78 82 74 71 67 72 97 86 65 73 67 96 79 59 65 52 42 24 38 14 6 0 0 0 0 0 0 0 0 
0 0 0 0 0 0 0 0 6 15 27 34 43 53 66 58 59 67 77 80 70 79 82 77 92 66 74 70 74 82 82 78 79 80 82 70 84 70 67 83 78 82 52 87 86 83 87 77 78 77 63 68 62 69 89 88 78 78 62 90 75 76 79 88 77 90 75 78 82 85 63 96 75 77 77 68 67 59 80 80 71 75 82 81 82 86 73 86 77 81 91 81 78 76 74 72 81 66 94 88 85 70 69 69 82 75 66 83 82 100 87 87 69 64 48 45 46 26 22 6 1 0 0 0 0 0 0 0 
0 0 0 0 0 0 0 0 5 17 23 44 35 50 53 69 86 74 92 76 61 88 86 72 72 75 76 68 66 61 76 81 95 77 61 62 62 79 80 70 82 79 67 71 80 91 84 65 79 79 92 55 70 81 68 82 74 91 65 81 68 78 93 61 83 86 79 85 77 89 72 79 79 64 76 67 85 75 79 79 81 88 69 75 60 73 89 74 75 82 73 86 68 84 79 76 72 76 66 60 89 78 88 74 73 82 97 85 90 85 82 63 67 59 46 37 41 27 20 8 0 0 0 0 0 0 0 0 
0 0 0 0 0 0 0 0 9 16 25 46 45 54 63 59 70 77 79 60 89 75 77 82 77 95 86 83 79 72 80 73 75 78 81 88 75 76 83 82 85 80 87 72 71 72 71 89 94 91 70 65 73 71 75 77 82 82 72 79 92 88 75 89 80 79 80 82 91 93 65 59 78 73 77 73 76 93 62 69 97 74 73 83 72 98 81 71 77 68 75 81 68 71 76 78 62 95 74 83 68 80 68 64 91 80 71 95 67 87 83 65 68 67 54 45 38 18 14 6 0 0 0 0 0 0 0 0 
0 0 0 0 0 0 0 0 8 12 21 30 46 56 67 60 73 72 75 81 61 84 59 94 78 91 81 73 73 74 75 78 69 72 88 75 75 68 89 76 80 73 92 80 71 61 74 83 79 70 78 79 69 69 77 87 78 77 81 73 91 64 84 67 69 76 76 82 77 80 83 71 87 66 81 78 84 90 77 65 74 82 64 82 67 83 77 83 87 74 64 71 80 66 88 88 70 76 73 76 86 77 74 76 82 75 67 71 95 83 78 75 71 76 50 42 33 35 8 10 0 0 0 0 0 0 0 0 
0 0 0 0 0 0 0 1 7 24 27 44 37 61 56 75 76 85 85 86 69 76 83 61 67 84 88 91 75 73 64 86 77 84 72 77 64 73 61 82 77 68 84 99 65 82 78 58 63 68 67 67 79 89 74 95 74 77 74 85 77 66 59 86 83 83 87 73 87 77 66 90 87 89 80 94 77 87 89 71 76 101 60 75 78 95 85 74 74 77 82 68 89 85 78 86 78 66 62 83 83 63 98 81 69 74 64 65 82 74 80 76 81 69 45 45 35 23 19 4 0 0 0 0 0 0 0 0 
0 0 0 0 0 0 0 0 6 13 26 36 42 52 58 84 79 66 77 81 83 81 86 60 68 80 58 51 79 66 60 75 81 80 69 71 86 81 79 80 69 70 75 93 79 80 64 66 77 88 100 89 76 85 65 74 71 67 66 76 79 79 94 71 87 83 75 76 65 91 84 68 64 89 80 73 82 87 69 69 70 79 61 83 82 64 76 65 82 68 74 86 73 78 76 77 78 83 88 83 88 68 93 91 69 82 66 87 89 72 85 80 66 50 49 48 31 22 13 3 0 0 0 0 0 0 0 0 
0 0 0 0 0 0 0 0 9 17 22 37 44 59 56 57 79 77 76 73 82 70 65 66 77 71 78 68 65 82 76 80 66 82 72 79 93 81 68 82 89 67 71 67 87 86 92 79 77 75 70 74 84 92 74 81 82 82 78 87 84 77 93 65 79 79 75 75 72 58 84 84 75 66 90 78 93 83 81 77 71 76 71 72 80 76 82 84 70 75 75 72 98 72 74 67 82 79 81 73 94 85 75 61 57 61 73 76 75 84 78 77 72 68 49 29 31 25 14 5 0 0 0 0 0 0 0 0 
0 0 0 0 0 0 0 0 6 12 37 33 42 48 73 77 85 87 79 84 65 72 62 74 85 63 77 81 70 78 68 84 75 74 83 62 67 70 94 70 78 78 73 81 66 87 75 73 77 71 79 78 78 77 83 62 77 66 70 68 69 88 86 73 66 74 86 90 69 88 73 80 80 73 80 73 76 71 85 78 94 77 76 77 78 75 90 86 62 84 94 72 69 72 90 69 67 63 66 79 68 68 84 77 72 78 75 79 70 68 80 80 77 67 53 33 36 20 6 4 1 0 0 0 0 0 0 0 
0 0 0 0 0 0 0 0 5 15 28 33 46 53 50 70 81 77 83 78 74 82 61 59 79 94 59 56 84 83 81 80 81 60 74 78 68 70 84 75 99 79 69 81 81 63 77 90 79 82 62 77 78 74 71 76 76 75 88 71 76 76 80 80 82 69 72 76 90 71 72 100 92 82 73 96 72 71 79 85 84 77 85 87 82 78 75 68 71 71 81 76 77 83 85 73 70 90 84 78 76 77 81 81 75 83 85 72 87 81 83 70 72 47 52 36 37 21 10 5 0 0 0 0 0 0 0 0 
0 0 0 0 0 0 0 0 6 20 20 26 33 46 57 82 72 81 58 83 86 82 72 74 77 63 73 81 78 73 61 77 71 77 81 86 87 69 66 66 74 78 66 76 74 78 76 79 82 68 89 88 78 76 72 79 85 71 74 80 80 81 69 86 76 72 74 81 69 73 77 80 80 69 79 79 70 81 97 71 68 76 63 102 76 81 71 84 67 70 83 68 82 87 101 79 87 62 79 79 78 70 76 94 73 70 88 79 78 72 89 74 77 59 48 34 28 18 12 6 0 0 0 0 0 0 0 0 
0 0 0 0 0 0 0 0 7 13 26 26 37 42 58 74 88 80 69 69 98 96 91 76 78 71 81 78 80 63 72 81 70 75 79 86 83 84 71 71 95 95 60 85 79 73 67 85 74 68 83 63 85 81 93 68 83 82 73 64 78 70 84 83 76 78 67 65 77 70 86 65 80 86 72 65 73 82 83 71 80 68 75 85 76 76 79 78 69 88 83 79 78 69 74 74 75 71 63 68 66 75 84 92 71 79 70 81 76 68 69 71 69 66 63 55 36 27 17 10 0 0 0 0 0 0 0 0 
0 0 0 0 0 0 0 1 6 19 27 38 32 56 51 70 75 81 70 88 75 91 76 81 51 71 96 75 80 64 83 63 67 66 91 99 69 73 61 70 68 62 78 64 79 66 49 76 91 73 78 79 77 78 80 81 95 81 82 87 65 82 88 95 88 80 70 83 62 74 87 77 89 69 76 85 83 86 65 103 63 77 94 97 85 81 77 80 90 92 88 77 73 88 77 66 71 71 86 64 92 77 73 85 101 86 71 94 83 78 84 74 85 78 34 47 38 26 12 4 0 0 0 0 0 0 0 0 
0 0 0 0 0 0 0 0 5 14 24 27 53 65 47 65 85 73 79 70 90 90 75 77 67 74 78 79 70 83 64 79 67 82 77 84 68 89 67 77 83 70 78 83 85 73 80 76 82 92 82 76 78 68 86 71 69 63 84 101 79 70 94 68 88 59 77 79 55 83 83 83 72 78 66 86 61 82 73 87 73 59 89 70 65 72 77 83 94 72 66 74 69 80 69 75 73 81 74 78 84 60 80 76 66 88 78 79 82 72 71 74 64 59 49 48 34 19 13 8 0 0 0 0 0 0 0 0 
0 0 0 0 0 0 0 0 7 8 24 38 35 41 71 65 97 73 73 93 84 67 87 89 82 66 69 88 80 77 84 84 82 74 78 84 78 82 81 93 73 79 74 85 72 80 71 72 85 77 83 69 74 84 87 75 76 64 94 86 74 84 78 66 76 79 85 81 68 87 77 63 108 67 64 88 80 73 67 85 82 80 74 72 85 79 86 73 89 68 79 67 82 72 91 83 70 86 57 86 85 67 75 73 78 75 78 78 76 69 90 61 66 71 44 39 30 18 7 8 0 0 0 0 0 0 0 0 
0 0 0 0 0 0 0 0 4 16 23 33 37 49 64 65 81 94 81 83 76 86 65 77 82 71 71 96 85 80 77 80 87 64 79 90 58 71 91 70 77 71 95 81 77 63 71 89 76 87 93 84 84 88 73 94 69 79 92 64 66 64 66 82 65 73 72 84 90 89 69 76 84 71 66 73 64 72 73 76 66 78 78 74 81 77 59 71 72 74 78 66 66 77 96 91 81 71 79 70 81 63 77 81 79 73 80 72 77 76 78 68 78 62 58 45 29 19 15 4 0 0 0 0 0 0 0 0 
0 0 0 0 0 0 0 0 2 17 28 39 46 45 52 60 86 74 83 81 89 72 98 68 68 58 83 77 79 76 78 77 70 70 67 88 80 66 68 76 81 84 84 84 71 77 79 68 83 67 82 73 83 71 64 71 74 76 87 79 83 79 74 88 78 87 83 72 80 64 78 80 74 76 69 72 68 80 82 88 91 74 86 87 75 91 79 85 89 64 65 86 72 72 80 80 81 72 82 83 72 80 86 88 81 77 73 78 81 72 85 69 75 73 42 48 31 27 17 5 0 0 0 0 0 0 0 0 
0 0 0 0 0 0 0 1 5 13 28 34 42 50 52 71 80 75 82 67 84 75 83 76 69 75 75 79 76 75 83 76 68 76 87 74 76 95 72 86 70 78 80 87 67 76 71 68 69 76 63 80 100 90 75 75 85 71 85 67 76 86 53 88 75 78 85 62 69 75 58 77 57 85 84 71 62 75 81 73 85 80 84 79 84 70 77 70 86 78 75 73 68 80 82 70 85 83 68 70 76 85 75 80 82 79 71 76 89 85 83 84 69 58 63 42 37 18 15 6 2 0 0 0 0 0 0 0 
0 0 0 0 0 0 0 0 5 19 24 27 47 48 59 84 81 81 80 98 96 76 73 77 67 84 93 81 93 64 89 83 73 70 82 71 78 84 76 73 81 74 73 79 77 81 74 70 64 68 68 66 74 60 82 83 76 87 83 80 93 66 95 76 86 86 71 67 71 75 95 78 75 77 77 83 75 77 58 70 85 79 69 81 72 79 72 71 64 75 82 90 87 91 87 72 70 66 83 83 73 65 70 88 71 88 87 84 92 90 68 57 78 70 50 46 34 17 19 8 0 0 0 0 0 0 0 0 
0 0 0 0 0 0 0 1 10 16 22 39 41 60 54 67 101 76 77 73 80 73 89 88 75 78 73 81 74 72 81 92 73 75 103 73 74 102 70 89 81 91 80 66 66 98 89 92 66 92 68 98 73 91 83 95 68 80 77 70 81 66 70 71 85 75 83 67 71 82 74 70 74 75 68 79 73 87 76 93 67 88 79 73 91 80 80 81 64 73 68 87 75 83 81 75 85 77 72 66 87 84 64 82 90 73 76 61 65 79 87 67 61 48 55 52 17 28 13 3 0 0 0 0 0 0 0 0 
0 0 0 0 0 0 0 0 7 16 23 33 36 36 55 76 60 65 76 82 79 78 80 79 94 79 88 70 81 83 72 81 85 78 83 82 87 82 71 73 79 77 81 69 85 70 86 63 73 70 86 95 83 83 73 74 74 61 65 69 83 89 74 80 74 75 68 76 82 99 70 78 78 81 95 85 63 69 81 83 78 78 87 95 72 75 91 70 65 80 78 72 86 73 70 73 78 78 82 82 78 72 91 81 60 66 85 84 61 65 68 79 79 75 49 48 43 27 11 6 2 0 0 0 0 0 0 0 
0 0 0 0 0 0 0 0 2 17 18 37 45 50 61 82 80 64 66 81 83 86 69 82 82 71 89 92 69 66 88 97 84 71 75 88 77 72 74 76 58 84 73 71 78 68 75 84 69 86 78 83 78 79 71 82 79 94 75 69 79 75 72 71 73 88 77 71 84 76 78 78 62 81 71 84 85 71 83 70 76 78 84 70 83 89 65 92 70 84 78 70 85 67 77 84 77 78 61 73 86 72 75 75 78 79 68 81 66 77 78 82 72 61 58 35 33 21 14 7 2 0 0 0 0 0 0 0 
0 0 0 0 0 0 0 0 9 14 23 27 35 49 58 85 75 74 62 94 81 68 72 51 84 81 73 83 91 66 88 71 84 80 68 72 72 83 72 56 85 63 76 73 66 80 80 81 70 75 84 81 72 71 72 84 78 61 74 71 74 68 67 81 71 80 67 95 75 63 71 84 83 67 86 77 85 76 76 76 78 84 72 71 83 78 84 71 67 84 78 73 82 79 79 75 82 84 67 64 84 75 86 72 83 80 85 88 75 72 79 93 71 59 56 41 32 31 15 3 0 0 0 0 0 0 0 0 
0 0 0 0 0 0 0 0 6 17 16 39 42 60 57 68 74 82 89 73 96 87 88 70 91 87 79 82 57 72 63 74 77 75 73 63 92 77 76 73 79 76 73 86 66 79 74 74 89 73 74 76 80 93 81 72 78 87 67 75 95 78 66 82 74 76 83 77 76 84 78 84 90 61 80 65 81 76 86 85 76 79 77 62 71 75 77 68 98 86 84 73 73 85 80 70 72 89 78 71 94 85 73 95 70 77 72 70 86 84 81 82 68 53 58 44 37 27 16 4 0 0 0 0 0 0 0 0 
0 0 0 0 0 0 0 0 5 10 24 35 42 56 63 65 73 72 84 81 67 68 79 71 66 70 68 74 79 74 73 73 88 81 72 94 78 72 78 81 77 75 77 67 64 84 94 78 75 83 85 80 86 78 79 71 78 76 63 69 82 74 84 68 81 75 69 72 89 67 77 94 57 66 75 76 76 76 79 73 85 71 81 83 78 84 78 80 73 81 74 69 74 70 59 83 92 71 61 76 59 66 74 81 75 85 76 79 73 84 86 64 85 63 44 46 36 29 13 8 0 0 0 0 0 0 0 0 
0 0 0 0 0 0 0 1 8 13 24 34 53 46 52 62 79 81 79 80 67 73 96 85 68 79 71 73 78 85 74 70 77 86 77 87 83 83 82 94 84 81 71 79 85 83 76 79 73 80 75 73 82 79 72 84 80 73 83 83 76 83 72 77 78 69 79 71 93 77 69 63 56 72 86 83 78 77 68 84 63 75 81 90 79 73 73 82 67 81 74 68 82 91 80 80 88 69 79 84 67 74 74 95 80 83 99 86 80 66 76 65 87 72 47 48 38 25 22 4 0 0 0 0 0 0 0 0 
0 0 0 0 0 0 0 0 10 17 21 33 45 58 79 56 87 75 84 83 74 73 65 85 72 76 71 70 78 70 75 70 68 78 88 73 70 74 64 75 82 83 82 77 81 80 79 69 73 74 74 73 80 60 75 83 62 67 75 65 86 87 74 87 72 80 61 86 77 74 99 75 79 77 63 85 83 76 88 66 77 82 78 80 93 65 73 82 94 88 74 74 94 71 84 76 73 77 68 79 72 58 81 69 71 82 78 62 78 77 72 79 61 52 46 40 21 26 10 9 0 0 0 0 0 0 0 0 
0 0 0 0 0 0 0 0 1 13 19 38 36 56 51 62 77 76 89 76 74 76 70 65 88 81 90 77 76 70 82 82 63 87 82 81 88 85 79 77 72 76 81 80 75 73 66 83 82 87 81 79 83 82 86 74 69 70 83 74 82 79 96 88 81 79 63 62 77 75 91 61 73 75 76 81 68 82 78 85 93 78 76 64 82 77 91 75 77 83 80 88 68 75 79 75 74 94 80 66 67 71 67 86 75 92 91 89 88 90 81 78 61 82 46 38 36 18 12 9 0 0 0 0 0 0 0 0 
0 0 0 0 0 0 0 0 3 16 25 19 45 56 50 55 68 80 72 99 80 83 87 71 74 76 77 71 73 84 75 82 79 88 61 72 83 59 78 68 86 71 74 71 85 85 62 90 89 73 82 67 65 69 80 87 73 71 76 73 81 85 72 87 86 74 66 76 72 67 81 80 74 73 91 75 81 69 77 73 86 74 82 79 75 76 70 76 79 85 82 90 88 82 67 83 84 89 90 82 67 77 86 83 61 72 83 95 64 67 80 53 82 60 50 42 40 36 17 3 0 0 0 0 0 0 0 0 
0 0 0 0 0 0 0 0 7 13 19 28 54 44 59 87 87 82 63 86 79 88 88 79 69 67 80 67 79 72 97 78 95 85 69 80 84 83 76 88 91 87 82 63 83 76 84 73 85 86 61 81 83 86 68 59 81 83 67 92 66 81 84 77 82 90 75 83 77 85 73 84 81 77 80 100 80 94 76 74 91 90 67 69 64 74 71 68 80 56 83 85 70 68 69 86 71 77 80 69 98 86 85 66 79 79 79 85 90 80 63 60 66 58 62 40 39 17 15 4 0 0 0 0 0 0 0 0 
0 0 0 0 0 0 0 0 7 12 22 32 43 52 70 76 95 92 91 79 76 84 70 78 62 66 82 96 83 87 74 84 80 72 92 85 73 80 59 67 89 66 80 73 73 81 75 66 82 78 82 68 77 57 81 96 76 87 89 93 84 61 81 81 75 83 76 63 94 79 79 80 94 86 60 71 78 65 95 88 83 91 80 72 78 71 83 88 99 74 87 70 63 72 77 87 81 67 80 83 70 77 79 84 88 90 68 77 64 68 83 74 66 67 54 37 41 25 21 8 1 0 0 0 0 0 0 0 
0 0 0 0 0 0 0 0 4 10 23 35 43 53 50 64 78 83 83 84 89 61 84 68 85 58 75 71 80 80 75 84 70 90 94 86 78 69 58 71 80 60 75 74 79 68 72 75 70 78 75 68 89 72 82 73 65 85 73 78 75 76 74 80 90 82 87 85 81 79 67 64 72 82 68 83 86 79 89 90 86 71 71 75 75 68 66 79 62 74 80 75 57 64 72 74 75 70 83 69 76 68 73 76 81 67 68 91 85 95 79 67 63 58 47 37 34 23 10 6 0 0 0 0 0 0 0 0 
0 0 0 0 0 0 0 1 8 11 24 35 45 64 63 73 98 82 69 66 62 69 73 76 66 61 80 82 83 81 69 55 84 87 85 58 81 73 73 95 74 84 69 82 89 64 83 85 83 77 80 77 68 85 76 79 88 75 66 76 75 63 83 80 71 79 70 76 94 80 82 82 62 80 73 89 79 86 82 76 76 98 69 76 76 81 68 81 77 77 69 71 78 75 74 76 80 81 90 86 78 71 102 84 86 83 80 87 72 79 87 77 71 59 59 44 36 34 17 7 0 0 0 0 0 0 0 0 
0 0 0 0 0 0 0 0 3 18 26 29 39 59 69 74 82 88 84 83 75 87 75 79 69 75 73 90 68 63 84 65 92 77 74 86 63 80 69 76 84 88 73 75 82 86 66 77 73 73 68 84 70 71 72 88 69 80 83 73 71 77 70 76 83 82 81 69 90 88 68 70 71 73 72 81 73 70 75 84 83 67 63 72 93 65 72 77 92 75 76 78 80 84 85 73 74 77 77 76 72 70 86 89 65 65 72 81 83 76 70 73 66 54 47 41 27 24 15 5 0 0 0 0 0 0 0 0 
0 0 0 0 0 0 0 0 2 10 20 45 42 47 47 57 61 86 86 86 83 81 84 83 78 81 85 80 94 77 80 75 84 75 83 58 76 78 85 86 87 76 64 91 88 79 88 83 77 74 87 70 87 82 92 72 85 76 73 64 67 83 76 92 83 68 89 84 82 84 80 65 85 81 68 93 91 79 66 82 83 84 84 79 71 79 86 86 80 82 66 77 71 81 75 75 76 92 72 81 67 71 96 75 77 68 80 75 103 66 81 76 72 58 46 39 34 27 11 4 0 0 0 0 0 0 0 0 
0 0 0 0 0 0 0 0 5 11 34 36 42 53 70 64 82 76 80 86 82 87 74 76 67 75 73 87 79 63 87 70 77 62 82 102 69 73 88 67 77 77 75 70 71 68 77 97 87 66 84 70 75 74 78 88 94 68 65 86 71 78 81 82 82 72 77 89 72 73 90 72 105 85 96 70 79 66 68 79 81 93 59 69 86 77 86 85 71 81 70 87 68 71 82 82 75 83 63 80 72 61 95 78 70 73 82 68 72 90 80 72 68 70 63 43 28 29 15 8 0 0 0 0 0 0 0 0 
0 0 0 0 0 0 0 0 4 11 22 40 40 55 65 85 72 80 89 84 100 83 84 67 66 85 83 74 76 81 66 80 57 90 80 80 81 80 74 69 64 81 61 76 80 90 63 80 74 74 83 80 78 88 69 100 88 76 62 97 66 75 87 67 84 79 71 74 70 64 56 74 83 73 78 71 64 77 86 77 84 66 73 60 78 84 67 90 74 70 79 75 67 74 71 67 86 87 59 80 80 81 72 78 75 91 61 65 88 80 76 64 75 57 47 39 26 22 12 1 0 0 0 0 0 0 0 0 
0 0 0 0 0 0 0 1 2 10 16 38 41 57 61 69 70 88 80 68 63 88 96 80 74 59 88 77 82 75 69 64 74 68 61 87 68 71 62 86 67 84 71 71 68 72 84 78 76 74 84 84 64 88 71 74 68 93 92 83 75 75 61 70 76 68 75 81 72 70 88 75 82 79 106 74 76 77 80 81 84 65 75 67 67 79 86 72 75 70 82 80 77 68 82 71 77 76 94 78 61 77 84 78 86 83 87 79 57 79 89 80 84 66 50 47 34 22 15 7 0 0 0 0 0 0 0 0 
0 0 0 0 0 0 0 0 3 16 22 32 37 55 58 64 88 78 70 68 77 76 70 95 93 63 79 79 68 85 91 82 78 92 72 70 65 82 78 78 69 68 82 72 57 83 89 70 76 80 83 72 73 85 75 69 71 88 94 72 78 84 79 87 74 74 76 75 80 59 71 91 79 81 87 79 76 87 61 66 92 84 83 70 71 75 69 88 84 85 83 72 84 79 78 91 75 76 74 79 91 88 72 76 92 85 74 73 62 72 89 75 59 60 48 51 18 27 17 8 1 0 0 0 0 0 0 0 
0 0 0 0 0 0 0 1 7 14 21 29 45 61 59 64 75 79 84 72 80 75 79 84 72 79 83 84 79 75 78 71 81 83 73 90 59 71 67 70 80 75 72 60 77 94 73 89 70 86 80 88 91 69 64 82 70 89 82 77 76 68 78 85 80 85 75 80 85 63 87 93 82 72 84 89 64 69 83 81 77 70 81 76 76 78 63 59 65 64 76 87 76 79 64 76 74 77 87 73 57 73 86 85 82 71 70 74 68 76 79 55 70 57 50 46 27 26 17 7 0 0 0 0 0 0 0 0 
0 0 0 0 0 0 0 1 6 15 29 34 36 64 61 64 98 92 70 92 72 74 84 85 90 63 77 80 75 77 82 80 78 91 82 84 75 69 99 68 83 75 69 75 90 70 84 76 85 87 96 79 99 87 70 89 73 70 64 94 81 74 82 95 88 69 92 65 75 68 74 77 74 100 69 83 65 82 79 78 77 83 78 77 82 67 80 87 64 66 64 85 77 67 71 83 57 76 68 79 84 57 75 86 91 83 76 75 88 82 67 71 67 52 49 42 32 28 11 4 0 0 0 0 0 0 0 0 
0 0 0 0 0 0 0 0 5 25 28 33 35 52 59 71 59 63 71 88 77 71 62 81 87 82 96 82 68 65 65 78 72 74 95 77 83 69 88 80 59 71 82 67 74 79 78 111 61 85 88 81 70 81 71 72 72 76 79 94 83 83 82 68 82 86 69 81 89 76 77 68 82 89 70 75 81 81 73 95 77 79 86 75 76 81 72 66 83 93 80 62 60 64 66 90 85 73 78 78 82 83 83 89 83 81 92 57 76 80 79 79 81 73 57 34 31 29 20 6 0 0 0 0 0 0 0 0 
0 0 0 0 0 0 0 0 7 30 26 39 41 60 49 66 71 92 78 85 69 81 68 84 69 68 73 71 94 89 78 81 85 83 83 84 69 81 90 63 65 74 83 65 70 77 71 80 66 93 86 74 80 76 87 76 68 83 79 86 93 59 80 75 91 70 71 71 83 68 81 61 67 68 94 72 61 70 81 71 85 63 90 87 76 75 82 78 84 80 73 91 72 71 83 100 90 67 95 71 77 72 92 87 65 85 78 81 82 79 76 97 73 65 57 50 32 25 13 6 0 0 0 0 0 0 0 0 
0 0 0 0 0 0 0 0 7 30 21 37 39 51 56 65 71 74 75 78 98 81 77 79 88 69 80 65 89 79 77 83 86 76 65 75 78 84 87 86 71 67 83 72 83 71 75 68 84 67 80 83 90 86 97 84 77 73 81 69 84 70 80 77 76 80 61 73 80 78 71 84 84 73 87 76 82 72 76 69 70 74 82 68 75 49 69 73 75 78 86 63 66 71 88 62 84 83 77 72 76 79 87 84 75 84 74 82 81 87 93 72 70 58 48 38 35 18 11 8 0 0 0 0 0 0 0 0 
0 0 0 0 0 0 0 0 5 14 21 38 46 56 47 68 75 94 62 81 71 85 66 78 82 78 70 93 73 84 73 72 85 93 66 64 79 75 73 81 93 83 82 79 90 68 86 70 86 91 84 74 76 65 70 79 72 82 81 66 82 70 75 65 59 78 71 74 80 68 64 80 76 84 78 54 69 67 81 64 69 71 71 102 60 84 77 76 76 79 76 72 90 77 75 75 85 79 66 84 78 76 81 76 72 70 73 93 76 79 84 82 61 65 64 31 33 26 10 4 0 0 0 0 0 0 0 0 
0 0 0 0 0 0 0 0 9 12 21 28 35 48 54 77 89 82 74 77 94 67 77 75 82 77 84 77 86 71 70 71 88 85 92 73 67 85 69 77 71 69 73 75 76 84 82 63 89 82 71 78 81 78 87 68 73 71 76 66 76 82 77 90 80 82 85 91 81 60 83 75 78 70 74 79 75 78 77 69 71 79 76 81 74 93 89 76 81 67 68 70 81 74 72 75 75 72 81 72 69 73 76 65 96 85 87 87 88 67 75 76 85 60 45 45 29 32 16 5 0 0 0 0 0 0 0 0 
0 0 0 0 0 0 0 0 3 10 20 37 52 48 60 71 81 78 82 69 58 84 74 87 87 83 88 88 69 75 81 64 72 88 102 73 81 78 73 73 71 73 67 69 80 74 82 75 74 81 66 79 73 88 75 93 88 70 80 74 93 69 76 74 95 60 79 97 75 71 86 62 86 75 76 85 92 57 77 104 86 80 65 72 77 75 86 77 87 64 79 89 81 70 83 64 80 75 83 81 69 80 71 65 60 79 80 88 89 69 74 81 65 64 51 40 20 19 15 4 0 0 0 0 0 0 0 0 
0 0 0 0 0 0 0 0 5 11 16 24 41 48 46 88 70 65 76 73 81 74 83 91 72 68 76 79 69 87 89 83 81 86 77 79 71 63 66 73 76 83 66 91 72 84 63 85 67 66 73 74 81 57 81 54 67 66 73 74 69 73 85 74 77 82 76 75 84 72 67 84 71 66 80 63 93 79 66 65 78 71 75 80 78 60 63 84 73 77 74 76 74 63 81 59 69 81 76 85 75 68 70 93 72 89 73 77 81 74 93 72 68 57 53 35 30 25 11 3 0 0 0 0 0 0 0 0 
0 0 0 0 0 0 0 0 8 16 14 32 47 55 69 64 76 72 83 73 75 81 85 80 74 81 85 64 100 71 63 63 81 75 71 79 75 94 69 79 79 83 81 68 79 53 66 73 76 74 75 73 80 98 70 68 72 80 84 69 76 77 55 68 82 69 72 61 80 79 57 59 69 89 86 84 67 98 80 92 80 81 95 69 71 77 71 70 64 76 61 81 69 75 79 76 63 76 75 74 72 93 73 88 83 82 69 81 76 85 83 69 66 65 41 31 29 25 12 6 0 0 0 0 0 0 0 0 
0 0 0 0 0 0 0 0 4 14 17 34 36 58 57 62 59 66 77 65 85 76 83 87 95 69 72 72 77 69 77 82 74 74 81 85 91 86 81 66 72 79 79 77 96 75 51 68 80 64 83 84 87 89 71 76 74 71 73 64 78 63 62 89 80 91 68 82 90 87 79 86 67 82 71 81 72 72 81 67 73 69 44 73 88 90 73 74 87 84 70 75 71 80 89 80 66 84 75 79 71 90 88 74 76 82 86 80 82 75 72 83 70 74 35 44 51 23 19 5 0 0 0 0 0 0 0 0 
0 0 0 0 0 0 0 0 4 24 19 31 37 54 60 79 84 94 87 87 99 61 81 59 79 98 69 55 72 61 82 75 97 77 89 73 64 81 74 76 67 80 77 83 76 80 75 59 68 90 67 70 76 72 76 63 85 73 77 67 83 85 89 76 74 79 81 72 79 94 80 81 68 85 77 64 81 70 83 68 65 82 71 77 76 63 81 72 71 64 58 72 82 76 80 65 114 89 68 93 62 77 81 94 78 63 74 83 79 72 67 57 77 61 58 34 35 12 17 3 0 0 0 0 0 0 0 0 
0 0 0 0 0 0 0 0 7 18 28 28 36 66 51 80 87 82 95 69 76 78 76 62 65 66 86 83 70 66 91 80 78 80 60 84 73 79 78 81 55 70 72 67 97 70 76 78 70 89 87 103 78 74 83 81 82 83 63 64 93 81 74 64 75 76 79 80 76 78 65 86 78 85 101 81 73 70 73 84 81 73 62 75 78 72 71 76 77 80 74 94 68 81 83 71 82 64 77 74 76 75 85 89 81 81 86 84 87 74 83 66 83 54 48 51 22 25 22 2 0 0 0 0 0 0 0 0 
0 0 0 0 0 0 0 0 2 14 27 42 53 50 48 70 69 81 81 76 73 60 92 67 89 73 90 64 86 75 68 82 80 88 72 81 74 86 83 77 87 78 73 88 59 66 75 93 80 69 64 76 79 72 68 95 71 68 88 94 77 83 73 82 75 69 69 86 74 65 57 92 78 71 77 79 70 90 73 94 75 65 80 67 64 93 69 82 67 64 77 71 84 75 84 71 82 95 84 85 82 78 74 70 86 82 76 94 73 68 84 67 69 64 52 42 29 27 11 8 0 0 0 0 0 0 0 0 
0 0 0 0 0 0 0 0 2 14 17 33 25 54 60 70 65 87 88 75 80 92 65 80 81 72 82 73 82 84 84 82 82 54 72 84 66 80 76 84 74 77 82 77 80 69 72 76 75 86 67 92 83 79 78 68 78 75 70 82 78 67 72 78 77 85 89 72 74 83 89 68 80 71 85 63 75 80 68 76 77 80 81 87 84 84 70 83 77 67 76 74 65 92 74 71 75 76 76 77 71 73 83 62 53 76 89 75 70 84 76 91 55 71 51 47 35 28 26 8 0 0 0 0 0 0 0 0 
0 0 0 0 0 0 0 0 7 14 30 34 44 38 75 56 71 78 81 68 95 76 75 89 70 78 68 72 67 80 57 79 78 57 70 61 85 74 73 80 74 76 69 82 84 64 56 77 67 64 81 79 84 85 70 85 66 77 75 86 99 75 99 71 89 77 63 70 73 75 73 73 68 76 83 73 63 79 79 74 85 80 87 87 71 70 80 77 76 77 80 74 78 75 81 80 66 77 77 61 73 65 86 78 79 82 76 78 77 86 83 80 59 54 52 45 36 21 18 5 0 0 0 0 0 0 0 0 
0 0 0 0 0 0 0 0 6 14 19 34 31 54 63 58 73 69 91 92 80 84 77 96 70 83 70 72 70 73 98 70 89 65 86 78 78 79 78 65 60 57 78 76 78 88 54 88 70 71 71 99 79 71 58 91 86 88 89 78 77 74 79 86 71 82 90 68 81 81 87 64 87 71 78 81 87 76 83 73 72 79 71 63 70 81 78 81 63 86 90 86 71 70 94 84 84 79 68 86 77 79 84 91 84 74 74 74 69 80 73 80 71 60 58 42 46 33 21 6 0 0 0 0 0 0 0 0 
0 0 0 0 0 0 0 1 9 12 18 39 52 48 61 62 78 70 65 56 91 66 76 80 89 62 82 77 68 70 74 61 85 73 84 72 77 84 70 87 96 71 69 76 78 77 78 72 68 71 61 76 84 82 81 91 73 83 81 77 76 74 74 72 90 70 77 81 75 68 67 73 56 76 73 75 75 79 80 101 75 76 65 71 67 56 76 54 74 69 90 78 81 59 82 73 85 73 78 68 64 81 81 86 75 80 82 78 79 75 69 71 67 47 51 34 39 22 18 12 0 0 0 0 0 0 0 0 
0 0 0 0 0 0 0 0 5 16 24 31 55 55 60 59 85 90 89 92 79 72 78 79 76 58 59 95 68 77 68 80 80 67 70 98 60 74 73 74 76 80 71 78 73 79 84 82 79 75 64 88 79 86 73 84 74 82 69 72 93 83 86 74 97 90 92 70 68 63 79 89 68 82 78 96 79 64 74 62 85 69 82 85 90 66 83 72 91 71 87 83 59 66 75 88 78 85 96 85 73 88 74 61 79 80 73 82 68 94 84 61 64 45 49 45 37 24 20 10 0 0 0 0 0 0 0 0 
0 0 0 0 0 0 0 0 6 12 20 39 47 48 57 78 90 77 56 74 73 90 60 69 82 82 95 86 74 81 67 57 76 78 63 73 73 80 88 67 84 75 84 74 72 72 78 79 67 87 90 79 87 78 81 74 85 82 83 69 93 71 76 70 72 63 86 93 76 74 80 68 79 64 82 70 88 72 89 67 74 78 66 85 80 80 74 64 78 76 80 81 79 77 95 60 93 87 69 83 82 86 76 92 91 56 77 57 68 73 87 76 76 53 47 43 36 25 11 3 0 0 0 0 0 0 0 0 
0 0 0 0 0 0 0 2 6 15 18 27 44 46 55 89 69 79 68 63 73 81 75 79 71 87 78 80 82 86 83 64 71 94 72 87 77 73 72 79 71 82 76 83 65 79 74 84 76 85 75 68 73 64 85 90 80 56 69 82 84 66 69 91 92 75 79 79 83 74 63 74 50 85 90 65 94 74 77 75 58 75 81 74 104 78 87 85 94 72 79 80 67 81 87 75 66 62 78 88 68 75 70 60 99 79 76 77 79 60 77 85 65 57 55 42 30 18 14 6 0 0 0 0 0 0 0 0 
0 0 0 0 0 0 0 1 8 23 28 37 41 59 67 70 80 67 67 73 62 75 86 79 71 75 68 84 71 83 71 86 94 75 71 86 91 73 76 89 74 79 84 79 71 74 81 72 72 77 81 79 84 77 73 86 76 49 76 62 81 65 66 66 78 67 90 88 69 92 60 80 76 78 86 95 84 65 78 65 88 71 72 64 68 72 79 76 75 82 57 97 76 87 84 76 75 86 84 81 78 75 77 85 69 76 81 89 90 78 80 82 76 53 58 47 40 29 20 7 0 0 0 0 0 0 0 0 
0 0 0 0 0 0 0 0 6 14 18 30 38 66 48 57 72 76 87 78 78 86 89 93 79 82 88 75 78 75 57 88 48 77 75 74 84 71 90 88 73 78 89 72 75 72 61 70 61 81 76 71 78 86 70 83 85 77 81 86 86 71 72 64 83 74 66 81 82 63 68 80 84 93 66 84 78 58 95 63 80 75 84 66 73 92 67 71 73 74 77 73 95 77 87 83 72 78 85 82 74 71 73 83 79 77 78 70 79 78 85 72 69 76 42 34 42 24 14 3 0 0 0 0 0 0 0 0 
0 0 0 0 0 0 0 1 3 13 22 37 37 58 51 81 60 73 70 64 77 66 84 96 81 86 69 78 84 72 73 82 61 81 80 79 76 66 82 87 82 80 79 85 69 70 69 69 56 81 75 79 79 70 75 83 79 82 77 77 79 72 70 75 67 64 79 101 85 81 74 71 78 67 82 79 66 56 79 94 74 75 81 89 74 82 56 76 72 87 85 92 70 87 75 66 91 88 89 73 82 94 69 77 75 76 76 80 84 94 90 74 67 65 44 33 37 22 13 3 0 0 0 0 0 0 0 0 
0 0 0 0 0 0 0 0 7 19 23 26 37 57 61 67 68 71 79 87 66 92 77 82 78 75 69 85 86 66 75 71 71 79 79 77 80 78 68 81 88 89 81 75 70 73 73 94 82 89 79 75 70 72 72 83 67 78 81 70 60 72 78 64 56 79 81 84 80 80 76 85 97 64 73 75 69 73 78 75 58 73 86 70 68 70 86 78 74 73 81 73 89 91 75 88 72 68 96 70 58 101 69 59 73 64 93 70 88 70 89 50 58 52 43 45 27 23 15 3 0 0 0 0 0 0 0 0 
0 0 0 0 0 0 0 0 3 17 29 29 31 54 51 73 82 76 75 70 71 89 81 80 98 62 90 90 80 74 81 62 78 88 80 86 87 92 70 86 82 71 81 87 82 75 84 70 84 68 79 69 83 68 72 87 72 88 78 75 68 77 92 76 90 69 82 68 93 75 74 80 87 89 86 81 95 80 87 82 71 79 103 81 53 89 73 78 72 68 72 82 73 68 73 79 80 92 83 71 67 73 80 85 84 89 69 89 68 82 62 78 61 50 53 37 32 18 18 7 0 0 0 0 0 0 0 0 
0 0 0 0 0 0 0 1 6 12 24 26 33 40 67 62 69 71 88 67 91 85 82 91 76 63 68 77 74 70 69 80 62 76 76 100 67 86 73 70 85 74 81 72 72 82 73 80 76 76 71 90 78 67 88 87 54 83 75 75 82 103 66 87 81 87 99 74 89 91 78 54 67 71 65 92 66 80 79 72 73 76 90 88 71 83 93 61 79 83 57 72 78 82 69 84 94 67 72 88 84 89 72 71 75 73 65 89 74 67 78 86 59 49 62 40 31 27 14 8 1 0 0 0 0 0 0 0 
0 0 0 0 0 0 0 1 4 10 26 34 35 29 57 59 92 84 78 83 67 73 80 80 80 88 67 80 71 77 90 76 77 87 76 86 86 74 86 65 67 68 78 77 74 94 78 71 59 87 86 75 89 70 90 84 88 71 73 75 70 66 76 90 82 87 71 73 72 85 86 70 78 77 73 70 90 63 73 89 84 76 78 79 73 72 65 63 85 81 87 84 84 68 88 66 62 91 68 98 66 79 78 79 84 68 65 72 76 78 59 89 60 71 48 39 28 28 13 5 1 0 0 0 0 0 0 0 
0 0 0 0 0 0 0 0 9 14 29 39 41 50 43 81 73 76 75 66 72 73 86 76 74 82 69 86 84 82 74 85 78 84 75 71 71 81 92 91 72 88 86 70 78 75 77 93 75 77 82 61 78 78 68 94 83 79 96 81 90 76 61 73 80 73 73 73 78 75 69 76 83 77 64 82 81 93 79 79 84 76 65 74 86 79 75 87 77 83 86 93 70 88 67 74 85 81 75 95 68 78 66 79 63 79 81 78 64 78 72 72 73 57 52 36 28 21 20 8 0 0 0 0 0 0 0 0 
0 0 0 0 0 0 0 0 5 8 27 33 44 60 65 65 90 86 58 78 87 73 78 75 79 76 81 80 62 80 93 79 85 94 89 78 74 69 91 79 77 96 67 78 84 86 80 89 73 82 75 68 63 87 91 76 76 70 78 85 77 63 75 75 80 65 79 83 79 73 69 75 95 67 78 81 85 84 76 73 78 63 87 86 73 100 70 47 67 73 88 87 62 74 96 63 68 75 76 74 71 71 66 79 66 68 73 67 77 95 75 87 88 50 39 40 38 38 20 7 0 0 0 0 0 0 0 0 
0 0 0 0 0 0 0 1 9 18 23 44 54 66 44 70 85 70 81 88 80 75 72 82 67 85 86 60 74 86 71 79 78 68 84 76 87 85 89 77 91 82 68 79 87 64 84 64 78 81 73 81 77 81 75 85 100 71 89 89 64 91 69 76 84 89 74 69 78 68 72 79 71 79 87 86 72 72 78 61 83 72 79 74 68 75 79 84 88 81 66 78 77 80 76 83 76 84 96 66 87 73 63 74 71 81 81 75 63 78 76 94 82 68 50 47 34 32 12 7 2 0 0 0 0 0 0 0 
0 0 0 0 0 0 0 0 7 22 30 21 36 42 55 90 86 68 73 72 78 72 80 73 75 75 85 80 82 83 63 76 81 85 79 60 89 90 73 70 67 73 67 87 75 90 67 62 76 69 90 79 75 81 86 73 73 73 74 80 86 77 80 57 73 79 69 79 92 84 81 75 65 77 96 76 78 84 82 67 87 69 96 72 81 88 72 76 62 84 72 66 79 70 69 72 72 81 71 87 56 70 69 77 80 72 84 66 80 83 75 77 72 57 45 39 35 26 9 5 0 0 0 0 0 0 0 0 
0 0 0 0 0 0 0 1 7 20 21 36 48 54 61 81 77 57 88 89 88 69 73 75 84 68 60 90 69 87 85 85 90 71 81 78 84 92 75 61 74 59 82 88 82 85 68 82 92 71 81 80 77 98 84 67 84 70 81 77 95 82 69 69 70 89 84 72 82 75 72 84 71 82 75 69 77 71 83 67 85 86 67 91 74 65 76 76 85 83 84 83 75 71 84 72 73 63 82 85 78 89 77 78 93 84 84 71 86 86 72 71 72 59 43 42 40 23 8 4 0 0 0 0 0 0 0 0 
0 0 0 0 0 0 0 0 7 14 21 23 51 49 73 67 64 76 78 71 86 52 85 68 83 77 61 67 70 74 74 89 72 79 79 73 76 83 62 76 70 75 77 76 76 83 74 90 68 67 69 68 64 61 76 84 79 68 84 65 103 81 67 66 88 71 71 77 84 82 77 79 84 68 77 54 77 84 84 68 68 75 68 58 71 68 76 75 76 81 60 60 93 77 57 85 77 77 81 89 65 91 77 54 80 74 79 69 74 74 72 75 63 60 67 28 40 36 12 5 0 0 0 0 0 0 0 0 
0 0 0 0 0 0 0 0 6 16 26 31 48 41 54 74 71 80 80 76 84 59 80 61 86 70 101 75 76 82 89 81 87 79 70 72 82 75 67 84 89 82 68 83 77 80 76 79 80 76 81 88 81 78 77 83 80 84 73 86 69 71 74 78 92 92 83 76 68 77 67 72 84 92 98 73 83 72 84 88 70 71 74 71 78 75 88 97 68 72 88 81 73 73 85 80 72 98 59 68 81 81 82 78 70 77 79 71 85 68 73 59 71 59 54 56 35 30 10 9 0 0 0 0 0 0 0 0 
0 0 0 0 0 0 0 0 6 16 21 27 29 61 55 87 63 80 83 72 69 60 76 72 73 89 76 87 79 79 60 87 81 94 78 89 93 105 78 90 85 84 64 64 76 70 76 80 78 88 76 74 66 77 79 76 76 86 85 79 83 96 80 83 100 61 77 79 95 82 79 96 73 68 73 76 99 82 63 67 78 74 78 74 79 66 95 82 63 76 88 74 65 85 87 97 84 73 68 65 66 53 80 74 98 69 94 70 82 68 68 73 66 61 53 33 33 21 12 7 0 0 0 0 0 0 0 0 
0 0 0 0 0 0 0 0 10 14 30 47 49 41 51 79 86 66 84 66 77 88 72 67 87 95 85 71 94 81 64 79 77 80 80 64 95 89 73 73 72 81 84 63 84 63 89 87 85 66 76 75 76 82 74 76 87 81 80 61 60 79 76 78 80 64 76 85 79 75 87 81 81 71 83 74 70 70 72 75 78 72 66 70 89 79 72 78 72 84 69 73 74 78 66 81 73 71 92 74 76 70 82 78 71 72 87 80 75 80 74 83 76 55 49 33 39 24 11 7 0 0 0 0 0 0 0 0 
0 0 0 0 0 0 0 0 8 12 33 40 47 50 62 73 85 67 66 85 90 88 90 63 82 68 84 90 60 83 86 73 86 74 75 84 72 74 59 84 82 91 68 71 65 83 74 80 90 74 78 69 65 84 91 82 79 74 76 82 67 79 78 72 83 66 97 80 85 65 68 79 87 70 71 75 72 68 94 69 83 75 87 98 73 91 79 66 77 77 76 73 75 95 71 83 63 83 82 77 79 82 63 65 69 79 72 68 69 88 58 68 65 50 61 42 30 23 17 6 1 0 0 0 0 0 0 0 
0 0 0 0 0 0 0 0 6 11 27 39 40 46 62 64 66 80 62 89 74 77 77 69 67 68 72 84 70 78 66 79 84 73 94 58 82 68 74 77 103 78 76 76 80 75 104 70 55 72 73 75 67 70 90 72 76 80 78 71 75 83 74 72 84 87 94 79 77 76 68 80 72 79 69 93 76 87 63 81 75 84 93 65 78 68 83 78 71 84 92 71 65 78 75 66 71 65 86 63 72 71 74 63 80 87 72 85 87 77 69 78 69 74 62 49 39 29 15 12 0 0 0 0 0 0 0 0 
0 0 0 0 0 0 0 0 6 11 28 21 40 55 58 66 85 70 105 70 85 66 78 82 71 68 78 84 61 87 70 76 80 64 75 85 73 90 61 88 61 88 80 86 78 77 81 93 68 79 61 78 76 91 70 67 66 77 85 61 64 78 67 78 71 74 87 73 57 84 81 64 91 72 82 79 82 100 85 73 92 77 92 77 89 86 85 68 67 77 82 61 87 82 81 62 80 72 76 86 61 83 78 80 66 81 76 89 79 63 69 73 73 65 56 37 24 22 15 6 0 0 0 0 0 0 0 0 
0 0 0 0 0 0 0 0 7 17 18 44 56 51 57 65 70 64 68 81 79 78 77 76 82 72 60 58 67 75 80 82 72 61 68 72 88 72 72 69 86 82 82 93 85 76 87 77 71 82 76 85 69 74 82 71 76 78 73 86 76 77 75 81 78 51 72 68 73 77 83 78 63 67 82 77 79 91 79 71 85 81 76 83 67 73 80 84 65 76 69 67 54 98 90 79 80 68 84 77 57 85 85 80 78 58 76 75 71 78 89 62 77 61 61 39 51 23 13 7 1 0 0 0 0 0 0 0 
0 0 0 0 0 0 0 0 6 13 25 36 42 45 46 65 71 62 82 88 83 81 71 77 71 92 86 80 70 79 79 56 69 75 77 82 73 71 64 81 75 76 61 85 83 83 70 88 88 90 80 73 86 77 66 83 77 77 75 84 79 79 73 78 70 82 76 70 74 71 75 67 67 72 88 75 86 76 77 69 81 73 68 72 72 67 81 86 69 61 76 83 64 68 69 81 83 86 90 74 75 76 74 89 80 85 81 68 81 93 82 87 82 58 39 43 33 27 26 5 0 0 0 0 0 0 0 0 
0 0 0 0 0 0 0 0 6 13 18 27 41 62 63 57 94 73 83 77 75 95 68 75 89 85 85 82 89 73 74 94 85 82 79 78 74 70 78 79 93 85 82 73 91 84 83 61 78 85 62 73 79 85 76 71 97 96 86 69 63 89 78 73 81 80 89 82 79 74 61 83 90 74 83 61 73 71 62 84 82 71 86 86 64 65 70 78 82 87 75 79 74 76 74 82 86 87 87 74 63 67 60 61 95 64 80 64 69 67 85 65 61 57 39 45 39 22 17 2 0 0 0 0 0 0 0 0 
0 0 0 0 0 0 0 1 7 17 21 44 50 59 61 77 58 76 60 80 75 81 63 69 102 64 76 80 61 86 77 86 77 89 74 85 75 77 86 70 87 67 73 86 58 72 80 70 76 76 63 80 65 77 84 102 73 86 72 74 93 59 77 94 86 74 69 69 81 80 74 59 92 69 71 62 91 91 70 87 66 75 80 71 94 88 73 87 55 88 88 88 80 94 74 80 92 98 77 79 83 73 77 82 77 83 87 89 72 78 59 74 68 58 43 52 30 31 26 5 0 0 0 0 0 0 0 0 
0 0 0 0 0 0 0 2 6 12 24 33 33 54 56 54 80 89 68 67 78 76 76 77 74 89 66 78 70 73 89 73 73 68 81 95 70 83 79 81 76 89 69 72 70 71 71 88 83 78 89 86 78 84 72 69 70 92 79 79 79 68 88 80 79 71 95 88 88 65 78 76 72 79 67 71 72 69 71 87 78 81 84 75 72 89 79 84 77 76 97 86 76 79 91 78 65 72 75 102 68 94 80 69 81 89 75 72 98 76 69 86 67 67 58 51 40 26 14 8 0 0 0 0 0 0 0 0 
0 0 0 0 0 0 0 0 4 13 21 25 38 26 55 54 70 56 58 64 72 54 65 64 73 63 73 58 67 67 75 59 67 58 68 67 61 54 64 65 64 65 67 62 65 61 80 71 49 58 81 59 72 78 51 82 69 56 77 65 59 70 56 64 72 66 65 76 66 63 63 56 61 56 68 63 77 73 79 68 71 77 72 60 66 65 61 72 78 60 67 64 63 58 70 62 68 56 61 59 74 73 68 63 51 72 61 74 71 75 62 85 61 62 39 39 25 20 13 6 0 0 0 0 0 0 0 0 
0 0 0 0 0 0 0 0 1 7 5 18 16 27 18 25 27 21 31 27 21 30 38 24 29 31 40 25 28 30 37 33 26 30 37 31 34 26 35 38 27 26 29 39 36 25 33 26 36 30 28 29 29 33 30 37 28 32 33 33 28 32 36 39 33 26 24 28 36 31 27 39 28 27 31 26 40 21 26 28 34 24 30 30 32 29 24 38 23 24 39 27 20 25 26 35 35 32 34 26 36 32 32 27 30 25 31 38 38 34 33 26 29 19 30 16 16 12 5 0 0 0 0 0 0 0 0 0 
0 0 0 0 0 0 0 0 0 0 3 0 3 0 1 3 1 1 3 2 2 3 2 1 3 7 4 1 2 5 2 4 3 4 1 0 2 2 1 3 0 0 2 2 0 0 2 2 3 0 3 0 3 1 5 1 3 0 4 1 0 1 2 3 2 2 0 1 2 1 0 3 4 1 1 3 0 2 2 2 2 3 2 2 4 2 2 1 4 3 5 5 3 0 0 2 3 2 0 1 4 3 2 1 1 2 3 1 3 2 2 1 2 0 0 2 2 0 0 0 0 0 0 0 0 0 0 0 
